Product ;  ; 
Product ;  ; 
Product ; Yield ; Error
V66 ; 1.96075E-14 ; 1.25488E-14
V67 ; 1.06487E-15 ; 6.81517E-16
Cr66 ; 3.72032E-10 ; 2.38101E-10
Cr67 ; 1.4801E-11 ; 9.47264E-12
Cr68 ; 5.0507E-13 ; 3.23245E-13
Cr69 ; 2.22213E-14 ; 1.42216E-14
Cr70 ; 0.0 ; 0.0
Mn66 ; 1.69024E-7 ; 1.08175E-7
Mn67 ; 2.46034E-8 ; 1.57462E-8
Mn68 ; 2.07029E-9 ; 1.32498E-9
Mn69 ; 1.38997E-10 ; 8.89582E-11
Mn70 ; 4.74066E-12 ; 3.03402E-12
Mn71 ; 1.4002E-13 ; 8.96125E-14
Mn72 ; 4.84916E-15 ; 3.10346E-15
Fe66 ; 1.36119E-5 ; 8.71162E-6
Fe67 ; 4.54063E-6 ; 2.90601E-6
Fe68 ; 1.36019E-6 ; 8.70522E-7
Fe69 ; 2.26032E-7 ; 1.4466E-7
Fe70 ; 2.92041E-8 ; 1.86906E-8
Fe71 ; 2.1203E-9 ; 1.35699E-9
Fe72 ; 9.2008E-11 ; 5.88851E-11
Fe73 ; 2.48035E-12 ; 1.58742E-12
Fe74 ; 4.71066E-14 ; 3.01482E-14
Fe76 ; 0.0 ; 0.0
Co66 ; 3.38447E-5 ; 2.16606E-5
Co67 ; 3.5755E-5 ; 2.28832E-5
Co68 ; 2.32432E-5 ; 1.48757E-5
Co69 ; 1.34919E-5 ; 8.63481E-6
Co70 ; 4.18058E-6 ; 2.67557E-6
Co71 ; 1.09015E-6 ; 6.97697E-7
Co72 ; 1.21017E-7 ; 7.74508E-8
Co73 ; 1.25017E-8 ; 8.00112E-9
Co74 ; 6.04084E-10 ; 3.86614E-10
Co75 ; 2.75038E-11 ; 1.76025E-11
Co76 ; 4.97069E-13 ; 3.18124E-13
Ni66 ; 2.18731E-5 ; 1.39988E-5
Ni67 ; 4.63965E-5 ; 2.96937E-5
Ni68 ; 9.16628E-5 ; 5.86642E-5
Ni69 ; 1.11746E-4 ; 7.15172E-5
Ni70 ; 1.14156E-4 ; 7.30598E-5
Ni71 ; 6.60392E-5 ; 4.22651E-5
Ni72 ; 2.68137E-5 ; 1.71608E-5
Ni73 ; 6.69093E-6 ; 4.2822E-6
Ni74 ; 1.21017E-6 ; 7.74508E-7
Ni75 ; 1.38019E-7 ; 8.83323E-8
Ni76 ; 9.85137E-9 ; 6.30488E-9
Ni77 ; 3.74052E-10 ; 2.39393E-10
Ni78 ; 9.98139E-12 ; 6.38809E-12
Ni79 ; 3.86874E-13 ; 2.47599E-13
Ni80 ; 0.0 ; 0.0
Ni82 ; 0.0 ; 0.0
Cu66 ; 4.59064E-7 ; 2.93801E-7
Cu67 ; 3.20045E-6 ; 2.04829E-6
Cu68 ; 3.97055E-6 ; 2.54115E-6
Cu68m ; 9.27129E-6 ; 5.93363E-6
Cu69 ; 5.07771E-5 ; 3.24973E-5
Cu70 ; 2.65537E-5 ; 1.69944E-5
Cu70m ; 7.96711E-5 ; 5.09895E-5
Cu71 ; 1.88306E-4 ; 1.20516E-4
Cu72 ; 1.67293E-4 ; 1.07068E-4
Cu73 ; 1.4055E-4 ; 8.99518E-5
Cu74 ; 5.87582E-5 ; 3.76052E-5
Cu75 ; 2.42334E-5 ; 1.55094E-5
Cu76 ; 4.36061E-6 ; 2.79079E-6
Cu77 ; 6.4209E-7 ; 4.10937E-7
Cu78 ; 4.45062E-8 ; 2.8484E-8
Cu79 ; 2.41995E-9 ; 1.54877E-9
Cu80 ; 6.82095E-11 ; 4.36541E-11
Cu81 ; 1.49021E-12 ; 9.53733E-13
Cu82 ; 1.57022E-14 ; 1.00494E-14
Zn66 ; 1.76025E-9 ; 1.12656E-9
Zn67 ; 2.9004E-8 ; 1.85626E-8
Zn68 ; 4.17058E-7 ; 2.66917E-7
Zn69 ; 6.92097E-7 ; 4.42942E-7
Zn69m ; 2.95041E-6 ; 1.88826E-6
Zn70 ; 2.52735E-5 ; 1.61751E-5
Zn71 ; 1.75124E-5 ; 1.1208E-5
Zn71m ; 7.46504E-5 ; 4.77763E-5
Zn72 ; 2.61056E-4 ; 1.67076E-4
Zn73 ; 4.50333E-4 ; 2.88213E-4
Zn74 ; 5.98894E-4 ; 3.83292E-4
Zn75 ; 5.38245E-4 ; 3.44477E-4
Zn76 ; 3.41508E-4 ; 2.18565E-4
Zn77 ; 1.21617E-4 ; 7.78349E-5
Zn78 ; 3.17944E-5 ; 2.03484E-5
Zn79 ; 4.52063E-6 ; 2.8932E-6
Zn80 ; 4.9907E-7 ; 3.19405E-7
Zn81 ; 2.76039E-8 ; 1.76665E-8
Zn82 ; 1.16016E-9 ; 7.42504E-10
Zn83 ; 2.65037E-11 ; 1.69624E-11
Zn84 ; 4.75066E-13 ; 3.04042E-13
Zn86 ; 0.0 ; 0.0
Ga66 ; 1.53021E-13 ; 9.79337E-14
Ga67 ; 9.39131E-12 ; 6.01044E-12
Ga68 ; 3.27046E-10 ; 2.09309E-10
Ga69 ; 1.06015E-8 ; 6.78495E-9
Ga70 ; 1.76025E-7 ; 1.12656E-7
Ga71 ; 2.20031E-6 ; 1.4082E-6
Ga72 ; 7.146E-6 ; 4.57344E-6
Ga72m ; 7.146E-6 ; 4.57344E-6
Ga73 ; 8.00812E-5 ; 5.1252E-5
Ga74 ; 1.1054E-4 ; 7.07459E-5
Ga74m ; 1.1054E-4 ; 7.07459E-5
Ga75 ; 6.16496E-4 ; 3.94557E-4
Ga76 ; 8.29546E-4 ; 5.30909E-4
Ga77 ; 9.81117E-4 ; 6.27915E-4
Ga78 ; 5.86542E-4 ; 3.75387E-4
Ga79 ; 3.09173E-4 ; 1.97871E-4
Ga80 ; 8.39517E-5 ; 5.37291E-5
Ga81 ; 1.72724E-5 ; 1.10543E-5
Ga82 ; 1.87026E-6 ; 1.19697E-6
Ga83 ; 1.63023E-7 ; 1.04335E-7
Ga84 ; 7.24101E-9 ; 4.63425E-9
Ga85 ; 3.11043E-10 ; 1.99068E-10
Ga86 ; 6.21087E-12 ; 3.97495E-12
Ge66 ; 0.0 ; 0.0
Ge67 ; 0.0 ; 0.0
Ge68 ; 4.05057E-14 ; 2.59236E-14
Ge69 ; 3.33046E-12 ; 2.1315E-12
Ge70 ; 2.10029E-10 ; 1.34419E-10
Ge71 ; 3.16044E-9 ; 2.02268E-9
Ge71m ; 3.16044E-9 ; 2.02268E-9
Ge72 ; 1.55022E-7 ; 9.92138E-8
Ge73 ; 1.66023E-6 ; 1.06255E-6
Ge73m ; 3.89054E-7 ; 2.48995E-7
Ge74 ; 1.95327E-5 ; 1.25009E-5
Ge75 ; 1.54922E-5 ; 9.91498E-6
Ge75m ; 1.03664E-4 ; 6.63453E-5
Ge76 ; 5.23703E-4 ; 3.3517E-4
Ge77 ; 0.00113331 ; 7.25317E-4
Ge77m ; 1.69344E-4 ; 1.0838E-4
Ge78 ; 0.00248123 ; 0.00158798
Ge79 ; 0.00144477 ; 9.24651E-4
Ge79m ; 0.00144477 ; 9.24651E-4
Ge80 ; 0.00266984 ; 0.0017087
Ge81 ; 0.0012537 ; 8.02371E-4
Ge82 ; 4.9908E-4 ; 3.19411E-4
Ge83 ; 1.05745E-4 ; 6.76766E-5
Ge84 ; 1.71324E-5 ; 1.09647E-5
Ge85 ; 1.85026E-6 ; 1.18417E-6
Ge86 ; 1.38019E-7 ; 8.83323E-8
Ge87 ; 5.41076E-9 ; 3.46288E-9
Ge88 ; 1.80025E-10 ; 1.15216E-10
Ge89 ; 7.75346E-12 ; 4.96221E-12
As69 ; 0.0 ; 0.0
As71 ; 6.23087E-13 ; 3.98776E-13
As72 ; 3.96055E-11 ; 2.53475E-11
As73 ; 1.98028E-9 ; 1.26738E-9
As74 ; 1.39019E-8 ; 8.89724E-9
As74m ; 3.24045E-8 ; 2.07389E-8
As75 ; 1.02014E-6 ; 6.52891E-7
As76 ; 1.07015E-5 ; 6.84896E-6
As77 ; 9.22129E-5 ; 5.90162E-5
As78 ; 3.85014E-4 ; 2.46409E-4
As79 ; 0.00147418 ; 9.43472E-4
As80 ; 0.00285551 ; 0.00182753
As81 ; 0.00422233 ; 0.00270229
As82 ; 0.00185125 ; 0.0011848
As82m ; 0.00185125 ; 0.0011848
As83 ; 0.00266197 ; 0.00170366
As84 ; 4.88483E-4 ; 3.12629E-4
As84m ; 4.88483E-4 ; 3.12629E-4
As85 ; 3.83003E-4 ; 2.45122E-4
As86 ; 6.81695E-5 ; 4.36285E-5
As87 ; 9.82137E-6 ; 6.28568E-6
As88 ; 8.00112E-7 ; 5.12071E-7
As89 ; 4.8499E-8 ; 3.10394E-8
As90 ; 3.56835E-10 ; 2.28374E-10
As91 ; 2.46071E-11 ; 1.57486E-11
As92 ; 6.4304E-13 ; 4.11546E-13
Se72 ; 0.0 ; 0.0
Se73 ; 1.61022E-13 ; 1.03054E-13
Se73m ; 3.78053E-14 ; 2.41954E-14
Se74 ; 1.79025E-11 ; 1.14576E-11
Se75 ; 9.92138E-10 ; 6.34969E-10
Se76 ; 4.00056E-8 ; 2.56036E-8
Se77 ; 1.12016E-7 ; 7.169E-8
Se77m ; 7.46104E-7 ; 4.77507E-7
Se78 ; 1.31218E-5 ; 8.39797E-6
Se79 ; 1.04425E-4 ; 6.68317E-5
Se79m ; 1.56022E-5 ; 9.98539E-6
Se80 ; 7.8547E-4 ; 5.02701E-4
Se81 ; 3.16454E-4 ; 2.02531E-4
Se81m ; 0.00211779 ; 0.00135538
Se82 ; 0.00679116 ; 0.00434634
Se83 ; 0.00814069 ; 0.00521004
Se83m ; 0.00190953 ; 0.0012221
Se84 ; 0.0114558 ; 0.00366585
Se85 ; 0.00494925 ; 0.00316752
Se85m ; 0.00494623 ; 0.00316559
Se86 ; 0.00593276 ; 0.00379697
Se87 ; 0.00196438 ; 0.00125721
Se88 ; 5.7209E-4 ; 3.66138E-4
Se89 ; 8.33616E-5 ; 5.33514E-5
Se90 ; 6.77059E-6 ; 4.33318E-6
Se91 ; 3.42023E-7 ; 2.18895E-7
Se92 ; 1.22011E-8 ; 7.80868E-9
Se93 ; 2.0143E-10 ; 1.28915E-10
Se94 ; 2.79039E-12 ; 1.78585E-12
Se96 ; 0.0 ; 0.0
Br75 ; 3.21045E-14 ; 2.05469E-14
Br77 ; 6.57092E-11 ; 4.20539E-11
Br77m ; 2.20031E-10 ; 1.4082E-10
Br78 ; 1.12016E-8 ; 7.169E-9
Br79 ; 9.22129E-8 ; 5.90162E-8
Br79m ; 3.09043E-7 ; 1.97788E-7
Br80 ; 1.61022E-6 ; 1.03054E-6
Br80m ; 4.82067E-6 ; 3.08523E-6
Br81 ; 6.96197E-5 ; 4.45566E-5
Br82 ; 3.09263E-4 ; 1.97928E-4
Br82m ; 1.32538E-4 ; 8.48246E-5
Br83 ; 0.00211022 ; 0.00135054
Br84 ; 0.00175784 ; 0.00112501
Br84m ; 0.00312628 ; 0.00200082
Br85 ; 0.013727 ; 0.00439263
Br86 ; 0.00792632 ; 0.00507284
Br86m ; 0.00792469 ; 0.0050718
Br87 ; 0.0166492 ; 0.00532774
Br88 ; 0.0105524 ; 0.00337677
Br89 ; 0.00525937 ; 0.003366
Br90 ; 0.0010215 ; 6.53762E-4
Br91 ; 1.91327E-4 ; 1.22449E-4
Br92 ; 1.65923E-5 ; 1.06191E-5
Br93 ; 1.25997E-6 ; 8.06384E-7
Br94 ; 3.68051E-8 ; 2.35553E-8
Br95 ; 4.74155E-10 ; 3.03459E-10
Br96 ; 1.89026E-11 ; 1.20977E-11
Br97 ; 7.02958E-13 ; 4.49893E-13
Kr77 ; 0.0 ; 0.0
Kr78 ; 1.51021E-12 ; 9.66535E-13
Kr79 ; 7.25101E-11 ; 4.64065E-11
Kr79m ; 7.25101E-11 ; 4.64065E-11
Kr80 ; 9.08127E-9 ; 5.81201E-9
Kr81 ; 2.11029E-7 ; 1.35059E-7
Kr81m ; 3.15044E-8 ; 2.01628E-8
Kr82 ; 5.79081E-6 ; 3.70612E-6
Kr83 ; 5.25573E-5 ; 3.36367E-5
Kr83m ; 1.23317E-5 ; 7.8923E-6
Kr84 ; 5.0198E-4 ; 3.21267E-4
Kr85 ; 0.00232728 ; 0.00148946
Kr85m ; 5.53157E-4 ; 3.54021E-4
Kr86 ; 0.0109896 ; 0.00351667
Kr87 ; 0.0227321 ; 0.00522838
Kr88 ; 0.0441579 ; 0.00353263
Kr89 ; 0.0455922 ; 0.00364738
Kr90 ; 0.0293577 ; 0.00939446
Kr91 ; 0.0125045 ; 0.00400144
Kr92 ; 0.00376781 ; 0.0024114
Kr93 ; 6.93457E-4 ; 4.43812E-4
Kr94 ; 7.58106E-5 ; 4.85188E-5
Kr95 ; 6.59045E-6 ; 4.21789E-6
Kr96 ; 3.64051E-7 ; 2.32993E-7
Kr97 ; 9.77066E-9 ; 6.25322E-9
Kr98 ; 2.02028E-10 ; 1.29298E-10
Kr99 ; 1.0716E-11 ; 6.85826E-12
Kr100 ; 1.59022E-14 ; 1.01774E-14
Rb79 ; 0.0 ; 0.0
Rb81 ; 2.91041E-11 ; 1.86266E-11
Rb83 ; 7.61106E-8 ; 4.87108E-8
Rb84 ; 1.4002E-6 ; 8.96125E-7
Rb85 ; 2.93141E-5 ; 1.8761E-5
Rb86 ; 1.24447E-4 ; 7.96463E-5
Rb86m ; 1.24447E-4 ; 7.96463E-5
Rb87 ; 0.00225019 ; 0.00144012
Rb88 ; 0.00653211 ; 0.00418055
Rb89 ; 0.0176875 ; 0.00566
Rb90 ; 0.00543876 ; 0.00348081
Rb90m ; 0.0231867 ; 0.00741974
Rb91 ; 0.0382913 ; 0.0122532
Rb92 ; 0.0240891 ; 0.0077085
Rb93 ; 0.0149553 ; 0.0047857
Rb94 ; 0.0037841 ; 0.00242182
Rb95 ; 0.00115818 ; 7.41236E-4
Rb96 ; 1.56702E-4 ; 1.00289E-4
Rb97 ; 1.58622E-5 ; 1.01518E-5
Rb98 ; 8.05112E-7 ; 5.15272E-7
Rb99 ; 6.70303E-8 ; 4.28994E-8
Rb100 ; 6.25087E-10 ; 4.00056E-10
Rb101 ; 8.70603E-12 ; 5.57186E-12
Rb102 ; 1.8606E-13 ; 1.19078E-13
Sr83 ; 9.35131E-12 ; 5.98484E-12
Sr84 ; 6.41089E-10 ; 4.10297E-10
Sr85 ; 1.68023E-8 ; 1.07535E-8
Sr85m ; 1.68023E-8 ; 1.07535E-8
Sr86 ; 1.04015E-6 ; 6.65693E-7
Sr87 ; 1.51121E-5 ; 9.67175E-6
Sr87m ; 3.54049E-6 ; 2.26592E-6
Sr88 ; 2.23161E-4 ; 1.42823E-4
Sr89 ; 0.001047 ; 6.70078E-4
Sr90 ; 0.00714779 ; 0.00457458
Sr91 ; 0.0201044 ; 0.00643341
Sr92 ; 0.0383065 ; 0.00612904
Sr93 ; 0.048822 ; 0.00537042
Sr94 ; 0.0394511 ; 0.00631218
Sr95 ; 0.025716 ; 0.00822911
Sr96 ; 0.0119631 ; 0.0038282
Sr97 ; 0.00284782 ; 0.0018226
Sr98 ; 5.15432E-4 ; 3.29876E-4
Sr99 ; 5.58408E-5 ; 3.57381E-5
Sr100 ; 3.75052E-6 ; 2.40034E-6
Sr101 ; 1.21008E-7 ; 7.74452E-8
Sr102 ; 3.53031E-9 ; 2.2594E-9
Sr103 ; 0.0 ; 0.0
Sr104 ; 0.0 ; 0.0
Sr105 ; 0.0 ; 0.0
Sr106 ; 0.0 ; 0.0
Y85 ; 1.29018E-12 ; 8.25715E-13
Y87 ; 6.57092E-9 ; 4.20539E-9
Y88 ; 1.90027E-7 ; 1.21617E-7
Y89 ; 6.12085E-7 ; 3.91735E-7
Y89m ; 2.61036E-6 ; 1.67063E-6
Y90 ; 2.62887E-5 ; 1.68247E-5
Y90m ; 2.62887E-5 ; 1.68247E-5
Y91 ; 2.59451E-4 ; 1.66049E-4
Y91m ; 2.59451E-4 ; 1.66049E-4
Y92 ; 0.00208386 ; 0.00133367
Y93 ; 0.00403844 ; 0.0025846
Y93m ; 0.00403844 ; 0.0025846
Y94 ; 0.0175411 ; 0.00403446
Y95 ; 0.0294601 ; 0.00942723
Y96 ; 0.00283816 ; 0.00181642
Y96m ; 0.0255433 ; 0.00587496
Y97 ; 0.0109336 ; 0.00699753
Y97m ; 0.0109336 ; 0.00699753
Y98 ; 0.00428991 ; 0.00274554
Y98m ; 0.00428987 ; 0.00274552
Y99 ; 0.00325719 ; 0.0020846
Y100 ; 5.21353E-4 ; 3.33666E-4
Y101 ; 6.24587E-5 ; 3.99736E-5
Y102 ; 4.40061E-6 ; 2.81639E-6
Y103 ; 5.23073E-13 ; 3.34767E-13
Y104 ; 0.0 ; 0.0
Y105 ; 6.59952E-17 ; 4.22369E-17
Y106 ; 4.95716E-19 ; 3.17258E-19
Y107 ; 5.60859E-13 ; 3.5895E-13
Y108 ; 1.22283E-15 ; 7.82612E-16
Zr87 ; 2.36033E-13 ; 1.51061E-13
Zr88 ; 2.57036E-11 ; 1.64503E-11
Zr89 ; 1.07015E-9 ; 6.84896E-10
Zr90 ; 3.32046E-8 ; 2.1251E-8
Zr90m ; 3.32046E-8 ; 2.1251E-8
Zr91 ; 1.62023E-6 ; 1.03694E-6
Zr92 ; 2.52535E-5 ; 1.61623E-5
Zr93 ; 2.23381E-4 ; 1.42964E-4
Zr94 ; 0.00171613 ; 0.00109832
Zr95 ; 0.00569421 ; 0.0036443
Zr96 ; 0.0175029 ; 0.00560093
Zr97 ; 0.0277176 ; 0.00443481
Zr98 ; 0.033043 ; 0.0105738
Zr99 ; 0.0263265 ; 0.00842449
Zr100 ; 0.0138982 ; 0.00444743
Zr101 ; 0.00377462 ; 0.00241575
Zr102 ; 9.22319E-4 ; 5.90284E-4
Zr103 ; 1.97027E-6 ; 1.26098E-6
Zr104 ; 6.23087E-8 ; 3.98776E-8
Zr105 ; 1.97027E-9 ; 1.26098E-9
Zr106 ; 2.02028E-11 ; 1.29298E-11
Zr107 ; 7.79558E-9 ; 4.98917E-9
Zr108 ; 2.3202E-11 ; 1.48493E-11
Zr109 ; 1.44838E-13 ; 9.26962E-14
Zr110 ; 0.0 ; 0.0
Nb89 ; 1.16016E-14 ; 7.42504E-15
Nb90 ; 1.85026E-12 ; 1.18417E-12
Nb91 ; 1.74024E-10 ; 1.11376E-10
Nb92 ; 6.64093E-9 ; 4.25019E-9
Nb93 ; 1.80025E-7 ; 1.15216E-7
Nb93m ; 4.21059E-8 ; 2.69478E-8
Nb94 ; 2.46034E-6 ; 1.57462E-6
Nb94m ; 1.71024E-6 ; 1.09455E-6
Nb95 ; 3.95955E-5 ; 2.53411E-5
Nb95m ; 9.2913E-6 ; 5.94643E-6
Nb96 ; 3.48579E-4 ; 2.2309E-4
Nb97 ; 0.00151292 ; 9.6827E-4
Nb97m ; 3.5488E-4 ; 2.27123E-4
Nb98 ; 0.0034975 ; 0.0022384
Nb98m ; 0.00116589 ; 7.46171E-4
Nb99 ; 9.35051E-4 ; 5.98432E-4
Nb99m ; 0.010753 ; 0.00344097
Nb100 ; 0.00631861 ; 0.00404391
Nb100m ; 0.00631861 ; 0.00404391
Nb101 ; 0.0107626 ; 0.00344402
Nb102 ; 0.00273858 ; 0.00175269
Nb102m ; 0.00273858 ; 0.00175269
Nb103 ; 0.00201898 ; 0.00129215
Nb104 ; 1.12651E-4 ; 7.20965E-5
Nb104m ; 1.12651E-4 ; 7.20965E-5
Nb105 ; 4.9897E-5 ; 3.19341E-5
Nb106 ; 2.8504E-6 ; 1.82425E-6
Nb107 ; 2.92261E-6 ; 1.87047E-6
Nb108 ; 2.73038E-8 ; 1.74744E-8
Nb109 ; 9.05982E-10 ; 5.79828E-10
Nb110 ; 2.00028E-11 ; 1.28018E-11
Nb111 ; 5.6913E-13 ; 3.64243E-13
Nb112 ; 3.91622E-14 ; 2.50638E-14
Nb113 ; 1.07195E-14 ; 6.86048E-15
Mo90 ; 0.0 ; 0.0
Mo91 ; 0.0 ; 0.0
Mo92 ; 2.69038E-13 ; 1.72184E-13
Mo93 ; 1.15016E-11 ; 7.36103E-12
Mo93m ; 1.15016E-11 ; 7.36103E-12
Mo94 ; 1.66023E-9 ; 1.06255E-9
Mo95 ; 4.74066E-8 ; 3.03402E-8
Mo96 ; 1.27018E-6 ; 8.12913E-7
Mo97 ; 1.64723E-5 ; 1.05423E-5
Mo98 ; 1.4315E-4 ; 9.1616E-5
Mo99 ; 8.17954E-4 ; 5.23491E-4
Mo100 ; 0.00293412 ; 0.00187784
Mo101 ; 0.00526755 ; 0.00337123
Mo102 ; 0.0081612 ; 0.00522317
Mo103 ; 0.00845343 ; 0.00194429
Mo104 ; 0.00313904 ; 0.00200898
Mo105 ; 0.00203488 ; 0.00130233
Mo106 ; 6.87206E-4 ; 4.39812E-4
Mo107 ; 8.83423E-5 ; 5.65391E-5
Mo108 ; 5.42076E-6 ; 3.46928E-6
Mo109 ; 6.04084E-7 ; 3.86614E-7
Mo110 ; 5.61078E-8 ; 3.5909E-8
Mo111 ; 7.91054E-9 ; 5.06274E-9
Mo112 ; 7.43065E-10 ; 4.75561E-10
Mo113 ; 1.48994E-10 ; 9.53562E-11
Mo114 ; 1.04015E-12 ; 6.65693E-13
Mo115 ; 5.34843E-14 ; 3.423E-14
Mo116 ; 0.0 ; 0.0
Tc93 ; 0.0 ; 0.0
Tc95 ; 1.24017E-12 ; 7.93711E-13
Tc95m ; 2.91041E-13 ; 1.86266E-13
Tc97 ; 2.59036E-9 ; 1.65783E-9
Tc97m ; 2.59036E-9 ; 1.65783E-9
Tc98 ; 1.09015E-7 ; 6.97697E-8
Tc99 ; 1.82025E-6 ; 1.16496E-6
Tc99m ; 4.26059E-7 ; 2.72678E-7
Tc100 ; 1.99228E-5 ; 1.27506E-5
Tc101 ; 1.25838E-4 ; 8.0536E-5
Tc102 ; 2.1256E-4 ; 1.36038E-4
Tc102m ; 2.1256E-4 ; 1.36038E-4
Tc103 ; 1.37159E-4 ; 8.77819E-5
Tc104 ; 1.32639E-4 ; 8.48886E-5
Tc105 ; 3.49219E-4 ; 2.235E-4
Tc106 ; 3.08093E-4 ; 1.9718E-4
Tc107 ; 1.33669E-4 ; 8.55479E-5
Tc108 ; 3.06643E-5 ; 1.96251E-5
Tc109 ; 1.56122E-5 ; 9.99179E-6
Tc110 ; 3.75052E-6 ; 2.40034E-6
Tc111 ; 1.51021E-6 ; 9.66535E-7
Tc112 ; 3.11043E-7 ; 1.99068E-7
Tc113 ; 5.58588E-8 ; 3.57496E-8
Tc114 ; 3.68051E-9 ; 2.35553E-9
Tc115 ; 3.34552E-10 ; 2.14113E-10
Tc116 ; 2.67037E-12 ; 1.70904E-12
Tc117 ; 3.59753E-14 ; 2.30242E-14
Tc118 ; 0.0 ; 0.0
Ru95 ; 0.0 ; 0.0
Ru96 ; 0.0 ; 0.0
Ru97 ; 1.66023E-13 ; 1.06255E-13
Ru98 ; 1.31018E-11 ; 8.38517E-12
Ru99 ; 6.85096E-10 ; 4.38461E-10
Ru100 ; 2.31032E-8 ; 1.47861E-8
Ru101 ; 3.62051E-7 ; 2.31712E-7
Ru102 ; 4.37061E-6 ; 2.79719E-6
Ru103 ; 3.21045E-9 ; 2.05469E-9
Ru104 ; 1.75024E-8 ; 1.12016E-8
Ru105 ; 2.07029E-7 ; 1.32498E-7
Ru106 ; 1.33019E-6 ; 8.51319E-7
Ru107 ; 3.45048E-5 ; 2.20831E-5
Ru108 ; 4.36361E-5 ; 2.79271E-5
Ru109 ; 3.01792E-5 ; 1.93147E-5
Ru109m ; 3.01792E-5 ; 1.93147E-5
Ru110 ; 5.12271E-5 ; 3.27854E-5
Ru111 ; 3.6175E-5 ; 2.3152E-5
Ru112 ; 2.31332E-5 ; 1.48053E-5
Ru113 ; 8.78123E-6 ; 5.61998E-6
Ru114 ; 2.11029E-6 ; 1.35059E-6
Ru115 ; 2.78704E-7 ; 1.78371E-7
Ru116 ; 1.69024E-8 ; 1.08175E-8
Ru117 ; 5.00034E-10 ; 3.20022E-10
Ru118 ; 7.95111E-12 ; 5.08871E-12
Ru119 ; 7.36103E-14 ; 4.71106E-14
Ru120 ; 0.0 ; 0.0
Ru122 ; 0.0 ; 0.0
Ru124 ; 0.0 ; 0.0
Rh99 ; 0.0 ; 0.0
Rh101 ; 6.76094E-12 ; 4.327E-12
Rh101m ; 2.8804E-11 ; 1.84346E-11
Rh102 ; 5.28074E-10 ; 3.37967E-10
Rh102m ; 5.28074E-10 ; 3.37967E-10
Rh103 ; 0.0 ; 0.0
Rh103m ; 0.0 ; 0.0
Rh104 ; 0.0 ; 0.0
Rh104m ; 0.0 ; 0.0
Rh105 ; 2.78039E-14 ; 1.77945E-14
Rh105m ; 0.0 ; 0.0
Rh106 ; 6.00084E-13 ; 3.84054E-13
Rh106m ; 6.00084E-13 ; 3.84054E-13
Rh107 ; 4.07057E-7 ; 2.60516E-7
Rh108 ; 1.08015E-6 ; 6.91296E-7
Rh108m ; 1.08015E-6 ; 6.91296E-7
Rh109 ; 6.49091E-6 ; 4.15418E-6
Rh109m ; 6.49091E-6 ; 4.15418E-6
Rh110 ; 1.24817E-5 ; 7.98831E-6
Rh110m ; 1.24817E-5 ; 7.98831E-6
Rh111 ; 4.44062E-5 ; 2.842E-5
Rh112 ; 5.35875E-5 ; 3.4296E-5
Rh113 ; 5.96583E-5 ; 3.81813E-5
Rh114 ; 3.17344E-5 ; 2.031E-5
Rh115 ; 1.53921E-5 ; 9.85097E-6
Rh116 ; 2.48035E-6 ; 1.58742E-6
Rh117 ; 3.13044E-7 ; 2.00348E-7
Rh118 ; 1.4302E-8 ; 9.15328E-9
Rh119 ; 5.52077E-10 ; 3.53329E-10
Rh120 ; 1.51021E-11 ; 9.66535E-12
Rh121 ; 4.64065E-13 ; 2.97001E-13
Rh122 ; 1.24017E-14 ; 7.93711E-15
Rh123 ; 0.0 ; 0.0
Rh124 ; 0.0 ; 0.0
Pd99 ; 0.0 ; 0.0
Pd101 ; 0.0 ; 0.0
Pd102 ; 3.92055E-14 ; 2.50915E-14
Pd103 ; 0.0 ; 0.0
Pd104 ; 0.0 ; 0.0
Pd105 ; 0.0 ; 0.0
Pd106 ; 0.0 ; 0.0
Pd107 ; 1.93027E-10 ; 1.23537E-10
Pd107m ; 3.5905E-10 ; 2.29792E-10
Pd108 ; 2.11029E-8 ; 1.35059E-8
Pd109 ; 1.4302E-7 ; 9.15328E-8
Pd109m ; 2.66037E-7 ; 1.70264E-7
Pd110 ; 2.98042E-6 ; 1.90747E-6
Pd111 ; 3.23045E-6 ; 2.06749E-6
Pd111m ; 6.00084E-6 ; 3.84054E-6
Pd112 ; 3.22845E-5 ; 2.06621E-5
Pd113 ; 6.73894E-5 ; 4.31292E-5
Pd114 ; 1.11376E-4 ; 7.12803E-5
Pd115 ; 1.18557E-4 ; 7.58762E-5
Pd116 ; 6.96597E-5 ; 4.45822E-5
Pd117 ; 2.27332E-5 ; 1.45492E-5
Pd118 ; 4.25059E-6 ; 2.72038E-6
Pd119 ; 4.35061E-7 ; 2.78439E-7
Pd120 ; 4.59064E-8 ; 2.93801E-8
Pd121 ; 3.46048E-9 ; 2.21471E-9
Pd122 ; 3.37047E-10 ; 2.1571E-10
Pd123 ; 0.0 ; 0.0
Pd124 ; 0.0 ; 0.0
Pd125 ; 0.0 ; 0.0
Pd126 ; 0.0 ; 0.0
Pd128 ; 0.0 ; 0.0
Pd130 ; 0.0 ; 0.0
Ag103 ; 0.0 ; 0.0
Ag105 ; 0.0 ; 0.0
Ag105m ; 0.0 ; 0.0
Ag106 ; 0.0 ; 0.0
Ag106m ; 0.0 ; 0.0
Ag107 ; 0.0 ; 0.0
Ag107m ; 2.19031E-14 ; 1.4018E-14
Ag108 ; 2.40534E-12 ; 1.53941E-12
Ag108m ; 2.40534E-12 ; 1.53941E-12
Ag109 ; 2.47034E-10 ; 1.58102E-10
Ag109m ; 2.47034E-10 ; 1.58102E-10
Ag110 ; 2.94041E-9 ; 1.88186E-9
Ag110m ; 6.85096E-9 ; 4.38461E-9
Ag111 ; 1.12016E-8 ; 7.169E-9
Ag111m ; 7.46104E-8 ; 4.77507E-8
Ag112 ; 6.26087E-7 ; 4.00696E-7
Ag113 ; 5.21073E-7 ; 3.33487E-7
Ag113m ; 3.49049E-6 ; 2.23391E-6
Ag114 ; 1.4282E-5 ; 9.14048E-6
Ag115 ; 2.51235E-5 ; 1.6079E-5
Ag115m ; 2.51235E-5 ; 1.6079E-5
Ag116 ; 3.31746E-5 ; 2.12318E-5
Ag116m ; 3.31746E-5 ; 2.12318E-5
Ag117 ; 3.82753E-5 ; 2.44962E-5
Ag117m ; 3.82753E-5 ; 2.44962E-5
Ag118 ; 1.74224E-5 ; 1.11504E-5
Ag118m ; 1.74224E-5 ; 1.11504E-5
Ag119 ; 1.31318E-5 ; 8.40437E-6
Ag120 ; 1.66523E-6 ; 1.06575E-6
Ag120m ; 1.66523E-6 ; 1.06575E-6
Ag121 ; 8.93125E-7 ; 5.716E-7
Ag122 ; 1.01014E-7 ; 6.4649E-8
Ag122m ; 1.01014E-7 ; 6.4649E-8
Ag123 ; 2.39033E-12 ; 1.52981E-12
Ag124 ; 2.1503E-13 ; 1.37619E-13
Ag125 ; 5.33074E-14 ; 3.41168E-14
Ag126 ; 0.0 ; 0.0
Ag127 ; 0.0 ; 0.0
Ag128 ; 0.0 ; 0.0
Ag129 ; 1.50377E-10 ; 9.62412E-11
Ag130 ; 1.21017E-11 ; 7.74508E-12
Ag131 ; 4.45375E-13 ; 2.8504E-13
Cd105 ; 0.0 ; 0.0
Cd106 ; 0.0 ; 0.0
Cd107 ; 0.0 ; 0.0
Cd108 ; 0.0 ; 0.0
Cd109 ; 6.24087E-14 ; 3.99416E-14
Cd110 ; 5.31074E-12 ; 3.39887E-12
Cd111 ; 2.08029E-11 ; 1.33139E-11
Cd111m ; 6.97097E-11 ; 4.46142E-11
Cd112 ; 2.22031E-9 ; 1.421E-9
Cd113 ; 7.10099E-9 ; 4.54463E-9
Cd113m ; 2.38033E-8 ; 1.52341E-8
Cd114 ; 3.95055E-7 ; 2.52835E-7
Cd115 ; 7.69107E-7 ; 4.92229E-7
Cd115m ; 2.57036E-6 ; 1.64503E-6
Cd116 ; 1.61723E-5 ; 1.03502E-5
Cd117 ; 1.01514E-5 ; 6.49691E-6
Cd117m ; 3.39847E-5 ; 2.17502E-5
Cd118 ; 7.01198E-5 ; 4.48767E-5
Cd119 ; 2.92141E-5 ; 1.8697E-5
Cd119m ; 2.92141E-5 ; 1.8697E-5
Cd120 ; 4.89568E-5 ; 3.13324E-5
Cd121 ; 1.4152E-5 ; 9.05726E-6
Cd121m ; 1.4152E-5 ; 9.05726E-6
Cd122 ; 2.1183E-5 ; 1.35571E-5
Cd123 ; 7.9011E-7 ; 5.05671E-7
Cd124 ; 3.06043E-7 ; 1.95867E-7
Cd125 ; 2.35033E-7 ; 1.50421E-7
Cd126 ; 4.62064E-8 ; 2.95721E-8
Cd127 ; 7.171E-9 ; 4.58944E-9
Cd128 ; 1.35019E-9 ; 8.64121E-10
Cd129 ; 2.09014E-6 ; 1.33769E-6
Cd130 ; 2.21031E-7 ; 1.4146E-7
Cd131 ; 6.19042E-9 ; 3.96187E-9
Cd132 ; 1.21017E-10 ; 7.74508E-11
Cd133 ; 2.39798E-12 ; 1.53471E-12
Cd134 ; 0.0 ; 0.0
Cd136 ; 0.0 ; 0.0
In107 ; 0.0 ; 0.0
In109 ; 0.0 ; 0.0
In111 ; 0.0 ; 0.0
In112 ; 3.37047E-14 ; 2.1571E-14
In112m ; 1.4402E-13 ; 9.21729E-14
In113 ; 6.83095E-12 ; 4.37181E-12
In113m ; 1.60022E-12 ; 1.02414E-12
In114 ; 6.73094E-11 ; 4.3078E-11
In114m ; 2.02028E-10 ; 1.29298E-10
In115 ; 7.26101E-9 ; 4.64705E-9
In115m ; 1.70024E-9 ; 1.08815E-9
In116 ; 3.86054E-8 ; 2.47074E-8
In116m ; 3.86054E-8 ; 2.47074E-8
In116n ; 3.86054E-8 ; 2.47074E-8
In117 ; 1.02014E-6 ; 6.52891E-7
In117m ; 2.40034E-7 ; 1.53621E-7
In118 ; 3.77053E-6 ; 2.41314E-6
In118m ; 6.30088E-7 ; 4.03256E-7
In118n ; 6.30088E-7 ; 4.03256E-7
In119 ; 1.17216E-5 ; 7.50185E-6
In119m ; 2.75038E-6 ; 1.76025E-6
In120 ; 8.52119E-6 ; 5.45356E-6
In120m ; 8.52119E-6 ; 5.45356E-6
In120n ; 8.52119E-6 ; 5.45356E-6
In121 ; 3.63451E-5 ; 2.32608E-5
In121m ; 8.52119E-6 ; 5.45356E-6
In122 ; 2.23031E-5 ; 1.4274E-5
In122m ; 2.23031E-5 ; 1.4274E-5
In122n ; 2.23031E-5 ; 1.4274E-5
In123 ; 7.62306E-5 ; 4.87876E-5
In123m ; 1.78825E-5 ; 1.14448E-5
In124 ; 4.39761E-5 ; 2.81447E-5
In124m ; 4.39761E-5 ; 2.81447E-5
In125 ; 1.39079E-4 ; 8.90108E-5
In125m ; 1.39079E-4 ; 8.90108E-5
In126 ; 7.74858E-5 ; 4.95909E-5
In126m ; 7.74858E-5 ; 4.95909E-5
In127 ; 5.7388E-5 ; 3.67283E-5
In127m ; 5.7388E-5 ; 3.67283E-5
In128 ; 3.77303E-5 ; 2.41474E-5
In128m ; 3.77303E-5 ; 2.41474E-5
In129 ; 1.74334E-4 ; 1.11574E-4
In129m ; 1.74334E-4 ; 1.11574E-4
In130 ; 2.99208E-5 ; 1.91493E-5
In130m ; 2.99208E-5 ; 1.91493E-5
In130n ; 2.99208E-5 ; 1.91493E-5
In131 ; 5.16572E-6 ; 3.30606E-6
In131m ; 5.16572E-6 ; 3.30606E-6
In132 ; 5.7008E-7 ; 3.64851E-7
In133 ; 1.49997E-8 ; 9.59981E-9
In134 ; 3.77053E-10 ; 2.41314E-10
In135 ; 6.59788E-12 ; 4.22264E-12
In136 ; 2.81039E-14 ; 1.79865E-14
Sn111 ; 0.0 ; 0.0
Sn112 ; 0.0 ; 0.0
Sn113 ; 0.0 ; 0.0
Sn113m ; 0.0 ; 0.0
Sn114 ; 2.8904E-14 ; 1.84986E-14
Sn115 ; 2.59036E-12 ; 1.65783E-12
Sn116 ; 1.4202E-10 ; 9.08927E-11
Sn117 ; 2.20031E-9 ; 1.4082E-9
Sn117m ; 2.20031E-9 ; 1.4082E-9
Sn118 ; 7.34102E-8 ; 4.69826E-8
Sn119 ; 1.23017E-7 ; 7.8731E-8
Sn119m ; 4.11057E-7 ; 2.63077E-7
Sn120 ; 3.29046E-6 ; 2.10589E-6
Sn121 ; 3.52049E-6 ; 2.25311E-6
Sn121m ; 8.6312E-6 ; 5.52397E-6
Sn122 ; 5.45976E-5 ; 3.49425E-5
Sn123 ; 6.77895E-5 ; 4.33853E-5
Sn123m ; 2.76839E-5 ; 1.77177E-5
Sn124 ; 2.26202E-4 ; 1.44769E-4
Sn125 ; 9.09707E-4 ; 5.82212E-4
Sn125m ; 3.71572E-4 ; 2.37806E-4
Sn126 ; 0.00204945 ; 0.00131165
Sn127 ; 0.00233777 ; 0.00149617
Sn127m ; 9.56754E-4 ; 6.12322E-4
Sn128 ; 0.00418988 ; 0.00268152
Sn128m ; 0.00418988 ; 0.00268152
Sn129 ; 0.00522849 ; 0.00334623
Sn129m ; 0.00213511 ; 0.00136647
Sn130 ; 0.00325231 ; 0.00208148
Sn130m ; 0.00325231 ; 0.00208148
Sn131 ; 9.53133E-4 ; 6.10005E-4
Sn131m ; 9.53133E-4 ; 6.10005E-4
Sn132 ; 4.307E-4 ; 2.75648E-4
Sn133 ; 3.14644E-5 ; 2.01372E-5
Sn134 ; 3.27046E-6 ; 2.09309E-6
Sn135 ; 9.17062E-8 ; 5.8692E-8
Sn136 ; 2.78039E-9 ; 1.77945E-9
Sn137 ; 3.90054E-11 ; 2.49635E-11
Sn138 ; 3.29046E-13 ; 2.10589E-13
Sb113 ; 0.0 ; 0.0
Sb115 ; 0.0 ; 0.0
Sb117 ; 5.28074E-13 ; 3.37967E-13
Sb118 ; 1.05015E-11 ; 6.72094E-12
Sb118m ; 1.51021E-11 ; 9.66535E-12
Sb119 ; 7.60106E-10 ; 4.86468E-10
Sb120 ; 4.80067E-9 ; 3.07243E-9
Sb120m ; 6.91096E-9 ; 4.42302E-9
Sb121 ; 1.51021E-7 ; 9.66535E-8
Sb122 ; 6.95097E-7 ; 4.44862E-7
Sb122m ; 7.84109E-7 ; 5.0183E-7
Sb123 ; 2.05029E-7 ; 1.31218E-7
Sb124 ; 3.8472E-7 ; 2.46221E-7
Sb124m ; 3.8472E-7 ; 2.46221E-7
Sb124n ; 3.8472E-7 ; 2.46221E-7
Sb125 ; 2.34833E-5 ; 1.50293E-5
Sb126 ; 3.03142E-5 ; 1.94011E-5
Sb126m ; 2.58086E-5 ; 1.65175E-5
Sb126n ; 2.58086E-5 ; 1.65175E-5
Sb127 ; 4.20349E-4 ; 2.69023E-4
Sb128 ; 8.02812E-4 ; 5.138E-4
Sb128m ; 0.00136679 ; 8.74746E-4
Sb129 ; 0.00805282 ; 0.0025769
Sb130 ; 0.00544477 ; 0.00348465
Sb130m ; 0.00927082 ; 0.00593333
Sb131 ; 0.0150031 ; 0.00480099
Sb132 ; 0.00485251 ; 0.0031056
Sb132m ; 0.00351389 ; 0.00224889
Sb133 ; 0.00239265 ; 0.0015313
Sb134 ; 3.24205E-4 ; 2.07491E-4
Sb134m ; 3.24205E-4 ; 2.07491E-4
Sb135 ; 7.37503E-5 ; 4.72002E-5
Sb136 ; 5.91082E-6 ; 3.78293E-6
Sb137 ; 3.38047E-7 ; 2.1635E-7
Sb138 ; 7.48104E-9 ; 4.78787E-9
Sb139 ; 2.06029E-10 ; 1.31858E-10
Sb140 ; 3.36806E-12 ; 2.15556E-12
Te115 ; 0.0 ; 0.0
Te117 ; 0.0 ; 0.0
Te118 ; 0.0 ; 0.0
Te119 ; 1.14016E-13 ; 7.29702E-14
Te120 ; 6.92097E-12 ; 4.42942E-12
Te121 ; 1.08515E-10 ; 6.94497E-11
Te121m ; 1.08515E-10 ; 6.94497E-11
Te122 ; 7.48104E-9 ; 4.78787E-9
Te123 ; 9.90138E-14 ; 6.33688E-14
Te123m ; 3.32046E-13 ; 2.1251E-13
Te124 ; 1.04015E-11 ; 6.65693E-12
Te125 ; 1.47021E-10 ; 9.40931E-11
Te125m ; 4.93069E-10 ; 3.15564E-10
Te126 ; 1.00014E-8 ; 6.40089E-9
Te127 ; 4.47062E-8 ; 2.8612E-8
Te127m ; 1.09015E-7 ; 6.97697E-8
Te128 ; 4.05057E-6 ; 2.59236E-6
Te129 ; 5.23463E-4 ; 3.35016E-4
Te129m ; 0.00135238 ; 8.65522E-4
Te130 ; 0.00865936 ; 0.00554199
Te131 ; 0.00570725 ; 0.00365264
Te131m ; 0.0134732 ; 0.00431143
Te132 ; 0.0370925 ; 0.00408018
Te133 ; 0.00669736 ; 0.00428631
Te133m ; 0.0338688 ; 0.00778983
Te134 ; 0.0240144 ; 0.00144086
Te135 ; 0.0067894 ; 0.00434521
Te136 ; 0.00207188 ; 0.001326
Te137 ; 3.05493E-4 ; 1.95515E-4
Te138 ; 2.62637E-5 ; 1.68087E-5
Te139 ; 1.93027E-6 ; 1.23537E-6
Te140 ; 6.39056E-8 ; 4.08996E-8
Te141 ; 6.98611E-10 ; 4.47111E-10
Te142 ; 1.75024E-11 ; 1.12016E-11
I121 ; 1.05015E-14 ; 6.72094E-15
I123 ; 0.0 ; 0.0
I125 ; 0.0 ; 0.0
I126 ; 0.0 ; 0.0
I127 ; 1.48021E-14 ; 9.47332E-15
I128 ; 1.4202E-12 ; 9.08927E-13
I129 ; 1.47121E-5 ; 9.41571E-6
I130 ; 1.14646E-4 ; 7.33734E-5
I130m ; 4.91369E-5 ; 3.14476E-5
I131 ; 0.00137742 ; 8.8155E-4
I132 ; 0.00281028 ; 0.00179858
I132m ; 0.00281028 ; 0.00179858
I133 ; 0.00689754 ; 0.00441442
I133m ; 0.00689754 ; 0.00441442
I134 ; 0.0101145 ; 0.00323665
I134m ; 0.00890283 ; 9.79312E-4
I135 ; 0.0283508 ; 0.00311859
I136 ; 0.00986553 ; 0.00631394
I136m ; 0.00986145 ; 0.00631133
I137 ; 0.0105063 ; 0.00336201
I138 ; 0.00218063 ; 0.00139561
I139 ; 6.19206E-4 ; 3.96292E-4
I140 ; 5.22673E-5 ; 3.34511E-5
I141 ; 4.36991E-6 ; 2.79674E-6
I142 ; 1.4602E-7 ; 9.3453E-8
I143 ; 8.59091E-10 ; 5.49818E-10
I144 ; 2.74083E-11 ; 1.75413E-11
I145 ; 6.38202E-13 ; 4.0845E-13
Xe124 ; 0.0 ; 0.0
Xe125 ; 0.0 ; 0.0
Xe125m ; 0.0 ; 0.0
Xe126 ; 0.0 ; 0.0
Xe127 ; 0.0 ; 0.0
Xe127m ; 0.0 ; 0.0
Xe128 ; 0.0 ; 0.0
Xe129 ; 6.75094E-9 ; 4.3206E-9
Xe129m ; 6.75094E-9 ; 4.3206E-9
Xe130 ; 5.63079E-7 ; 3.6037E-7
Xe131 ; 3.53049E-6 ; 2.25952E-6
Xe131m ; 8.64121E-6 ; 5.53037E-6
Xe132 ; 2.01888E-4 ; 1.29208E-4
Xe133 ; 3.64851E-4 ; 2.33505E-4
Xe133m ; 8.90744E-4 ; 5.70076E-4
Xe134 ; 0.00257487 ; 0.00164792
Xe134m ; 0.00600804 ; 0.00384514
Xe135 ; 0.00645867 ; 0.0029064
Xe135m ; 0.01084 ; 0.00346881
Xe136 ; 0.0455996 ; 0.0145919
Xe137 ; 0.0526068 ; 0.0168342
Xe138 ; 0.0361734 ; 0.00289387
Xe139 ; 0.0240757 ; 0.00144454
Xe140 ; 0.00732439 ; 0.00468761
Xe141 ; 0.00146626 ; 9.38409E-4
Xe142 ; 1.92267E-4 ; 1.23051E-4
Xe143 ; 5.9704E-6 ; 3.82106E-6
Xe143m ; 5.9704E-6 ; 3.82106E-6
Xe144 ; 5.20045E-7 ; 3.32829E-7
Xe145 ; 8.8706E-9 ; 5.67718E-9
Xe146 ; 1.22017E-10 ; 7.80909E-11
Xe147 ; 3.00969E-12 ; 1.9262E-12
Xe148 ; 0.0 ; 0.0
Xe150 ; 0.0 ; 0.0
Cs127 ; 0.0 ; 0.0
Cs129 ; 4.12058E-13 ; 2.63717E-13
Cs131 ; 3.94055E-9 ; 2.52195E-9
Cs132 ; 1.82025E-7 ; 1.16496E-7
Cs133 ; 4.68065E-6 ; 2.99562E-6
Cs134 ; 4.11507E-5 ; 2.63365E-5
Cs134m ; 4.11507E-5 ; 2.63365E-5
Cs135 ; 3.37082E-4 ; 2.15733E-4
Cs135m ; 3.37082E-4 ; 2.15733E-4
Cs136 ; 0.00189421 ; 0.00121229
Cs136m ; 0.00189421 ; 0.00121229
Cs137 ; 0.0146614 ; 0.00469166
Cs138 ; 0.00696935 ; 0.00313621
Cs138m ; 0.00760881 ; 0.00175003
Cs139 ; 0.0357144 ; 0.00392858
Cs140 ; 0.0301554 ; 0.00964973
Cs141 ; 0.0199896 ; 0.00639667
Cs142 ; 0.006287 ; 0.00402368
Cs143 ; 0.00151473 ; 9.69428E-4
Cs144 ; 1.79045E-4 ; 1.14589E-4
Cs145 ; 1.25017E-5 ; 8.00112E-6
Cs146 ; 4.71066E-7 ; 3.01482E-7
Cs147 ; 1.8826E-8 ; 1.20487E-8
Cs148 ; 1.64023E-10 ; 1.04975E-10
Cs149 ; 2.4823E-12 ; 1.58867E-12
Cs150 ; 1.65023E-14 ; 1.05615E-14
Ba129 ; 0.0 ; 0.0
Ba131 ; 1.30018E-13 ; 8.32116E-14
Ba132 ; 2.60036E-11 ; 1.66423E-11
Ba133 ; 1.90027E-9 ; 1.21617E-9
Ba134 ; 1.37019E-7 ; 8.76922E-8
Ba135 ; 1.50521E-6 ; 9.633339E-7
Ba135m ; 1.50521E-6 ; 9.633339E-7
Ba136 ; 3.24595E-5 ; 2.07741E-5
Ba136m ; 3.24595E-5 ; 2.07741E-5
Ba137 ; 1.78485E-4 ; 1.1423E-4
Ba137m ; 4.36991E-4 ; 2.79674E-4
Ba138 ; 0.00349225 ; 0.00223504
Ba139 ; 0.0106743 ; 0.00341576
Ba140 ; 0.0318485 ; 0.00732515
Ba141 ; 0.0425816 ; 0.0136261
Ba142 ; 0.0447042 ; 0.0143054
Ba143 ; 0.024914 ; 0.00797247
Ba144 ; 0.0110974 ; 0.00355117
Ba145 ; 0.00196259 ; 0.00125606
Ba146 ; 2.93471E-4 ; 1.87821E-4
Ba147 ; 1.56834E-5 ; 1.00374E-5
Ba148 ; 1.04015E-6 ; 6.65693E-7
Ba149 ; 3.45023E-8 ; 2.20815E-8
Ba150 ; 1.00014E-9 ; 6.40089E-10
Ba151 ; 1.08708E-11 ; 6.95733E-12
Ba152 ; 1.75024E-13 ; 1.12016E-13
Ba154 ; 0.0 ; 0.0
La133 ; 2.52035E-14 ; 1.61303E-14
La135 ; 4.67065E-10 ; 2.98922E-10
La137 ; 1.01014E-6 ; 6.4649E-7
La138 ; 1.4232E-5 ; 9.10847E-6
La139 ; 1.83426E-4 ; 1.17392E-4
La140 ; 0.00365808 ; 0.00234117
La141 ; 0.00502104 ; 0.00321347
La142 ; 0.0116426 ; 0.00372563
La143 ; 0.0210175 ; 0.0067256
La144 ; 0.0217886 ; 0.00348618
La145 ; 0.0133259 ; 0.00426428
La146 ; 0.00238065 ; 0.00152362
La146m ; 0.00238065 ; 0.00152362
La147 ; 9.39351E-4 ; 6.01185E-4
La148 ; 1.52971E-4 ; 9.79017E-5
La149 ; 1.87826E-5 ; 1.20209E-5
La150 ; 1.32018E-6 ; 8.44918E-7
La151 ; 6.79986E-8 ; 4.35191E-8
La152 ; 2.1203E-9 ; 1.35699E-9
La153 ; 5.90082E-11 ; 3.77653E-11
La154 ; 7.45104E-13 ; 4.76867E-13
La155 ; 2.56144E-14 ; 1.63932E-14
Ce135 ; 0.0 ; 0.0
Ce137 ; 1.74024E-10 ; 1.11376E-10
Ce138 ; 9.69135E-9 ; 6.20247E-9
Ce139 ; 9.54133E-8 ; 6.10645E-8
Ce139m ; 2.34033E-7 ; 1.49781E-7
Ce140 ; 7.9111E-6 ; 5.06311E-6
Ce141 ; 8.33416E-5 ; 5.33386E-5
Ce142 ; 6.73654E-4 ; 4.31139E-4
Ce143 ; 0.00340505 ; 0.00217923
Ce144 ; 0.0100725 ; 0.00322321
Ce145 ; 0.0150525 ; 0.00346207
Ce146 ; 0.0179206 ; 0.0028673
Ce147 ; 0.00777837 ; 0.00497815
Ce148 ; 0.00428852 ; 0.00274465
Ce149 ; 0.00119587 ; 7.65355E-4
Ce150 ; 2.91851E-4 ; 1.86784E-4
Ce151 ; 3.53549E-5 ; 2.26272E-5
Ce152 ; 4.01056E-6 ; 2.56676E-6
Ce153 ; 2.64037E-7 ; 1.68984E-7
Ce154 ; 1.24017E-8 ; 7.93711E-9
Ce155 ; 3.56024E-10 ; 2.27855E-10
Ce156 ; 7.42104E-12 ; 4.74946E-12
Ce157 ; 7.83109E-14 ; 5.0119E-14
Ce158 ; 0.0 ; 0.0
Ce160 ; 0.0 ; 0.0
Pr139 ; 1.99028E-11 ; 1.27378E-11
Pr140 ; 1.25017E-9 ; 8.00112E-10
Pr141 ; 4.77067E-8 ; 3.05323E-8
Pr142 ; 5.30074E-7 ; 3.39247E-7
Pr142m ; 5.30074E-7 ; 3.39247E-7
Pr143 ; 1.80825E-5 ; 1.15728E-5
Pr144 ; 1.64823E-5 ; 1.05487E-5
Pr144m ; 1.48311E-4 ; 9.49188E-5
Pr145 ; 8.00902E-4 ; 5.12577E-4
Pr146 ; 0.00201509 ; 0.00128966
Pr147 ; 0.00306807 ; 0.00196356
Pr148 ; 0.00204132 ; 0.00130644
Pr148m ; 0.00204132 ; 0.00130644
Pr149 ; 0.00357546 ; 0.00228829
Pr150 ; 0.00182072 ; 0.00116526
Pr151 ; 7.24291E-4 ; 4.63546E-4
Pr152 ; 1.84716E-4 ; 1.18218E-4
Pr153 ; 4.16358E-5 ; 2.66469E-5
Pr154 ; 4.65065E-6 ; 2.97642E-6
Pr155 ; 4.75066E-7 ; 3.04042E-7
Pr156 ; 2.35033E-8 ; 1.50421E-8
Pr157 ; 9.2813E-10 ; 5.94003E-10
Pr158 ; 1.93027E-11 ; 1.23537E-11
Pr159 ; 2.99042E-13 ; 1.91387E-13
Pr160 ; 0.0 ; 0.0
Nd140 ; 3.02042E-14 ; 1.93307E-14
Nd141 ; 2.95041E-12 ; 1.88826E-12
Nd142 ; 2.67037E-10 ; 1.70904E-10
Nd143 ; 1.25017E-8 ; 8.00112E-9
Nd144 ; 4.80067E-7 ; 3.07243E-7
Nd145 ; 6.17086E-6 ; 3.94935E-6
Nd146 ; 6.02484E-5 ; 3.8559E-5
Nd147 ; 2.53665E-4 ; 1.62346E-4
Nd148 ; 9.95439E-4 ; 6.37081E-4
Nd149 ; 0.00183389 ; 0.00117369
Nd150 ; 0.00284119 ; 0.00181836
Nd151 ; 0.00226707 ; 0.00145092
Nd152 ; 0.00179387 ; 0.00114808
Nd153 ; 8.36297E-4 ; 5.3523E-4
Nd154 ; 3.11844E-4 ; 1.9958E-4
Nd155 ; 7.06199E-5 ; 4.51967E-5
Nd156 ; 1.20717E-5 ; 7.72588E-6
Nd157 ; 1.14016E-6 ; 7.29702E-7
Nd158 ; 8.50119E-8 ; 5.44076E-8
Nd159 ; 3.23045E-9 ; 2.06749E-9
Nd160 ; 1.11015E-10 ; 7.10499E-11
Nd161 ; 1.73024E-12 ; 1.10735E-12
Nd162 ; 2.1803E-14 ; 1.39539E-14
Nd163 ; 0.0 ; 0.0
Nd164 ; 0.0 ; 0.0
Pm141 ; 0.0 ; 0.0
Pm143 ; 2.8704E-13 ; 1.83706E-13
Pm144 ; 3.15044E-11 ; 2.01628E-11
Pm145 ; 1.68023E-9 ; 1.07535E-9
Pm146 ; 4.47062E-8 ; 2.8612E-8
Pm147 ; 6.56092E-7 ; 4.19899E-7
Pm148 ; 2.1403E-6 ; 1.36979E-6
Pm148m ; 4.9907E-6 ; 3.19405E-6
Pm149 ; 4.61264E-5 ; 2.95209E-5
Pm150 ; 1.55522E-4 ; 9.95339E-5
Pm151 ; 3.93695E-4 ; 2.51965E-4
Pm152 ; 2.10736E-4 ; 1.34871E-4
Pm152m ; 2.10736E-4 ; 1.34871E-4
Pm152n ; 2.10736E-4 ; 1.34871E-4
Pm153 ; 8.73192E-4 ; 5.58843E-4
Pm154 ; 3.28576E-4 ; 2.10289E-4
Pm154m ; 3.28576E-4 ; 2.10289E-4
Pm155 ; 4.56544E-4 ; 2.92188E-4
Pm156 ; 1.63823E-4 ; 1.04847E-4
Pm157 ; 5.23673E-5 ; 3.35151E-5
Pm158 ; 8.76122E-6 ; 5.60718E-6
Pm159 ; 1.19017E-6 ; 7.61706E-7
Pm160 ; 9.58134E-8 ; 6.13206E-8
Pm161 ; 5.37075E-9 ; 3.43728E-9
Pm162 ; 1.67023E-10 ; 1.06895E-10
Pm163 ; 4.76066E-12 ; 3.04683E-12
Pm164 ; 7.75108E-14 ; 4.96069E-14
Pm165 ; 0.0 ; 0.0
Sm143 ; 0.0 ; 0.0
Sm143m ; 0.0 ; 0.0
Sm144 ; 0.0 ; 0.0
Sm145 ; 4.67065E-14 ; 2.98922E-14
Sm146 ; 5.23073E-12 ; 3.34767E-12
Sm147 ; 2.06029E-10 ; 1.31858E-10
Sm148 ; 8.76122E-9 ; 5.60718E-9
Sm149 ; 1.4002E-7 ; 8.96125E-8
Sm150 ; 1.69024E-6 ; 1.08175E-6
Sm151 ; 9.82137E-6 ; 6.28568E-6
Sm152 ; 5.30974E-5 ; 3.39823E-5
Sm153 ; 1.53131E-4 ; 9.80041E-5
Sm154 ; 3.6039E-4 ; 2.3065E-4
Sm155 ; 4.92419E-4 ; 3.15148E-4
Sm156 ; 5.23803E-4 ; 3.35234E-4
Sm157 ; 3.40928E-4 ; 2.18194E-4
Sm158 ; 1.77335E-4 ; 1.13494E-4
Sm159 ; 5.26974E-5 ; 3.37263E-5
Sm160 ; 1.4152E-5 ; 9.05726E-6
Sm161 ; 1.80025E-6 ; 1.15216E-6
Sm162 ; 2.02028E-7 ; 1.29298E-7
Sm163 ; 1.36019E-8 ; 8.70522E-9
Sm164 ; 7.97111E-10 ; 5.10151E-10
Sm165 ; 2.37033E-11 ; 1.51701E-11
Sm166 ; 5.41076E-13 ; 3.46288E-13
Sm167 ; 0.0 ; 0.0
Sm168 ; 0.0 ; 0.0
Sm170 ; 0.0 ; 0.0
Eu147 ; 0.0 ; 0.0
Eu149 ; 1.4602E-11 ; 9.3453E-12
Eu151 ; 9.22129E-9 ; 5.90162E-9
Eu152 ; 3.96722E-8 ; 2.53902E-8
Eu152m ; 3.96722E-8 ; 2.53902E-8
Eu152n ; 3.96722E-8 ; 2.53902E-8
Eu153 ; 1.18016E-6 ; 7.55305E-7
Eu154 ; 3.15544E-6 ; 2.01948E-6
Eu154m ; 3.15544E-6 ; 2.01948E-6
Eu155 ; 2.78739E-5 ; 1.78393E-5
Eu156 ; 6.10385E-5 ; 3.90647E-5
Eu157 ; 1.22787E-4 ; 7.85838E-5
Eu158 ; 1.25037E-4 ; 8.0024E-5
Eu159 ; 1.13226E-4 ; 7.24645E-5
Eu160 ; 6.11785E-5 ; 3.91543E-5
Eu161 ; 2.45734E-5 ; 1.5727E-5
Eu162 ; 6.11085E-6 ; 3.91095E-6
Eu163 ; 1.39019E-6 ; 8.89724E-7
Eu164 ; 1.86026E-7 ; 1.19057E-7
Eu165 ; 2.01028E-8 ; 1.28658E-8
Eu166 ; 1.09015E-9 ; 6.97697E-10
Eu167 ; 4.84068E-11 ; 3.09803E-11
Eu168 ; 1.15016E-12 ; 7.36103E-13
Eu169 ; 2.44034E-14 ; 1.56182E-14
Eu170 ; 0.0 ; 0.0
Gd147 ; 0.0 ; 0.0
Gd149 ; 0.0 ; 0.0
Gd151 ; 9.01126E-13 ; 5.7672E-13
Gd152 ; 4.34061E-11 ; 2.77799E-11
Gd153 ; 1.02014E-9 ; 6.52891E-10
Gd154 ; 2.00028E-8 ; 1.28018E-8
Gd155 ; 2.03028E-7 ; 1.29938E-7
Gd156 ; 1.52021E-6 ; 9.72936E-7
Gd157 ; 6.83095E-6 ; 4.37181E-6
Gd158 ; 2.21931E-5 ; 1.42036E-5
Gd159 ; 4.17758E-5 ; 2.67365E-5
Gd160 ; 6.74994E-5 ; 4.31996E-5
Gd161 ; 5.30074E-5 ; 3.39247E-5
Gd162 ; 4.04756E-5 ; 2.59044E-5
Gd163 ; 1.87326E-5 ; 1.19889E-5
Gd164 ; 8.05112E-6 ; 5.15272E-6
Gd165 ; 1.95027E-6 ; 1.24817E-6
Gd166 ; 3.6105E-7 ; 2.31072E-7
Gd167 ; 3.81053E-8 ; 2.43874E-8
Gd168 ; 3.22045E-9 ; 2.06109E-9
Gd169 ; 1.62023E-10 ; 1.03694E-10
Gd170 ; 6.34089E-12 ; 4.05817E-12
Gd171 ; 1.34019E-13 ; 8.5772E-14
Gd172 ; 0.0 ; 0.0
Tb151 ; 0.0 ; 0.0
Tb153 ; 2.95041E-14 ; 1.88826E-14
Tb155 ; 5.25073E-11 ; 3.36047E-11
Tb156 ; 8.33116E-10 ; 5.33194E-10
Tb156m ; 9.26129E-11 ; 5.92723E-11
Tb157 ; 1.51021E-8 ; 9.66535E-9
Tb158 ; 1.01014E-7 ; 6.4649E-8
Tb158m ; 1.12016E-8 ; 7.169E-9
Tb159 ; 7.31102E-7 ; 4.67905E-7
Tb160 ; 2.54035E-6 ; 1.62583E-6
Tb161 ; 6.27088E-6 ; 4.01336E-6
Tb162 ; 4.91069E-6 ; 3.14284E-6
Tb162m ; 4.91069E-6 ; 3.14284E-6
Tb163 ; 1.35119E-5 ; 8.64761E-6
Tb164 ; 1.13816E-5 ; 7.28422E-6
Tb165 ; 8.56119E-6 ; 5.47916E-6
Tb166 ; 3.27046E-6 ; 2.09309E-6
Tb167 ; 1.15016E-6 ; 7.36103E-7
Tb168 ; 2.1503E-7 ; 1.37619E-7
Tb169 ; 3.75052E-8 ; 2.40034E-8
Tb170 ; 3.50049E-9 ; 2.24031E-9
Tb171 ; 2.65037E-10 ; 1.69624E-10
Tb172 ; 1.04015E-11 ; 6.65693E-12
Dy155 ; 0.0 ; 0.0
Dy156 ; 8.86124E-14 ; 5.67119E-14
Dy157 ; 3.5805E-12 ; 2.29152E-12
Dy158 ; 9.57134E-11 ; 6.12565E-11
Dy159 ; 1.51021E-9 ; 9.66535E-10
Dy160 ; 1.83026E-8 ; 1.17136E-8
Dy161 ; 1.02014E-7 ; 6.52891E-8
Dy162 ; 5.48076E-7 ; 3.50769E-7
Dy163 ; 1.60022E-6 ; 1.02414E-6
Dy164 ; 4.17058E-6 ; 2.66917E-6
Dy165 ; 5.55077E-6 ; 3.5525E-6
Dy165m ; 8.29116E-7 ; 5.30634E-7
Dy166 ; 7.22101E-6 ; 4.62145E-6
Dy167 ; 5.12071E-6 ; 3.27726E-6
Dy168 ; 2.94041E-6 ; 1.88186E-6
Dy169 ; 1.07015E-6 ; 6.84896E-7
Dy170 ; 3.39047E-7 ; 2.1699E-7
Dy171 ; 5.7508E-8 ; 3.68051E-8
Dy172 ; 7.8711E-9 ; 5.0375E-9
Ho159 ; 9.16128E-14 ; 5.86322E-14
Ho159m ; 1.37019E-14 ; 8.76922E-15
Ho161 ; 5.35075E-11 ; 3.42448E-11
Ho161m ; 8.00112E-12 ; 5.12071E-12
Ho162 ; 2.38033E-10 ; 1.52341E-10
Ho162m ; 5.54077E-10 ; 3.54609E-10
Ho163 ; 6.98097E-9 ; 4.46782E-9
Ho163m ; 1.04015E-9 ; 6.65693E-10
Ho164 ; 1.4102E-8 ; 9.02526E-9
Ho164m ; 3.28046E-8 ; 2.09949E-8
Ho165 ; 2.41034E-7 ; 1.54262E-7
Ho166 ; 1.71024E-7 ; 1.09455E-7
Ho166m ; 4.00056E-7 ; 2.56036E-7
Ho167 ; 1.27018E-6 ; 8.12913E-7
Ho168 ; 1.4302E-6 ; 9.15328E-7
Ho169 ; 1.55022E-6 ; 9.92138E-7
Ho170 ; 4.9807E-7 ; 3.18764E-7
Ho170m ; 4.9807E-7 ; 3.18764E-7
Ho171 ; 5.25073E-7 ; 3.36047E-7
Ho172 ; 1.53021E-7 ; 9.79337E-8
Er161 ; 0.0 ; 0.0
Er162 ; 1.84026E-13 ; 1.17776E-13
Er163 ; 4.44062E-12 ; 2.842E-12
Er164 ; 9.26129E-11 ; 5.92723E-11
Er165 ; 1.14016E-9 ; 7.29702E-10
Er166 ; 9.2813E-9 ; 5.94003E-9
Er167 ; 4.07057E-8 ; 2.60516E-8
Er167m ; 6.08085E-9 ; 3.89174E-9
Er168 ; 1.71024E-7 ; 1.09455E-7
Er169 ; 3.82053E-7 ; 2.44514E-7
Er170 ; 7.58106E-7 ; 4.85188E-7
Er171 ; 7.83109E-7 ; 5.0119E-7
Er172 ; 6.78095E-7 ; 4.33981E-7
Tm165 ; 1.87026E-13 ; 1.19697E-13
Tm166 ; 3.62051E-12 ; 2.31712E-12
Tm167 ; 6.66093E-11 ; 4.26299E-11
Tm168 ; 5.62078E-10 ; 3.5973E-10
Tm169 ; 4.2706E-9 ; 2.73318E-9
Tm170 ; 1.90027E-8 ; 1.21617E-8
Tm171 ; 6.27088E-8 ; 4.01336E-8
Tm172 ; 1.10015E-7 ; 7.04098E-8
Yb166 ; 0.0 ; 0.0
Yb167 ; 0.0 ; 0.0
Yb168 ; 3.05043E-13 ; 1.95227E-13
Yb169 ; 4.77067E-12 ; 3.05323E-12
Yb169m ; 7.131E-13 ; 4.56384E-13
Yb170 ; 8.86124E-11 ; 5.67119E-11
Yb171 ; 6.67093E-10 ; 4.2694E-10
Yb172 ; 3.96055E-9 ; 2.53475E-9
Lu169 ; 0.0 ; 0.0
Lu169m ; 0.0 ; 0.0
Lu171 ; 1.28018E-13 ; 8.19314E-14
Lu171m ; 1.28018E-13 ; 8.19314E-14
Lu172 ; 1.79025E-12 ; 1.14576E-12
Lu172m ; 1.79025E-12 ; 1.14576E-12
Hf171 ; 0.0 ; 0.0
Hf172 ; 0.0 ; 0.0
