Product , Thermal (0.0253 eV) 
Product ,  
Product , Yield 
V66 ,1.03317E-18
V67 ,  
V68 ,  
Cr66 ,3.9899E-14
Cr67 ,0
Cr68 ,0
Cr69 ,5.0096E-18
Cr70 ,0
Cr71 ,  
Mn66 ,9.39E-12
Mn67 ,3.25E-12
Mn68 ,7.4E-13
Mn69 ,1.09995E-13
Mn70 ,1.61E-14
Mn71 ,0
Mn72 ,2.82246E-17
Mn73 ,3.59748E-18
Fe66 ,2.39E-10
Fe67 ,2.11E-10
Fe68 ,1.66E-10
Fe69 ,6.76E-11
Fe70 ,3.62E-11
Fe71 ,4.7E-12
Fe72 ,1.08997E-12
Fe73 ,1.17996E-13
Fe74 ,0
Fe75 ,2.57311E-16
Fe76 ,0
Co66 ,2.18E-10
Co67 ,5.83E-10
Co68 ,0.00000000105
Co69 ,0.00000000141
Co70 ,0.0000000019
Co71 ,8.87E-10
Co72 ,5.72E-10
Co73 ,2.26E-10
Co74 ,4.02E-11
Co75 ,5.64974E-12
Co76 ,3.4E-13
Co77 ,2.14934E-14
Co78 ,2.15698E-15
Co79 ,3.2269E-16
Ni66 ,3.06E-11
Ni67 ,1.94E-10
Ni68 ,0.00000000103
Ni69 ,0.00000000314
Ni70 ,0.0000000126
Ni71 ,0.0000000141
Ni72 ,0.0000000304
Ni73 ,0.0000000306
Ni74 ,0.0000000198
Ni75 ,0.00000000755
Ni76 ,0.00000000173
Ni77 ,7.04979E-10
Ni78 ,8.32979E-11
Ni79 ,1.05841E-11
Ni80 ,1.12E-13
Ni81 ,5.19177E-15
Ni82 ,0
Cu66 ,1.2E-13
Cu67 ,2.7E-12
Cu68 ,1.08E-11
Cu68m ,2.52E-11
Cu69 ,3.55E-10
Cu70 ,8.11E-10
Cu70m ,0.00000000243
Cu71 ,0.0000000109
Cu72 ,0.0000000534
Cu73 ,0.000000163
Cu74 ,0.000000256
Cu75 ,0.000000323
Cu76 ,0.000000196
Cu77 ,0.000000294
Cu78 ,0.000000095
Cu79 ,0.00000000983942
Cu80 ,0.00000000138
Cu81 ,1.13995E-10
Cu82 ,4.04E-12
Cu83 ,1.44509E-13
Cu84 ,6.00743E-15
Zn66 ,0
Zn67 ,0
Zn68 ,1.34E-13
Zn69 ,6.85E-13
Zn69m ,2.92E-12
Zn70 ,1.13E-10
Zn71 ,1.82E-10
Zn71m ,7.76E-10
Zn72 ,0.000000015
Zn73 ,0.000000102
Zn74 ,0.000000485
Zn75 ,0.00000136
Zn76 ,0.00000259
Zn77 ,0.00000963
Zn78 ,0.00001044
Zn79 ,0.00000292
Zn80 ,0.00000146
Zn81 ,0.000000343
Zn82 ,0.0000000453
Zn83 ,0.00000000473986
Zn84 ,2.31994E-10
Zn85 ,2.77805E-12
Zn86 ,7.03E-14
Ga66 ,0
Ga67 ,0
Ga68 ,0
Ga69 ,0
Ga70 ,9.55E-14
Ga71 ,3.01E-12
Ga72 ,6.35E-11
Ga72m ,6.35E-11
Ga73 ,0.00000000293
Ga74 ,0.00000001725
Ga74m ,0.00000001725
Ga75 ,0.000000296
Ga76 ,0.00000129
Ga77 ,0.0000144
Ga78 ,0.000035
Ga79 ,0.00003125
Ga80 ,0.00003833
Ga81 ,0.0000315
Ga82 ,0.00001099
Ga83 ,0.00000429
Ga84 ,0.00000062
Ga85 ,0.0000000609972
Ga86 ,0.00000000232
Ga87 ,1.75301E-11
Ga88 ,8.07896E-13
Ga89 ,7.53488E-14
Ge66 ,0
Ge67 ,0
Ge68 ,0
Ge69 ,0
Ge70 ,0
Ge71 ,0
Ge71m ,0
Ge72 ,1.04E-13
Ge73 ,5.29E-12
Ge73m ,1.24E-12
Ge74 ,2.82E-10
Ge75 ,8.17E-10
Ge75m ,0.00000000547
Ge76 ,0.0000000936
Ge77 ,0.00000222
Ge77m ,0.000000332
Ge78 ,0.00001875
Ge79 ,0.00001897
Ge79m ,0.00001897
Ge80 ,0.00013672
Ge81 ,0.00026167
Ge82 ,0.00028811
Ge83 ,0.00028783
Ge84 ,0.00015212
Ge85 ,0.00004258
Ge86 ,0.00000649
Ge87 ,0.000000574983
Ge88 ,0.0000000311992
Ge89 ,0.00000000247142
Ge90 ,4.30146E-12
Ge91 ,5.97106E-13
As69 ,0
As71 ,0
As72 ,0
As73 ,0
As74 ,1.55E-14
As74m ,3.61E-14
As75 ,4.23E-12
As76 ,1.77E-10
As77 ,0.0000000175
As78 ,0.00000033
As79 ,0.00000224
As80 ,0.0000189
As81 ,0.00011096
As82 ,0.00013449
As82m ,0.00013449
As83 ,0.00081509
As84 ,0.000521955
As84m ,0.000521955
As85 ,0.00099496
As86 ,0.00041964
As87 ,0.00014712
As88 ,0.00002449
As89 ,0.00000229753
As90 ,0.0000000802173
As91 ,0.0000000131106
As92 ,4.19484E-11
As93 ,2.45146E-12
As94 ,6.83604E-14
Se72 ,0
Se73 ,0
Se73m ,0
Se74 ,0
Se75 ,0
Se76 ,2.97E-14
Se77 ,1.1E-12
Se77m ,7.38E-12
Se78 ,5.85E-10
Se79 ,0.00000000963
Se79m ,0.00000000144
Se80 ,0.000000326
Se81 ,0.000000647
Se81m ,0.00000433
Se82 ,0.00003877
Se83 ,0.00022518
Se83m ,0.00005282
Se84 ,0.00111029
Se85 ,0.0012234
Se85m ,0.00120587
Se86 ,0.0033226
Se87 ,0.00307512
Se88 ,0.00189337
Se89 ,0.00052046
Se90 ,0.00013116
Se91 ,0.0000182069
Se92 ,0.00000161996
Se93 ,0.0000000804071
Se94 ,0.00000000263993
Se95 ,1.21525E-11
Se96 ,4.3E-13
Br75 ,0
Br77 ,0
Br77m ,0
Br78 ,2.19E-14
Br79 ,3.67E-13
Br79m ,1.23E-12
Br80 ,3.27E-11
Br80m ,9.81E-11
Br81 ,0.0000000075
Br82 ,0.00000011
Br82m ,0.0000000469
Br83 ,0.00000399
Br84 ,0.00001511
Br84m ,0.00002685
Br85 ,0.00030784
Br86 ,0.0005141
Br86m ,0.0005141
Br87 ,0.00306875
Br88 ,0.00463979
Br89 ,0.00435301
Br90 ,0.00289402
Br91 ,0.00148486
Br92 ,0.00038265
Br93 ,0.0000747496
Br94 ,0.00000749
Br95 ,0.000000266831
Br96 ,0.0000000157
Br97 ,1.03351E-10
Br98 ,5.33418E-12
Br99 ,1.7508E-12
Kr77 ,0
Kr78 ,0
Kr79 ,0
Kr79m ,0
Kr80 ,0
Kr81 ,6.49E-13
Kr81m ,9.7E-14
Kr82 ,5.8E-11
Kr83 ,0.00000000342
Kr83m ,8.03E-10
Kr84 ,0.000000171
Kr85 ,0.00000285
Kr85m ,0.00000067
Kr86 ,0.00004359
Kr87 ,0.00035375
Kr88 ,0.00181564
Kr89 ,0.00413675
Kr90 ,0.00877976
Kr91 ,0.0110439
Kr92 ,0.00974722
Kr93 ,0.00516333
Kr94 ,0.00195113
Kr95 ,0.000370553
Kr96 ,0.00004805
Kr97 ,0.0000033899
Kr98 ,0.000000205995
Kr99 ,0.0000000574256
Kr100 ,9.78E-11
Kr101 ,2.71975E-12
Rb79 ,0
Rb81 ,0
Rb83 ,1.24E-13
Rb84 ,1.51E-11
Rb85 ,0.00000000123
Rb86 ,0.00000002295
Rb86m ,0.00000002295
Rb87 ,0.0000015
Rb88 ,0.00002274
Rb89 ,0.00019438
Rb90 ,0.00019885
Rb90m ,0.00084775
Rb91 ,0.00424724
Rb92 ,0.00886448
Rb93 ,0.0149793
Rb94 ,0.01415
Rb95 ,0.00943729
Rb96 ,0.00339355
Rb97 ,0.0009224
Rb98 ,0.0001619
Rb99 ,0.0000533851
Rb100 ,0.0000009
Rb101 ,0.0000000597171
Rb102 ,1.94983E-10
Rb103 ,9.1824E-12
Rb104 ,3.18497E-13
Sr83 ,0
Sr84 ,0
Sr85 ,1.36E-14
Sr85m ,1.36E-14
Sr86 ,4.21E-12
Sr87 ,3.56E-10
Sr87m ,8.36E-11
Sr88 ,0.0000000278
Sr89 ,0.00000073
Sr90 ,0.00001511
Sr91 ,0.00017014
Sr92 ,0.00124565
Sr93 ,0.00521475
Sr94 ,0.0156761
Sr95 ,0.0249346
Sr96 ,0.0291664
Sr97 ,0.0203736
Sr98 ,0.0125181
Sr99 ,0.00360346
Sr100 ,0.00072419
Sr101 ,0.0000829303
Sr102 ,0.00000752981
Sr103 ,0.00000030118
Sr104 ,0.0000000122997
Sr105 ,3.25193E-11
Sr106 ,4.41421E-12
Sr107 ,1.33716E-12
Y85 ,0
Y87 ,0
Y88 ,7.07E-13
Y89 ,1.5E-11
Y89m ,6.41E-11
Y90 ,0.00000000251
Y90m ,0.00000000251
Y91 ,0.0000001135
Y91m ,0.0000001135
Y92 ,0.00000488
Y93 ,0.000038785
Y93m ,0.000038785
Y94 ,0.00063168
Y95 ,0.00341008
Y96 ,0.0009713
Y96m ,0.00874117
Y97 ,0.0107018
Y97m ,0.0107018
Y98 ,0.0153651
Y98m ,0.0153628
Y99 ,0.028997
Y100 ,0.0146709
Y101 ,0.00600634
Y102 ,0.00147766
Y103 ,0.000279989
Y104 ,0.00002623
Y105 ,0.000000714022
Y106 ,0.0000000823199
Y107 ,0.0000000293598
Y108 ,1.26363E-11
Y109 ,6.72898E-13
Zr87 ,0
Zr88 ,0
Zr89 ,0
Zr90 ,7.05E-14
Zr90m ,7.05E-14
Zr91 ,1.98E-11
Zr92 ,0.00000000175
Zr93 ,0.0000000848
Zr94 ,0.00000274
Zr95 ,0.00004269
Zr96 ,0.00044856
Zr97 ,0.00260277
Zr98 ,0.0120741
Zr99 ,0.0266693
Zr100 ,0.0416211
Zr101 ,0.0403781
Zr102 ,0.0318967
Zr103 ,0.0153388
Zr104 ,0.005215
Zr105 ,0.000991576
Zr106 ,0.000134598
Zr107 ,0.0000407725
Zr108 ,0.000000487987
Zr109 ,0.0000000220709
Zr110 ,0
Zr111 ,0
Zr112 ,0
Zr113 ,0
Zr114 ,0
Nb89 ,0
Nb90 ,0
Nb91 ,0
Nb92 ,1.27E-14
Nb93 ,2.08E-12
Nb93m ,4.88E-13
Nb94 ,1.52E-10
Nb94m ,1.05E-10
Nb95 ,0.0000000133
Nb95m ,0.00000000311
Nb96 ,0.000000518
Nb97 ,0.00000952
Nb97m ,0.00000223
Nb98 ,0.00011278
Nb98m ,0.00003759
Nb99 ,0.00009309
Nb99m ,0.0010705
Nb100 ,0.00226957
Nb100m ,0.00226957
Nb101 ,0.0139738
Nb102 ,0.0124852
Nb102m ,0.0124852
Nb103 ,0.0362742
Nb104 ,0.0148439
Nb104m ,0.0148439
Nb105 ,0.018499
Nb106 ,0.00667685
Nb107 ,0.00184233
Nb108 ,0.00025566
Nb109 ,0.0000205179
Nb110 ,7.52E-12
Nb111 ,2.00992E-14
Nb112 ,4.33716E-16
Nb113 ,1.5359E-16
Nb114 ,3.64322E-19
Nb115 ,0
Nb116 ,1.68571E-14
Mo90 ,0
Mo91 ,0
Mo92 ,0
Mo93 ,0
Mo93m ,0
Mo94 ,0
Mo95 ,3.98E-13
Mo96 ,5.23E-11
Mo97 ,0.00000000366
Mo98 ,0.000000184
Mo99 ,0.00000411
Mo100 ,0.00005995
Mo101 ,0.0004991
Mo102 ,0.00297568
Mo103 ,0.0103172
Mo104 ,0.0263724
Mo105 ,0.0371427
Mo106 ,0.0419923
Mo107 ,0.0290729
Mo108 ,0.0135815
Mo109 ,0.0031409
Mo110 ,0.00001412
Mo111 ,0.000000492
Mo112 ,0.0000000125
Mo113 ,0.00000000375968
Mo114 ,1.05E-11
Mo115 ,2.52747E-15
Mo116 ,6.50983E-10
Mo117 ,3.22149E-13
Mo118 ,2.93997E-14
Tc93 ,0
Tc95 ,0
Tc95m ,0
Tc97 ,1.535E-14
Tc97m ,1.535E-14
Tc98 ,4.67E-12
Tc99 ,3.39E-10
Tc99m ,7.95E-11
Tc100 ,0.0000000181
Tc101 ,0.000000588
Tc102 ,0.00000486
Tc102m ,0.00000486
Tc103 ,0.00012065
Tc104 ,0.00082114
Tc105 ,0.00377724
Tc106 ,0.0102687
Tc107 ,0.0220177
Tc108 ,0.0238809
Tc109 ,0.0185367
Tc110 ,0.00671919
Tc111 ,0.00132471
Tc112 ,0.00014001
Tc113 ,0.0000258562
Tc114 ,0.00000277
Tc115 ,0.0000000414164
Tc116 ,0.000000869
Tc117 ,0.00000000707337
Tc118 ,5.4827E-10
Tc119 ,1.314E-12
Tc120 ,2.23207E-14
Ru95 ,0
Ru96 ,0
Ru97 ,0
Ru98 ,0
Ru99 ,0
Ru100 ,4.62E-13
Ru101 ,4.53E-11
Ru102 ,0.00000000289
Ru103 ,0.000000103
Ru104 ,0.0000027
Ru105 ,0.00003407
Ru106 ,0.00033626
Ru107 ,0.00187737
Ru108 ,0.00669772
Ru109 ,0.00646192
Ru109m ,0.00646192
Ru110 ,0.0191831
Ru111 ,0.00939493
Ru112 ,0.00349628
Ru113 ,0.00194903
Ru114 ,0.00088386
Ru115 ,0.000425489
Ru116 ,0.00011063
Ru117 ,0.00000982293
Ru118 ,0.000000896452
Ru119 ,0.0000000430987
Ru120 ,8.61978E-10
Ru121 ,1.38903E-12
Ru122 ,4.47E-14
Ru123 ,7.15007E-16
Ru124 ,0
Rh99 ,0
Rh101 ,0
Rh101m ,0
Rh102 ,0
Rh102m ,0
Rh103 ,3.13E-13
Rh103m ,2.1E-12
Rh104 ,4.77E-11
Rh104m ,1.43E-10
Rh105 ,0.00000000805
Rh105m ,0.0000000012
Rh106 ,0.000000134
Rh106m ,0.000000134
Rh107 ,0.00000572
Rh108 ,0.00002846
Rh108m ,0.00002846
Rh109 ,0.00020701
Rh109m ,0.00020701
Rh110 ,0.00007871
Rh110m ,0.00007871
Rh111 ,0.00033897
Rh112 ,0.00034276
Rh113 ,0.00061476
Rh114 ,0.00060207
Rh115 ,0.00075764
Rh116 ,0.00042294
Rh117 ,0.00016389
Rh118 ,0.00005001
Rh119 ,0.00001102
Rh120 ,0.00000079
Rh121 ,0.0000000304986
Rh122 ,7.53E-10
Rh123 ,1.56993E-11
Rh124 ,1.43E-13
Pd99 ,0
Pd101 ,0
Pd102 ,0
Pd103 ,0
Pd104 ,0
Pd105 ,1.58E-13
Pd106 ,1.84E-11
Pd107 ,4.13E-10
Pd107m ,7.68E-10
Pd108 ,0.0000000463
Pd109 ,0.000000365
Pd109m ,0.000000678
Pd110 ,0.00000000186
Pd111 ,0.0000000066
Pd111m ,0.0000000122
Pd112 ,0.000000107
Pd113 ,0.000000766
Pd114 ,0.00000349
Pd115 ,0.00001242
Pd116 ,0.00025738
Pd117 ,0.00029759
Pd118 ,0.00034918
Pd119 ,0.00023039
Pd120 ,0.00007069
Pd121 ,0.00000933
Pd122 ,0.00000109
Pd123 ,0.0000000834
Pd124 ,0.00000000379
Pd125 ,0
Pd126 ,0
Pd127 ,0
Pd128 ,0
Pd129 ,0
Pd130 ,0
Ag103 ,0
Ag105 ,0
Ag105m ,0
Ag106 ,0
Ag106m ,0
Ag107 ,0
Ag107m ,0
Ag108 ,3.885E-13
Ag108m ,3.885E-13
Ag109 ,3.745E-11
Ag109m ,3.745E-11
Ag110 ,0
Ag110m ,0
Ag111 ,0
Ag111m ,0
Ag112 ,0
Ag113 ,4.02E-14
Ag113m ,2.69E-13
Ag114 ,5.87E-12
Ag115 ,4.88E-11
Ag115m ,4.88E-11
Ag116 ,0.00000261
Ag116m ,0.00000261
Ag117 ,0.00001359
Ag117m ,0.00001359
Ag118 ,0.0000473
Ag118m ,0.0000473
Ag119 ,0.00023009
Ag120 ,0.000098755
Ag120m ,0.000098755
Ag121 ,0.00010256
Ag122 ,0.00001908
Ag122m ,0.00001908
Ag123 ,0.00001312
Ag124 ,0.00000211
Ag125 ,6.53E-11
Ag126 ,9.8E-12
Ag127 ,8.01E-13
Ag128 ,4.75E-14
Ag129 ,2.67989E-15
Ag130 ,0
Ag131 ,1.13412E-10
Ag132 ,5.82617E-12
Ag133 ,5.44477E-13
Cd105 ,0
Cd106 ,0
Cd107 ,0
Cd108 ,0
Cd109 ,0
Cd110 ,0
Cd111 ,0
Cd111m ,0
Cd112 ,0
Cd113 ,0
Cd113m ,0
Cd114 ,0
Cd115 ,0
Cd115m ,0
Cd116 ,0.0000000108
Cd117 ,0.00000005
Cd117m ,0.000000167
Cd118 ,0.00000348
Cd119 ,0.00001325
Cd119m ,0.00001325
Cd120 ,0.00008841
Cd121 ,0.000063835
Cd121m ,0.000063835
Cd122 ,0.00017589
Cd123 ,0.00017676
Cd124 ,0.00011882
Cd125 ,0.00000693
Cd126 ,0.00000415
Cd127 ,0.0000012
Cd128 ,0.000000341
Cd129 ,0.0000000656
Cd130 ,0.00000000841
Cd131 ,0.00000371989
Cd132 ,0.000000224994
Cd133 ,0.0000000178587
Cd134 ,5.99E-11
Cd135 ,1.71987E-12
Cd136 ,0
In107 ,0
In109 ,0
In111 ,0
In112 ,0
In112m ,0
In113 ,0
In113m ,0
In114 ,0
In114m ,0
In115 ,0
In115m ,0
In116 ,1.58E-13
In116m ,1.58E-13
In116n ,1.58E-13
In117 ,4.21E-11
In117m ,9.88E-12
In118 ,0.00000000235
In118m ,3.92E-10
In118n ,3.92E-10
In119 ,0.0000000913
In119m ,0.0000000214
In120 ,0.000000424
In120m ,0.000000424
In120n ,0.000000424
In121 ,0.00000628
In121m ,0.00000147
In122 ,0.00001052
In122m ,0.00001052
In122n ,0.00001052
In123 ,0.00009562
In123m ,0.00002243
In124 ,0.00010994
In124m ,0.00010994
In125 ,0.00018249
In125m ,0.00018249
In126 ,0.00026738
In126m ,0.00026738
In127 ,0.00030803
In127m ,0.00030803
In128 ,0.000275615
In128m ,0.000275615
In129 ,0.00025036
In129m ,0.00025036
In130 ,0.0000847033
In130m ,0.0000847033
In130n ,0.0000847033
In131 ,0.000384495
In131m ,0.000384495
In132 ,0.00015116
In133 ,0.0000166021
In134 ,0.000000667
In135 ,0.000000037763
In136 ,1.64E-10
In137 ,2.10361E-12
Sn111 ,0
Sn112 ,0
Sn113 ,0
Sn113m ,0
Sn114 ,0
Sn115 ,0
Sn116 ,0
Sn117 ,0
Sn117m ,0
Sn118 ,2.45E-13
Sn119 ,7.58E-12
Sn119m ,2.54E-11
Sn120 ,0.00000000182
Sn121 ,0.0000000114
Sn121m ,0.000000028
Sn122 ,0.00000073
Sn123 ,0.00000622
Sn123m ,0.00000254
Sn124 ,0.00006499
Sn125 ,0.00013054
Sn125m ,0.00005332
Sn126 ,0.00064545
Sn127 ,0.00103393
Sn127m ,0.00042231
Sn128 ,0.00175827
Sn128m ,0.00175827
Sn129 ,0.0052302
Sn129m ,0.00213496
Sn130 ,0.00676002
Sn130m ,0.00676002
Sn131 ,0.00662285
Sn131m ,0.00662285
Sn132 ,0.0101102
Sn133 ,0.00353493
Sn134 ,0.00064604
Sn135 ,0.0000524422
Sn136 ,0.00000252
Sn137 ,0.0000000689979
Sn138 ,0.00000000128
Sn139 ,1.27517E-11
Sn140 ,1.12584E-12
Sb113 ,0
Sb115 ,0
Sb117 ,0
Sb118 ,0
Sb118m ,0
Sb119 ,0
Sb120 ,2.22E-14
Sb120m ,3.2E-14
Sb121 ,5.88E-12
Sb122 ,1.88E-10
Sb122m ,2.12E-10
Sb123 ,0.0000000229
Sb124 ,0.000000195333
Sb124m ,0.000000195333
Sb124n ,0.000000195333
Sb125 ,0.000000161
Sb126 ,0.000000556
Sb126m ,0.0000004735
Sb126n ,0.0000004735
Sb127 ,0.00001293
Sb128 ,0.00003043
Sb128m ,0.00005181
Sb129 ,0.00057753
Sb130 ,0.00093618
Sb130m ,0.001594
Sb131 ,0.0110946
Sb132 ,0.0126555
Sb132m ,0.0091643
Sb133 ,0.0280043
Sb134 ,0.00776327
Sb134m ,0.00776327
Sb135 ,0.00526546
Sb136 ,0.00083149
Sb137 ,0.00009667
Sb138 ,0.00000568
Sb139 ,0.000000279987
Sb140 ,0.0000000209956
Sb141 ,2.28579E-11
Sb142 ,2.0301E-12
Sb143 ,9.30819E-13
Te115 ,0
Te117 ,0
Te118 ,0
Te119 ,0
Te120 ,0
Te121 ,0
Te121m ,0
Te122 ,1.88E-14
Te123 ,9.3E-13
Te123m ,3.11E-12
Te124 ,5.08E-10
Te125 ,2.47E-14
Te125m ,8.28E-14
Te126 ,4.06E-12
Te127 ,3.56E-11
Te127m ,8.72E-11
Te128 ,0.0000000036
Te129 ,0.0000000268
Te129m ,0.0000000656
Te130 ,0.00000204
Te131 ,0.00030621
Te131m ,0.00074968
Te132 ,0.00754129
Te133 ,0.00748159
Te133m ,0.0183166
Te134 ,0.0510263
Te135 ,0.0472921
Te136 ,0.0288303
Te137 ,0.0097613
Te138 ,0.00226132
Te139 ,0.00032057
Te140 ,0.000034329
Te141 ,0.000000749732
Te142 ,0.000000078398
Te143 ,0.0000000305306
Te144 ,1.02882E-11
Te145 ,8.41585E-13
I121 ,0
I123 ,0
I125 ,0
I126 ,0
I127 ,0
I128 ,0
I129 ,0
I130 ,2.66E-13
I130m ,1.14E-13
I131 ,0.00000363
I132 ,0.00004053
I132m ,0.00004053
I133 ,0.00056242
I133m ,0.00056242
I134 ,0.00380161
I134m ,0.0027535
I135 ,0.0216482
I136 ,0.0173225
I136m ,0.0171934
I137 ,0.0397494
I138 ,0.0240562
I139 ,0.0118462
I140 ,0.00336631
I141 ,0.00069698
I142 ,0.00008147
I143 ,0.0000283825
I144 ,0.000000191864
I145 ,0.0000000184785
I146 ,3.4957E-11
I147 ,1.91432E-12
I148 ,2.04563E-14
Xe124 ,0
Xe125 ,0
Xe125m ,0
Xe126 ,0
Xe127 ,0
Xe127m ,0
Xe128 ,0
Xe129 ,0
Xe129m ,0
Xe130 ,0
Xe131 ,2.47E-10
Xe131m ,6.05E-10
Xe132 ,0.0000000847
Xe133 ,0.00000115
Xe133m ,0.00000282
Xe134 ,0.00003103
Xe134m ,0.0000724
Xe135 ,0.00030681
Xe135m ,0.00075116
Xe136 ,0.00653346
Xe137 ,0.0193558
Xe138 ,0.03793
Xe139 ,0.0437311
Xe140 ,0.0388294
Xe141 ,0.0203898
Xe142 ,0.00819289
Xe143 ,0.000957899
Xe143m ,0.000957899
Xe144 ,0.000313708
Xe145 ,0.0000256615
Xe146 ,0.00000134997
Xe147 ,0.0000000627892
Xe148 ,7.8998E-10
Xe149 ,3.56887E-12
Xe150 ,5.28E-14
Cs127 ,0
Cs129 ,0
Cs131 ,0
Cs132 ,1.84E-12
Cs133 ,4.04E-10
Cs134 ,0.0000000189
Cs134m ,0.0000000189
Cs135 ,0.000000875
Cs135m ,0.000000875
Cs136 ,0.00001779
Cs136m ,0.00001779
Cs137 ,0.00041808
Cs138 ,0.00112248
Cs138m ,0.00112248
Cs139 ,0.00838948
Cs140 ,0.0170556
Cs141 ,0.027553
Cs142 ,0.0253883
Cs143 ,0.0196869
Cs144 ,0.00822059
Cs145 ,0.00250053
Cs146 ,0.00039376
Cs147 ,0.0000583713
Cs148 ,0.0000028
Cs149 ,0.0000000783611
Cs150 ,0.00000000241
Cs151 ,5.03789E-12
Cs152 ,4.16895E-13
Cs153 ,3.60364E-14
Ba129 ,0
Ba131 ,0
Ba132 ,0
Ba133 ,0
Ba134 ,1.17E-12
Ba135 ,9.55E-11
Ba135m ,9.55E-11
Ba136 ,0.00000000905
Ba136m ,0.00000000905
Ba137 ,0.000000198
Ba137m ,0.000000486
Ba138 ,0.00001488
Ba139 ,0.00015402
Ba140 ,0.00107518
Ba141 ,0.0043863
Ba142 ,0.0125805
Ba143 ,0.0226879
Ba144 ,0.0292345
Ba145 ,0.0218872
Ba146 ,0.0122033
Ba147 ,0.00394003
Ba148 ,0.00090156
Ba149 ,0.000108822
Ba150 ,0.00000921
Ba151 ,0.000000165241
Ba152 ,0.0000000160996
Ba153 ,0.00000000118198
Ba154 ,2.8E-12
Ba155 ,9.2417E-14
La133 ,0
La135 ,0
La137 ,3.14E-11
La138 ,0.00000000218
La139 ,0.0000000888
La140 ,0.00000174
La141 ,0.00002674
La142 ,0.00020341
La143 ,0.00127146
La144 ,0.00405329
La145 ,0.00976971
La146 ,0.00662669
La146m ,0.00662669
La147 ,0.0139332
La148 ,0.00791533
La149 ,0.00338518
La150 ,0.00080145
La151 ,0.000153615
La152 ,0.00001577
La153 ,0.00000109882
La154 ,0.0000000333
La155 ,0.00000000202919
La156 ,4.27253E-12
La157 ,1.60667E-13
La158 ,3.02961E-15
Ce135 ,0
Ce137 ,0
Ce138 ,2.65E-14
Ce139 ,9.5E-13
Ce139m ,2.33E-12
Ce140 ,2.5E-10
Ce141 ,0.0000000114
Ce142 ,0.000000329
Ce143 ,0.00000591
Ce144 ,0.00006989
Ce145 ,0.00046371
Ce146 ,0.00224546
Ce147 ,0.00583961
Ce148 ,0.0105361
Ce149 ,0.010738
Ce150 ,0.00831721
Ce151 ,0.00413134
Ce152 ,0.00149523
Ce153 ,0.00028761
Ce154 ,0.00003428
Ce155 ,0.00000281797
Ce156 ,0.000000164996
Ce157 ,0.00000000526984
Ce158 ,1.16997E-10
Ce159 ,6.78573E-13
Ce160 ,1.22E-14
Pr139 ,0
Pr140 ,0
Pr141 ,1.32E-13
Pr142 ,5.6E-12
Pr142m ,5.6E-12
Pr143 ,8E-10
Pr144 ,0.0000000028
Pr144m ,0.0000000252
Pr145 ,0.000000744
Pr146 ,0.00001085
Pr147 ,0.00010565
Pr148 ,0.00025557
Pr148m ,0.00025557
Pr149 ,0.00175832
Pr150 ,0.00329863
Pr151 ,0.00517587
Pr152 ,0.00440068
Pr153 ,0.00275804
Pr154 ,0.0008723
Pr155 ,0.00025158
Pr156 ,0.00004125
Pr157 ,0.00000492
Pr158 ,0.000000313
Pr159 ,0.0000000148993
Pr160 ,3.55E-10
Pr161 ,1.14937E-12
Pr162 ,2.14921E-14
Pr163 ,3.567E-16
Nd140 ,0
Nd141 ,0
Nd142 ,0
Nd143 ,0
Nd144 ,9.54E-13
Nd145 ,7.88E-11
Nd146 ,0.00000000486
Nd147 ,0.000000144
Nd148 ,0.00000274
Nd149 ,0.00002706
Nd150 ,0.00018576
Nd151 ,0.00076018
Nd152 ,0.00207371
Nd153 ,0.00302776
Nd154 ,0.00303299
Nd155 ,0.00203482
Nd156 ,0.00111154
Nd157 ,0.00033974
Nd158 ,0.00007686
Nd159 ,0.00000978
Nd160 ,0.000000874
Nd161 ,0.0000000376989
Nd162 ,8.29979E-10
Nd163 ,1.16996E-11
Nd164 ,1.1E-13
Nd165 ,2.97388E-16
Nd166 ,1.64533E-17
Pm141 ,0
Pm143 ,0
Pm144 ,0
Pm145 ,0
Pm146 ,4.43E-14
Pm147 ,5.44E-12
Pm148 ,9.65E-11
Pm148m ,2.25E-10
Pm149 ,0.0000000129
Pm150 ,0.000000266
Pm151 ,0.00000424
Pm152 ,0.0000105333
Pm152m ,0.0000105333
Pm152n ,0.0000105333
Pm153 ,0.00016028
Pm154 ,0.00020425
Pm154m ,0.00020425
Pm155 ,0.00084127
Pm156 ,0.00106422
Pm157 ,0.00098727
Pm158 ,0.00052829
Pm159 ,0.00021604
Pm160 ,0.0000502
Pm161 ,0.00000756
Pm162 ,0.000000463
Pm163 ,0.0000000247
Pm164 ,6.45E-10
Pm165 ,6.5297E-12
Pm166 ,3.06835E-13
Pm167 ,2.71031E-16
Pm168 ,3.57338E-18
Sm143 ,0
Sm143m ,0
Sm144 ,0
Sm145 ,0
Sm146 ,0
Sm147 ,0
Sm148 ,0
Sm149 ,3.94E-13
Sm150 ,3.36E-11
Sm151 ,0.00000000165
Sm152 ,0.000000048
Sm153 ,0.000000701
Sm154 ,0.00000684
Sm155 ,0.00003668
Sm156 ,0.00015759
Sm157 ,0.00034554
Sm158 ,0.00056097
Sm159 ,0.00050506
Sm160 ,0.00035982
Sm161 ,0.00012673
Sm162 ,0.00002604
Sm163 ,0.00000367
Sm164 ,0.000000338
Sm165 ,0.00000000959
Sm166 ,5.01693E-10
Sm167 ,8.88973E-12
Sm168 ,1.37996E-13
Sm169 ,1.81256E-16
Sm170 ,0
Sm171 ,2.40219E-19
Eu147 ,0
Eu149 ,0
Eu151 ,1.73E-14
Eu152 ,5.09333E-13
Eu152m ,5.09333E-13
Eu152n ,5.09333E-13
Eu153 ,8.91E-11
Eu154 ,0.00000000133
Eu154m ,0.00000000133
Eu155 ,0.0000000536
Eu156 ,0.000000655
Eu157 ,0.0000051
Eu158 ,0.0000212
Eu159 ,0.00006025
Eu160 ,0.0001
Eu161 ,0.0001035
Eu162 ,0.0000482
Eu163 ,0.0000211
Eu164 ,0.00000462
Eu165 ,0.000000447
Eu166 ,0.0000000607
Eu167 ,0.00000000395
Eu168 ,1.68E-10
Eu169 ,3.97982E-12
Eu170 ,1.18E-13
Eu171 ,5.27444E-15
Eu172 ,7.66465E-18
Gd147 ,0
Gd149 ,0
Gd151 ,0
Gd152 ,0
Gd153 ,0
Gd154 ,8.76E-14
Gd155 ,5.16E-12
Gd156 ,2.51E-10
Gd157 ,0.00000000558
Gd158 ,0.0000000864
Gd159 ,0.00000065
Gd160 ,0.00000378
Gd161 ,0.00000958
Gd162 ,0.00001424
Gd163 ,0.00001435
Gd164 ,0.0000092
Gd165 ,0.00000203
Gd166 ,0.000000847
Gd167 ,0.000000137
Gd168 ,0.0000000196
Gd169 ,0.00000000125
Gd170 ,1.33E-10
Gd171 ,7.32473E-12
Gd172 ,2.95992E-13
Tb151 ,0
Tb153 ,0
Tb155 ,0
Tb156 ,0
Tb156m ,0
Tb157 ,1.69E-13
Tb158 ,6.86E-12
Tb158m ,7.62E-13
Tb159 ,2.13E-10
Tb160 ,0.00000000352
Tb161 ,0.000000032
Tb162 ,0.0000000642
Tb162m ,0.0000000642
Tb163 ,0.000000447
Tb164 ,0.00000069
Tb165 ,0.000000479
Tb166 ,0.000000443
Tb167 ,0.000000215
Tb168 ,0.0000000692
Tb169 ,0.0000000142
Tb170 ,0.0000000037
Tb171 ,7.14E-10
Tb172 ,7.89E-11
Dy155 ,0
Dy156 ,0
Dy157 ,0
Dy158 ,0
Dy159 ,0
Dy160 ,2.84E-13
Dy161 ,7.26E-12
Dy162 ,1.11E-10
Dy163 ,0.00000000109
Dy164 ,0.00000000599
Dy165 ,0.00000000965
Dy165m ,0.00000000144
Dy166 ,0.000000034
Dy167 ,0.0000000401
Dy168 ,0.000000039
Dy169 ,0.0000000181
Dy170 ,0.0000000139
Dy171 ,0.00000000625
Dy172 ,0.00000000225
Ho159 ,0
Ho159m ,0
Ho161 ,0
Ho161m ,0
Ho162 ,0
Ho162m ,0
Ho163 ,6.6E-14
Ho163m ,0
Ho164 ,3.5E-13
Ho164m ,8.17E-13
Ho165 ,8.21E-12
Ho166 ,2.05E-11
Ho166m ,4.78E-11
Ho167 ,2.93E-10
Ho168 ,7.27E-10
Ho169 ,0.00000000113
Ho170 ,0.00000000101
Ho170m ,0.00000000101
Ho171 ,0.00000000279
Ho172 ,0.00000000226
Er161 ,0
Er162 ,0
Er163 ,0
Er164 ,0
Er165 ,0
Er166 ,1.22E-14
Er167 ,1.31E-13
Er167m ,1.96E-14
Er168 ,1.37E-12
Er169 ,5.92E-12
Er170 ,3.7E-11
Er171 ,1.32E-10
Er172 ,3.54E-10
Tm165 ,0
Tm166 ,0
Tm167 ,0
Tm168 ,0
Tm169 ,0
Tm170 ,1.58E-14
Tm171 ,2.12E-13
Tm172 ,1.56E-12
Yb166 ,0
Yb167 ,0
Yb168 ,0
Yb169 ,0
Yb169m ,0
Yb170 ,0
Yb171 ,0
Yb172 ,0
Lu169 ,0
Lu169m ,0
Lu171 ,0
Lu171m ,0
Lu172 ,0
Lu172m ,0
Hf171 ,0
Hf172 ,0
