Product ,  , 
Product ,  , 
Product , Yield , Error
V66 ,2.39192E-13,1.53083E-13
V67 ,6.23590E-14,3.99098E-14
Cr66 ,9.37760E-10,6.00167E-10
Cr67 ,1.80938E-10,1.15800E-10
Cr68 ,1.31000E-11,8.38400E-12
Cr69 ,1.18930E-12,7.61152E-13
Cr70 ,4.19000E-14,2.68160E-14
Mn66 ,1.26000E-07,8.06400E-08
Mn67 ,5.78000E-08,3.69920E-08
Mn68 ,1.01000E-08,6.46400E-09
Mn69 ,1.59881E-09,1.02324E-09
Mn70 ,1.94000E-10,1.24160E-10
Mn71 ,1.64000E-11,1.04960E-11
Mn72 ,7.31857E-13,4.68389E-13
Fe66 ,1.90000E-06,1.21600E-06
Fe67 ,1.97000E-06,1.26080E-06
Fe68 ,7.91000E-07,5.06240E-07
Fe69 ,3.02000E-07,1.93280E-07
Fe70 ,8.73999E-08,5.59360E-08
Fe71 ,1.78000E-08,1.13920E-08
Fe72 ,2.86927E-09,1.83633E-09
Fe73 ,2.53000E-10,1.61920E-10
Fe74 ,1.77000E-11,1.13280E-11
Fe75 ,2.54213E-12,1.62696E-12
Fe76 ,3.31000E-14,2.11840E-14
Co66 ,3.67000E-06,2.34880E-06
Co67 ,8.17000E-06,5.22880E-06
Co68 ,7.19000E-06,4.60160E-06
Co69 ,6.26000E-06,4.00640E-06
Co70 ,4.13000E-06,2.64320E-06
Co71 ,1.96000E-06,1.25440E-06
Co72 ,7.47000E-07,4.78080E-07
Co73 ,1.61000E-07,1.03040E-07
Co74 ,2.72000E-08,1.74080E-08
Co75 ,3.41746E-09,2.18717E-09
Co76 ,3.04000E-10,1.94560E-10
Co77 ,1.31609E-11,8.42295E-12
Co78 ,9.71560E-13,6.21798E-13
Ni66 ,9.65999E-07,6.18240E-07
Ni67 ,4.61000E-06,2.95040E-06
Ni68 ,8.62000E-06,5.51680E-06
Ni69 ,1.63500E-05,1.04640E-05
Ni70 ,2.33100E-05,1.49184E-05
Ni71 ,2.43200E-05,1.55648E-05
Ni72 ,2.09200E-05,1.33888E-05
Ni73 ,1.06100E-05,6.79040E-06
Ni74 ,4.20000E-06,2.68800E-06
Ni75 ,1.25000E-06,8.00000E-07
Ni76 ,2.68000E-07,1.71520E-07
Ni77 ,3.81868E-08,2.44396E-08
Ni78 ,3.80903E-09,2.43778E-09
Ni79 ,2.25967E-10,1.44619E-10
Ni80 ,7.75000E-12,4.96000E-12
Ni82 ,0.00000E+00,0.00000E+00
Cu66 ,3.12000E-08,1.99680E-08
Cu67 ,3.36000E-07,2.15040E-07
Cu68 ,2.50000E-07,1.60000E-07
Cu68m ,1.14000E-06,7.29600E-07
Cu69 ,5.82000E-06,3.72480E-06
Cu70 ,2.66000E-06,1.70240E-06
Cu70m ,1.50600E-05,9.63839E-06
Cu71 ,3.93200E-05,2.51648E-05
Cu72 ,7.24300E-05,4.63552E-05
Cu73 ,8.15900E-05,5.22176E-05
Cu74 ,7.18200E-05,4.59648E-05
Cu75 ,4.85900E-05,3.10976E-05
Cu76 ,2.40900E-05,1.54176E-05
Cu77 ,8.27000E-06,5.29280E-06
Cu78 ,2.02000E-06,1.29280E-06
Cu79 ,3.03774E-07,1.94415E-07
Cu80 ,2.84000E-08,1.81760E-08
Cu81 ,1.79000E-09,1.14560E-09
Cu82 ,6.41000E-11,4.10240E-11
Cu83 ,  , 
Zn66 ,1.08000E-10,6.91200E-11
Zn67 ,2.75000E-09,1.76000E-09
Zn68 ,2.65000E-08,1.69600E-08
Zn69 ,2.86000E-08,1.83040E-08
Zn69m ,2.31000E-07,1.47840E-07
Zn70 ,1.77000E-06,1.13280E-06
Zn71 ,9.46999E-07,6.06080E-07
Zn71m ,7.66000E-06,4.90240E-06
Zn72 ,3.41400E-05,2.18496E-05
Zn73 ,8.35200E-05,5.34528E-05
Zn74 ,1.56570E-04,1.00205E-04
Zn75 ,2.28070E-04,1.45965E-04
Zn76 ,2.47890E-04,1.58650E-04
Zn77 ,1.94890E-04,1.24730E-04
Zn78 ,1.11430E-04,7.13152E-05
Zn79 ,4.18800E-05,2.68032E-05
Zn80 ,1.01600E-05,6.50240E-06
Zn81 ,1.73000E-06,1.10720E-06
Zn82 ,1.73000E-07,1.10720E-07
Zn83 ,1.11000E-08,7.10400E-09
Zn84 ,4.05000E-10,2.59200E-10
Zn85 ,3.01785E-11,1.93142E-11
Zn86 ,9.20999E-14,5.89440E-14
Ga66 ,3.67000E-14,2.34880E-14
Ga67 ,2.28000E-12,1.45920E-12
Ga68 ,5.29000E-11,3.38560E-11
Ga69 ,1.27000E-09,8.12800E-10
Ga70 ,2.03000E-08,1.29920E-08
Ga71 ,2.29000E-07,1.46560E-07
Ga72 ,1.03000E-06,6.59200E-07
Ga72m ,1.03000E-06,6.59200E-07
Ga73 ,1.14100E-05,7.30240E-06
Ga74 ,2.32450E-05,1.48768E-05
Ga74m ,2.32450E-05,1.48768E-05
Ga75 ,1.44960E-04,9.27743E-05
Ga76 ,3.35050E-04,2.14432E-04
Ga77 ,5.74080E-04,3.67411E-04
Ga78 ,7.26120E-04,4.64717E-04
Ga79 ,6.43390E-04,4.11769E-04
Ga80 ,3.85890E-04,2.46969E-04
Ga81 ,1.70170E-04,1.08909E-04
Ga82 ,4.59900E-05,2.94336E-05
Ga83 ,8.13000E-06,5.20320E-06
Ga84 ,8.45000E-07,5.40800E-07
Ga85 ,4.05698E-08,2.59647E-08
Ga86 ,1.53000E-09,9.79199E-10
Ga87 ,5.51240E-11,3.52794E-11
Ga88 ,  , 
Ge66 ,0.00000E+00,0.00000E+00
Ge67 ,0.00000E+00,0.00000E+00
Ge68 ,1.02000E-14,6.52800E-15
Ge69 ,6.12000E-13,3.91680E-13
Ge70 ,2.38000E-11,1.52320E-11
Ge71 ,3.22000E-10,2.06080E-10
Ge71m ,3.22000E-10,2.06080E-10
Ge72 ,1.37000E-08,8.76799E-09
Ge73 ,1.62000E-07,1.03680E-07
Ge73m ,2.01000E-08,1.28640E-08
Ge74 ,1.71000E-06,1.09440E-06
Ge75 ,9.59999E-07,6.14400E-07
Ge75m ,1.10400E-05,7.06560E-06
Ge76 ,6.10600E-05,3.90784E-05
Ge77 ,2.14390E-04,1.37210E-04
Ge77m ,1.61400E-05,1.03296E-05
Ge78 ,6.34200E-04,4.05888E-04
Ge79 ,6.34360E-04,4.05990E-04
Ge79m ,6.34360E-04,4.05990E-04
Ge80 ,1.76903E-03,1.13218E-03
Ge81 ,1.90150E-03,1.21696E-03
Ge82 ,1.31477E-03,8.41452E-04
Ge83 ,6.11540E-04,3.91385E-04
Ge84 ,1.74950E-04,1.11968E-04
Ge85 ,2.35900E-05,1.50976E-05
Ge86 ,2.41000E-06,1.54240E-06
Ge87 ,1.59945E-07,1.02365E-07
Ge88 ,8.88999E-09,5.68960E-09
Ge89 ,6.39992E-10,4.09595E-10
Ge90 ,  , 
As69 ,0.00000E+00,0.00000E+00
As71 ,1.77000E-13,1.13280E-13
As72 ,9.21999E-12,5.90080E-12
As73 ,3.03000E-10,1.93920E-10
As74 ,1.22000E-09,7.80800E-10
As74m ,5.56000E-09,3.55840E-09
As75 ,1.12000E-07,7.16800E-08
As76 ,1.33000E-06,8.51200E-07
As77 ,1.17100E-05,7.49440E-06
As78 ,7.33700E-05,4.69568E-05
As79 ,3.40670E-04,2.18029E-04
As80 ,1.10370E-03,7.06368E-04
As81 ,2.78651E-03,1.78337E-03
As82 ,2.32441E-03,1.48762E-03
As82m ,2.32464E-03,1.48777E-03
As83 ,5.32319E-03,3.40684E-03
As84 ,1.97383E-03,1.26325E-03
As84m ,1.97383E-03,1.26325E-03
As85 ,1.42161E-03,9.09830E-04
As86 ,3.79700E-04,2.43008E-04
As87 ,6.59600E-05,4.22144E-05
As88 ,9.64999E-06,6.17600E-06
As89 ,8.60360E-07,5.50630E-07
As90 ,8.78739E-09,5.62393E-09
As91 ,1.27474E-09,8.15835E-10
As92 ,6.65557E-11,4.25956E-11
As93 ,  , 
Se72 ,0.00000E+00,0.00000E+00
Se73 ,4.32000E-14,2.76480E-14
Se73m ,0.00000E+00,0.00000E+00
Se74 ,2.66000E-12,1.70240E-12
Se75 ,1.07000E-10,6.84800E-11
Se76 ,3.05000E-09,1.95200E-09
Se77 ,5.22000E-09,3.34080E-09
Se77m ,6.01000E-08,3.84640E-08
Se78 ,9.82999E-07,6.29120E-07
Se79 ,1.04500E-05,6.68800E-06
Se79m ,7.87000E-07,5.03680E-07
Se80 ,8.95999E-05,5.73440E-05
Se81 ,4.41000E-05,2.82240E-05
Se81m ,5.07170E-04,3.24589E-04
Se82 ,2.23548E-03,1.43071E-03
Se83 ,5.46367E-03,3.49675E-03
Se83m ,6.75540E-04,4.32345E-04
Se84 ,1.12021E-02,2.57649E-03
Se85 ,5.03095E-03,3.21981E-03
Se85m ,5.01584E-03,3.21014E-03
Se86 ,6.61978E-03,4.23666E-03
Se87 ,2.85651E-03,1.82817E-03
Se88 ,1.06141E-03,6.79302E-04
Se89 ,2.34360E-04,1.49990E-04
Se90 ,3.44512E-05,2.20488E-05
Se91 ,3.69872E-06,2.36718E-06
Se92 ,2.60933E-07,1.66997E-07
Se93 ,6.73441E-09,4.31002E-09
Se94 ,3.89000E-10,2.48960E-10
Se95 ,  , 
Se96 ,1.36000E-13,8.70399E-14
Br75 ,0.00000E+00,0.00000E+00
Br77 ,5.09000E-12,3.25760E-12
Br77m ,3.12000E-11,1.99680E-11
Br78 ,1.35000E-09,8.63999E-10
Br79 ,5.57000E-09,3.56480E-09
Br79m ,3.42000E-08,2.18880E-08
Br80 ,1.23000E-07,7.87200E-08
Br80m ,6.98000E-07,4.46720E-07
Br81 ,1.31100E-05,8.39040E-06
Br82 ,1.12800E-04,7.21920E-05
Br82m ,2.47600E-05,1.58464E-05
Br83 ,9.49429E-04,6.07635E-04
Br84 ,9.48249E-04,6.06880E-04
Br84m ,3.36197E-03,2.15166E-03
Br85 ,9.24793E-03,2.95934E-03
Br86 ,7.37016E-03,4.71690E-03
Br86m ,7.36873E-03,4.71598E-03
Br87 ,1.46840E-02,4.69889E-03
Br88 ,1.31936E-02,4.22194E-03
Br89 ,6.85337E-03,4.38615E-03
Br90 ,2.42540E-03,1.55226E-03
Br91 ,6.39540E-04,4.09305E-04
Br92 ,1.12180E-04,7.17952E-05
Br93 ,9.05326E-06,5.79409E-06
Br94 ,1.05000E-06,6.72000E-07
Br95 ,1.34916E-08,8.63462E-09
Br96 ,2.36000E-09,1.51040E-09
Br97 ,1.05769E-10,6.76923E-11
Br98 ,  , 
Kr77 ,0.00000E+00,0.00000E+00
Kr78 ,1.80000E-13,1.15200E-13
Kr79 ,6.95000E-12,4.44800E-12
Kr79m ,6.95000E-12,4.44800E-12
Kr80 ,7.63000E-10,4.88320E-10
Kr81 ,3.06000E-08,1.95840E-08
Kr81m ,2.30000E-09,1.47200E-09
Kr82 ,9.40999E-07,6.02240E-07
Kr83 ,1.54300E-05,9.87519E-06
Kr83m ,1.91000E-06,1.22240E-06
Kr84 ,2.09690E-04,1.34202E-04
Kr85 ,1.08828E-03,6.96499E-04
Kr85m ,1.31570E-04,8.42048E-05
Kr86 ,4.46694E-03,2.85884E-03
Kr87 ,1.48402E-02,2.37444E-03
Kr88 ,2.10167E-02,3.36267E-03
Kr89 ,2.69914E-02,8.63724E-03
Kr90 ,2.09152E-02,6.69287E-03
Kr91 ,1.17800E-02,3.76961E-03
Kr92 ,4.87399E-03,3.11935E-03
Kr93 ,9.96669E-04,6.37868E-04
Kr94 ,2.79460E-04,1.78854E-04
Kr95 ,3.91465E-05,2.50538E-05
Kr96 ,3.89000E-06,2.48960E-06
Kr97 ,3.06894E-07,1.96412E-07
Kr98 ,1.30000E-08,8.32000E-09
Kr99 ,6.65376E-10,4.25841E-10
Kr100 ,1.04000E-11,6.65600E-12
Rb79 ,0.00000E+00,0.00000E+00
Rb81 ,8.06000E-12,5.15840E-12
Rb83 ,3.30000E-08,2.11200E-08
Rb84 ,1.12000E-06,7.16800E-07
Rb85 ,1.75100E-05,1.12064E-05
Rb86 ,8.39200E-05,5.37088E-05
Rb86m ,8.39200E-05,5.37088E-05
Rb87 ,9.70319E-04,6.21004E-04
Rb88 ,4.22585E-03,2.70454E-03
Rb89 ,1.17990E-02,3.77567E-03
Rb90 ,2.36745E-03,1.51517E-03
Rb90m ,1.91539E-02,6.12926E-03
Rb91 ,2.93761E-02,9.40035E-03
Rb92 ,2.75389E-02,8.81245E-03
Rb93 ,1.63040E-02,5.21726E-03
Rb94 ,7.99725E-03,5.11824E-03
Rb95 ,2.69559E-03,1.72518E-03
Rb96 ,6.42720E-04,4.11341E-04
Rb97 ,1.20600E-04,7.71840E-05
Rb98 ,1.25500E-05,8.03200E-06
Rb99 ,8.94485E-07,5.72470E-07
Rb100 ,6.08000E-08,3.89120E-08
Rb101 ,1.24718E-09,7.98195E-10
Rb102 ,7.11457E-11,4.55333E-11
Rb103 ,  , 
Sr83 ,6.09000E-12,3.89760E-12
Sr84 ,5.93000E-10,3.79520E-10
Sr85 ,1.32500E-08,8.48000E-09
Sr85m ,1.32500E-08,8.48000E-09
Sr86 ,6.81000E-07,4.35840E-07
Sr87 ,9.04999E-06,5.79200E-06
Sr87m ,1.12000E-06,7.16800E-07
Sr88 ,1.12150E-04,7.17760E-05
Sr89 ,7.61700E-04,4.87488E-04
Sr90 ,3.12168E-03,1.99787E-03
Sr91 ,9.66988E-03,6.18873E-03
Sr92 ,1.99960E-02,6.39873E-03
Sr93 ,2.90564E-02,9.29805E-03
Sr94 ,2.81891E-02,9.02051E-03
Sr95 ,2.15743E-02,6.90378E-03
Sr96 ,1.16979E-02,3.74332E-03
Sr97 ,4.99837E-03,3.19895E-03
Sr98 ,1.23442E-03,7.90028E-04
Sr99 ,2.58355E-04,1.65347E-04
Sr100 ,3.45200E-05,2.20928E-05
Sr101 ,3.61875E-06,2.31600E-06
Sr102 ,2.78929E-07,1.78514E-07
Sr103 ,1.38107E-08,8.83887E-09
Sr104 ,4.00000E-09,2.56000E-09
Sr105 ,3.12477E-10,1.99985E-10
Sr106 ,3.88667E-11,2.48747E-11
Sr107 ,  , 
Y85 ,3.86000E-12,2.47040E-12
Y87 ,1.09000E-08,6.97600E-09
Y88 ,3.16000E-07,2.02240E-07
Y89 ,5.75000E-07,3.68000E-07
Y89m ,4.65000E-06,2.97600E-06
Y90 ,2.67900E-05,1.71456E-05
Y90m ,2.67900E-05,1.71456E-05
Y91 ,1.88650E-04,1.20736E-04
Y91m ,1.88650E-04,1.20736E-04
Y92 ,2.01232E-03,1.28788E-03
Y93 ,3.32642E-03,2.12891E-03
Y93m ,3.32642E-03,2.12891E-03
Y94 ,1.35788E-02,4.34522E-03
Y95 ,2.30709E-02,7.38268E-03
Y96 ,1.62637E-03,1.04088E-03
Y96m ,2.54809E-02,5.86061E-03
Y97 ,1.24730E-02,7.98272E-03
Y97m ,1.24730E-02,7.98272E-03
Y98 ,6.90836E-03,4.42135E-03
Y98m ,6.90820E-03,4.42125E-03
Y99 ,6.65908E-03,4.26181E-03
Y100 ,2.03472E-03,1.30222E-03
Y101 ,4.98060E-04,3.18758E-04
Y102 ,9.12999E-05,5.84320E-05
Y103 ,1.85662E-05,1.18824E-05
Y104 ,4.44000E-06,2.84160E-06
Y105 ,4.20071E-07,2.68846E-07
Y106 ,3.86694E-08,2.47484E-08
Y107 ,6.60248E-10,4.22559E-10
Y108 ,4.05454E-11,2.59491E-11
Y109 ,  , 
Zr87 ,1.11000E-12,7.10400E-13
Zr88 ,8.68999E-11,5.56160E-11
Zr89 ,3.67000E-09,2.34880E-09
Zr90 ,4.76000E-08,3.04640E-08
Zr90m ,4.76000E-08,3.04640E-08
Zr91 ,1.68000E-06,1.07520E-06
Zr92 ,2.19800E-05,1.40672E-05
Zr93 ,1.68970E-04,1.08141E-04
Zr94 ,8.35820E-04,5.34924E-04
Zr95 ,3.25208E-03,2.08133E-03
Zr96 ,8.55122E-03,5.47278E-03
Zr97 ,1.68227E-02,5.38326E-03
Zr98 ,2.02016E-02,6.46450E-03
Zr99 ,2.12573E-02,6.80233E-03
Zr100 ,1.41057E-02,4.51383E-03
Zr101 ,7.65227E-03,4.89745E-03
Zr102 ,3.17734E-03,2.03350E-03
Zr103 ,1.30801E-03,8.37126E-04
Zr104 ,4.99980E-04,3.19987E-04
Zr105 ,1.21330E-04,7.76509E-05
Zr106 ,1.50913E-05,9.65842E-06
Zr107 ,1.91574E-06,1.22607E-06
Zr108 ,1.58959E-07,1.01734E-07
Zr109 ,6.23639E-09,3.99129E-09
Zr110 ,3.84000E-10,2.45760E-10
Zr111 ,6.73204E-11,4.30851E-11
Nb89 ,2.45000E-13,1.56800E-13
Nb90 ,1.64000E-11,1.04960E-11
Nb91 ,7.38000E-10,4.72320E-10
Nb92 ,2.46000E-08,1.57440E-08
Nb93 ,4.23000E-07,2.70720E-07
Nb93m ,5.23000E-08,3.34720E-08
Nb94 ,4.23000E-06,2.70720E-06
Nb94m ,1.49000E-06,9.53599E-07
Nb95 ,4.92300E-05,3.15072E-05
Nb95m ,6.08000E-06,3.89120E-06
Nb96 ,1.88790E-04,1.20826E-04
Nb97 ,1.30377E-03,8.34412E-04
Nb97m ,1.61140E-04,1.03130E-04
Nb98 ,3.39883E-03,2.17525E-03
Nb98m ,5.99850E-04,3.83904E-04
Nb99 ,7.40000E-04,4.73600E-04
Nb99m ,8.50967E-03,5.44619E-03
Nb100 ,6.53790E-03,4.18425E-03
Nb100m ,6.53790E-03,4.18425E-03
Nb101 ,1.50976E-02,4.83122E-03
Nb102 ,6.73500E-03,4.31040E-03
Nb102m ,6.73500E-03,4.31040E-03
Nb103 ,1.07021E-02,3.42467E-03
Nb104 ,3.17453E-03,2.03170E-03
Nb104m ,3.17453E-03,2.03170E-03
Nb105 ,3.12739E-03,2.00153E-03
Nb106 ,8.92169E-04,5.70988E-04
Nb107 ,2.56363E-04,1.64073E-04
Nb108 ,5.21200E-05,3.33568E-05
Nb109 ,8.38376E-06,5.36561E-06
Nb110 ,7.29000E-07,4.66560E-07
Nb111 ,9.05008E-08,5.79205E-08
Nb112 ,1.08886E-09,6.96871E-10
Nb113 ,2.08929E-10,1.33714E-10
Nb114 ,4.92155E-12,3.14979E-12
Mo90 ,0.00000E+00,0.00000E+00
Mo91 ,3.07000E-14,1.96480E-14
Mo92 ,2.64000E-12,1.68960E-12
Mo93 ,6.55000E-11,4.19200E-11
Mo93m ,6.55000E-11,4.19200E-11
Mo94 ,3.92000E-09,2.50880E-09
Mo95 ,9.59999E-08,6.14400E-08
Mo96 ,1.42000E-06,9.08799E-07
Mo97 ,1.46800E-05,9.39519E-06
Mo98 ,9.51299E-05,6.08832E-05
Mo99 ,5.11650E-04,3.27456E-04
Mo100 ,1.61002E-03,1.03041E-03
Mo101 ,4.05174E-03,2.59311E-03
Mo102 ,7.75001E-03,4.96000E-03
Mo103 ,1.16048E-02,3.71352E-03
Mo104 ,1.04587E-02,3.34679E-03
Mo105 ,9.98323E-03,6.38927E-03
Mo106 ,6.18496E-03,3.95837E-03
Mo107 ,3.96828E-03,2.53970E-03
Mo108 ,1.81400E-03,1.16096E-03
Mo109 ,6.59780E-04,4.22259E-04
Mo110 ,1.37930E-04,8.82751E-05
Mo111 ,2.61394E-05,1.67292E-05
Mo112 ,4.26891E-06,2.73210E-06
Mo113 ,6.06216E-07,3.87978E-07
Mo114 ,1.92951E-08,1.23488E-08
Mo115 ,6.15354E-10,3.93827E-10
Mo116 ,4.62000E-11,2.95680E-11
Tc93 ,0.00000E+00,0.00000E+00
Tc95 ,1.44000E-11,9.21599E-12
Tc95m ,1.77000E-12,1.13280E-12
Tc97 ,7.50000E-09,4.80000E-09
Tc97m ,7.50000E-09,4.80000E-09
Tc98 ,2.39000E-07,1.52960E-07
Tc99 ,2.78000E-06,1.77920E-06
Tc99m ,3.44000E-07,2.20160E-07
Tc100 ,2.30600E-05,1.47584E-05
Tc101 ,1.33690E-04,8.55616E-05
Tc102 ,2.88580E-04,1.84691E-04
Tc102m ,2.88580E-04,1.84691E-04
Tc103 ,1.65729E-03,1.06066E-03
Tc104 ,2.33969E-03,1.49740E-03
Tc105 ,4.63870E-03,2.96877E-03
Tc106 ,6.07005E-03,2.73152E-03
Tc107 ,7.82922E-03,5.01070E-03
Tc108 ,7.69001E-03,4.92160E-03
Tc109 ,5.99048E-03,3.83390E-03
Tc110 ,2.85695E-03,1.82845E-03
Tc111 ,1.24042E-03,7.93868E-04
Tc112 ,4.58920E-04,2.93709E-04
Tc113 ,8.11235E-05,5.19191E-05
Tc114 ,1.17400E-05,7.51360E-06
Tc115 ,8.27239E-07,5.29433E-07
Tc116 ,1.54000E-07,9.85599E-08
Tc117 ,2.68385E-09,1.71766E-09
Tc118 ,2.32817E-10,1.49003E-10
Tc119 ,2.66662E-11,1.70664E-11
Ru95 ,0.00000E+00,0.00000E+00
Ru96 ,0.00000E+00,0.00000E+00
Ru97 ,1.46000E-12,9.34399E-13
Ru98 ,5.85000E-11,3.74400E-11
Ru99 ,1.91000E-09,1.22240E-09
Ru100 ,3.41000E-08,2.18240E-08
Ru101 ,4.73000E-07,3.02720E-07
Ru102 ,4.83000E-06,3.09120E-06
Ru103 ,2.88900E-05,1.84896E-05
Ru104 ,6.34800E-05,4.06272E-05
Ru105 ,2.40290E-04,1.53786E-04
Ru106 ,7.05950E-04,4.51808E-04
Ru107 ,2.10113E-03,1.34472E-03
Ru108 ,4.42423E-03,2.83151E-03
Ru109 ,3.59247E-03,2.29918E-03
Ru109m ,3.59247E-03,2.29918E-03
Ru110 ,7.45936E-03,4.77399E-03
Ru111 ,6.99921E-03,4.47949E-03
Ru112 ,5.58744E-03,3.57596E-03
Ru113 ,2.23999E-03,1.43359E-03
Ru114 ,7.39500E-04,4.73280E-04
Ru115 ,2.38932E-04,1.52916E-04
Ru116 ,5.03200E-05,3.22048E-05
Ru117 ,7.78731E-06,4.98388E-06
Ru118 ,9.12767E-07,5.84171E-07
Ru119 ,7.73733E-08,4.95189E-08
Ru120 ,4.86000E-09,3.11040E-09
Ru121 ,3.88009E-10,2.48326E-10
Ru122 ,7.46000E-12,4.77440E-12
Ru124 ,0.00000E+00,0.00000E+00
Rh99 ,1.11000E-13,7.10400E-14
Rh101 ,1.81000E-11,1.15840E-11
Rh101m ,1.47000E-10,9.40799E-11
Rh102 ,2.05000E-09,1.31200E-09
Rh102m ,2.05000E-09,1.31200E-09
Rh103 ,3.88000E-09,2.48320E-09
Rh103m ,4.46000E-08,2.85440E-08
Rh104 ,2.74000E-08,1.75360E-08
Rh104m ,1.55000E-07,9.91999E-08
Rh105 ,1.46000E-06,9.34399E-07
Rh105m ,1.10000E-07,7.04000E-08
Rh106 ,5.40000E-06,3.45600E-06
Rh106m ,5.40000E-06,3.45600E-06
Rh107 ,6.93300E-05,4.43712E-05
Rh108 ,1.64750E-04,1.05440E-04
Rh108m ,1.64750E-04,1.05440E-04
Rh109 ,5.78940E-04,3.70521E-04
Rh109m ,5.78940E-04,3.70521E-04
Rh110 ,1.32769E-03,8.49721E-04
Rh110m ,1.32769E-03,8.49721E-04
Rh111 ,5.32000E-03,3.40480E-03
Rh112 ,8.92001E-03,4.01401E-03
Rh113 ,7.64375E-03,4.89200E-03
Rh114 ,5.45471E-03,3.49101E-03
Rh115 ,3.84363E-03,2.45992E-03
Rh116 ,1.75115E-03,1.12074E-03
Rh117 ,5.99200E-04,3.83488E-04
Rh118 ,1.57680E-04,1.00915E-04
Rh119 ,3.04100E-05,1.94624E-05
Rh120 ,4.38000E-06,2.80320E-06
Rh121 ,5.21612E-07,3.33831E-07
Rh122 ,3.80000E-08,2.43200E-08
Rh123 ,2.32000E-09,1.48480E-09
Rh124 ,9.63999E-11,6.16960E-11
Pd99 ,0.00000E+00,0.00000E+00
Pd101 ,0.00000E+00,0.00000E+00
Pd102 ,3.31000E-13,2.11840E-13
Pd103 ,8.34000E-12,5.33760E-12
Pd104 ,5.15000E-11,3.29600E-11
Pd105 ,9.35999E-10,5.99040E-10
Pd106 ,1.60000E-08,1.02400E-08
Pd107 ,5.15000E-08,3.29600E-08
Pd107m ,1.94000E-07,1.24160E-07
Pd108 ,2.76000E-06,1.76640E-06
Pd109 ,4.64000E-06,2.96960E-06
Pd109m ,1.74700E-05,1.11808E-05
Pd110 ,1.18550E-04,7.58720E-05
Pd111 ,1.11680E-04,7.14752E-05
Pd111m ,4.20120E-04,2.68877E-04
Pd112 ,1.88509E-03,1.20646E-03
Pd113 ,6.85063E-03,4.38440E-03
Pd114 ,5.36657E-03,3.43460E-03
Pd115 ,8.10756E-03,5.18884E-03
Pd116 ,7.42383E-03,4.75125E-03
Pd117 ,5.32822E-03,3.41006E-03
Pd118 ,2.99787E-03,1.91864E-03
Pd119 ,1.26037E-03,8.06636E-04
Pd120 ,4.03110E-04,2.57990E-04
Pd121 ,1.10500E-04,7.07200E-05
Pd122 ,1.87800E-05,1.20192E-05
Pd123 ,2.71000E-06,1.73440E-06
Pd124 ,2.73000E-07,1.74720E-07
Pd125 ,1.76000E-08,1.12640E-08
Pd126 ,1.58000E-09,1.01120E-09
Pd127 ,4.45987E-10,2.85432E-10
Pd128 ,1.69000E-11,1.08160E-11
Pd129 ,  , 
Pd130 ,0.00000E+00,0.00000E+00
Ag103 ,0.00000E+00,0.00000E+00
Ag105 ,0.00000E+00,0.00000E+00
Ag105m ,4.99000E-14,3.19360E-14
Ag106 ,4.09000E-13,2.61760E-13
Ag106m ,1.86000E-12,1.19040E-12
Ag107 ,6.84000E-12,4.37760E-12
Ag107m ,7.86000E-11,5.03040E-11
Ag108 ,1.17000E-09,7.48800E-10
Ag108m ,1.17000E-09,7.48800E-10
Ag109 ,2.14000E-08,1.36960E-08
Ag109m ,2.14000E-08,1.36960E-08
Ag110 ,1.04000E-07,6.65600E-08
Ag110m ,4.73000E-07,3.02720E-07
Ag111 ,4.88000E-07,3.12320E-07
Ag111m ,5.61000E-06,3.59040E-06
Ag112 ,4.95200E-05,3.16928E-05
Ag113 ,1.65600E-05,1.05984E-05
Ag113m ,1.90430E-04,1.21875E-04
Ag114 ,7.03220E-04,4.50061E-04
Ag115 ,1.10278E-03,7.05779E-04
Ag115m ,1.10278E-03,7.05779E-04
Ag116 ,2.13570E-03,1.36685E-03
Ag116m ,2.13570E-03,1.36685E-03
Ag117 ,3.13357E-03,2.00548E-03
Ag117m ,3.13357E-03,2.00548E-03
Ag118 ,3.61197E-03,2.31166E-03
Ag118m ,3.61197E-03,2.31166E-03
Ag119 ,6.28958E-03,4.02533E-03
Ag120 ,2.11840E-03,1.35578E-03
Ag120m ,2.11840E-03,1.35578E-03
Ag121 ,2.54829E-03,1.63090E-03
Ag122 ,4.84725E-04,3.10224E-04
Ag122m ,4.84725E-04,3.10224E-04
Ag123 ,3.18510E-04,2.03846E-04
Ag124 ,7.59500E-05,4.86080E-05
Ag125 ,1.17200E-05,7.50080E-06
Ag126 ,2.38000E-06,1.52320E-06
Ag127 ,5.99554E-07,3.83714E-07
Ag128 ,8.41000E-08,5.38240E-08
Ag129 ,1.84321E-09,1.17965E-09
Ag130 ,1.55000E-10,9.91999E-11
Ag131 ,  , 
Cd105 ,0.00000E+00,0.00000E+00
Cd106 ,0.00000E+00,0.00000E+00
Cd107 ,0.00000E+00,0.00000E+00
Cd108 ,1.89000E-13,1.20960E-13
Cd109 ,8.28000E-12,5.29920E-12
Cd110 ,2.79000E-10,1.78560E-10
Cd111 ,9.99999E-10,6.40000E-10
Cd111m ,6.14000E-09,3.92960E-09
Cd112 ,1.39000E-07,8.89599E-08
Cd113 ,1.89000E-07,1.20960E-07
Cd113m ,1.16000E-06,7.42400E-07
Cd114 ,1.07600E-05,6.88640E-06
Cd115 ,1.06400E-05,6.80960E-06
Cd115m ,6.53600E-05,4.18304E-05
Cd116 ,3.18090E-04,2.03577E-04
Cd117 ,1.38470E-04,8.86207E-05
Cd117m ,8.50590E-04,5.44377E-04
Cd118 ,2.37267E-03,1.51851E-03
Cd119 ,2.12165E-03,1.35786E-03
Cd119m ,2.12165E-03,1.35786E-03
Cd120 ,5.84142E-03,3.73851E-03
Cd121 ,3.98467E-03,2.55019E-03
Cd121m ,3.98467E-03,2.55019E-03
Cd122 ,5.93828E-03,3.80050E-03
Cd123 ,4.21930E-03,2.70035E-03
Cd124 ,2.27016E-03,1.45290E-03
Cd125 ,8.06530E-04,5.16179E-04
Cd126 ,3.59460E-04,2.30054E-04
Cd127 ,1.45770E-04,9.32927E-05
Cd128 ,4.06400E-05,2.60096E-05
Cd129 ,5.34815E-06,3.42282E-06
Cd130 ,4.70000E-07,3.00800E-07
Cd131 ,2.74000E-08,1.75360E-08
Cd132 ,7.69000E-10,4.92160E-10
Cd133 ,6.68238E-11,4.27672E-11
Cd134 ,1.80000E-13,1.15200E-13
Cd136 ,0.00000E+00,0.00000E+00
In107 ,0.00000E+00,0.00000E+00
In109 ,0.00000E+00,0.00000E+00
In111 ,8.03000E-13,5.13920E-13
In112 ,4.10000E-12,2.62400E-12
In112m ,3.32000E-11,2.12480E-11
In113 ,7.89000E-10,5.04960E-10
In113m ,9.74999E-11,6.24000E-11
In114 ,2.56000E-09,1.63840E-09
In114m ,1.45000E-08,9.27999E-09
In115 ,2.51000E-07,1.60640E-07
In115m ,3.10000E-08,1.98400E-08
In116 ,8.86666E-07,5.67466E-07
In116m ,8.86666E-07,5.67466E-07
In116n ,8.86666E-07,5.67466E-07
In117 ,1.64400E-05,1.05216E-05
In117m ,2.03000E-06,1.29920E-06
In118 ,8.26100E-05,5.28704E-05
In118m ,7.29000E-06,4.66560E-06
In118n ,7.29000E-06,4.66560E-06
In119 ,3.32890E-04,2.13049E-04
In119m ,4.11400E-05,2.63296E-05
In120 ,3.62166E-04,2.31787E-04
In120m ,3.62166E-04,2.31787E-04
In120n ,3.62166E-04,2.31787E-04
In121 ,6.00633E-03,3.84405E-03
In121m ,3.18500E-04,2.03840E-04
In122 ,2.44354E-03,1.56386E-03
In122m ,1.22178E-03,7.81942E-04
In122n ,1.22178E-03,7.81942E-04
In123 ,6.44370E-03,4.12397E-03
In123m ,7.96410E-04,5.09702E-04
In124 ,4.17489E-03,2.67193E-03
In124m ,4.17489E-03,2.67193E-03
In125 ,3.23177E-03,2.06833E-03
In125m ,3.23177E-03,2.06833E-03
In126 ,3.00654E-03,1.92419E-03
In126m ,3.00654E-03,1.92419E-03
In127 ,1.91302E-03,1.22433E-03
In127m ,1.91302E-03,1.22433E-03
In128 ,1.02629E-03,6.56825E-04
In128m ,1.02629E-03,6.56825E-04
In129 ,3.22010E-04,2.06086E-04
In129m ,3.22010E-04,2.06086E-04
In130 ,4.67033E-05,2.98901E-05
In130m ,4.67033E-05,2.98901E-05
In130n ,4.67033E-05,2.98901E-05
In131 ,1.07450E-05,6.87680E-06
In131m ,1.07450E-05,6.87680E-06
In132 ,1.64000E-06,1.04960E-06
In133 ,8.98331E-08,5.74932E-08
In134 ,2.92000E-09,1.86880E-09
In135 ,1.04391E-10,6.68103E-11
In136 ,1.30000E-12,8.32000E-13
Sn111 ,0.00000E+00,0.00000E+00
Sn112 ,0.00000E+00,0.00000E+00
Sn113 ,2.76000E-14,1.76640E-14
Sn113m ,2.76000E-14,1.76640E-14
Sn114 ,2.61000E-12,1.67040E-12
Sn115 ,1.03000E-10,6.59200E-11
Sn116 ,2.25000E-09,1.44000E-09
Sn117 ,1.80000E-08,1.15200E-08
Sn117m ,1.80000E-08,1.15200E-08
Sn118 ,4.32000E-07,2.76480E-07
Sn119 ,5.25000E-07,3.36000E-07
Sn119m ,3.22000E-06,2.06080E-06
Sn120 ,2.42000E-05,1.54880E-05
Sn121 ,2.59100E-05,1.65824E-05
Sn121m ,1.18010E-04,7.55264E-05
Sn122 ,5.31100E-04,3.39904E-04
Sn123 ,1.38224E-03,8.84633E-04
Sn123m ,3.03420E-04,1.94189E-04
Sn124 ,4.17824E-03,2.67407E-03
Sn125 ,5.64519E-03,3.61292E-03
Sn125m ,1.23919E-03,7.93081E-04
Sn126 ,1.28462E-02,4.11077E-03
Sn127 ,1.02213E-02,3.27081E-03
Sn127m ,2.24370E-03,1.43597E-03
Sn128 ,6.15763E-03,3.94088E-03
Sn128m ,6.15763E-03,3.94088E-03
Sn129 ,7.14512E-03,4.57287E-03
Sn129m ,1.56771E-03,1.00333E-03
Sn130 ,2.23479E-03,1.43027E-03
Sn130m ,2.23479E-03,1.43027E-03
Sn131 ,8.64389E-04,5.53209E-04
Sn131m ,8.64389E-04,5.53209E-04
Sn132 ,3.47900E-04,2.22656E-04
Sn133 ,5.10200E-05,3.26528E-05
Sn134 ,4.49000E-06,2.87360E-06
Sn135 ,3.02895E-07,1.93853E-07
Sn136 ,1.40000E-08,8.95999E-09
Sn137 ,3.79000E-10,2.42560E-10
Sn138 ,1.16000E-11,7.42400E-12
Sn139 ,  , 
Sb113 ,0.00000E+00,0.00000E+00
Sb115 ,0.00000E+00,0.00000E+00
Sb117 ,6.80000E-12,4.35200E-12
Sb118 ,4.94000E-11,3.16160E-11
Sb118m ,1.41000E-10,9.02399E-11
Sb119 ,3.82000E-09,2.44480E-09
Sb120 ,1.47000E-08,9.40799E-09
Sb120m ,4.19000E-08,2.68160E-08
Sb121 ,7.85000E-07,5.02400E-07
Sb122 ,2.00000E-06,1.28000E-06
Sb122m ,4.66000E-06,2.98240E-06
Sb123 ,4.77600E-05,3.05664E-05
Sb124 ,8.94199E-05,5.72288E-05
Sb124m ,8.94199E-05,5.72288E-05
Sb124n ,8.94199E-05,5.72288E-05
Sb125 ,9.79969E-04,6.27180E-04
Sb126 ,2.14296E-03,1.37149E-03
Sb126m ,8.03960E-04,5.14534E-04
Sb126n ,8.03960E-04,5.14534E-04
Sb127 ,5.53261E-03,2.48967E-03
Sb128 ,5.66434E-03,3.62518E-03
Sb128m ,4.27297E-03,2.73470E-03
Sb129 ,1.52527E-02,4.88087E-03
Sb130 ,9.95810E-03,6.37319E-03
Sb130m ,7.51224E-03,4.80783E-03
Sb131 ,1.60276E-02,5.12883E-03
Sb132 ,3.12907E-03,2.00260E-03
Sb132m ,4.89418E-03,3.13227E-03
Sb133 ,3.00721E-03,1.92461E-03
Sb134 ,3.46500E-04,2.21760E-04
Sb134m ,3.46500E-04,2.21760E-04
Sb135 ,1.21930E-04,7.80352E-05
Sb136 ,1.45500E-05,9.31199E-06
Sb137 ,1.02000E-06,6.52800E-07
Sb138 ,8.05000E-08,5.15200E-08
Sb139 ,2.71000E-09,1.73440E-09
Sb140 ,5.55906E-11,3.55780E-11
Sb141 ,  , 
Te115 ,0.00000E+00,0.00000E+00
Te117 ,0.00000E+00,0.00000E+00
Te118 ,0.00000E+00,0.00000E+00
Te119 ,3.73000E-13,2.38720E-13
Te120 ,1.29000E-11,8.25600E-12
Te121 ,2.13000E-10,1.36320E-10
Te121m ,2.13000E-10,1.36320E-10
Te122 ,8.56000E-09,5.47840E-09
Te123 ,2.02000E-08,1.29280E-08
Te123m ,1.24000E-07,7.93600E-08
Te124 ,1.92000E-06,1.22880E-06
Te125 ,2.29000E-06,1.46560E-06
Te125m ,1.41000E-05,9.02399E-06
Te126 ,1.34550E-04,8.61120E-05
Te127 ,5.54800E-05,3.55072E-05
Te127m ,2.52760E-04,1.61766E-04
Te128 ,1.05763E-03,6.76883E-04
Te129 ,6.52350E-04,4.17504E-04
Te129m ,2.97181E-03,1.90196E-03
Te130 ,9.28149E-03,5.94016E-03
Te131 ,3.53078E-03,2.25970E-03
Te131m ,1.60847E-02,5.14709E-03
Te132 ,2.31625E-02,3.70600E-03
Te133 ,3.75279E-03,2.40178E-03
Te133m ,1.70961E-02,5.47074E-03
Te134 ,1.18351E-02,3.78722E-03
Te135 ,5.16452E-03,3.30529E-03
Te136 ,1.53033E-03,9.79411E-04
Te137 ,2.72130E-04,1.74163E-04
Te138 ,5.37300E-05,3.43872E-05
Te139 ,4.58000E-06,2.93120E-06
Te140 ,2.17944E-07,1.39484E-07
Te141 ,7.93857E-09,5.08069E-09
Te142 ,3.36000E-10,2.15040E-10
Te143 ,  , 
Te144 ,  , 
I121 ,2.20000E-14,1.40800E-14
I123 ,4.26000E-11,2.72640E-11
I125 ,2.85000E-08,1.82400E-08
I126 ,5.22000E-07,3.34080E-07
I127 ,1.93000E-06,1.23520E-06
I128 ,1.29600E-05,8.29440E-06
I129 ,1.04950E-04,6.71680E-05
I130 ,5.20770E-04,3.33293E-04
I130m ,1.14320E-04,7.31648E-05
I131 ,3.21905E-03,2.06019E-03
I132 ,3.93921E-03,2.52109E-03
I132m ,3.93921E-03,2.52109E-03
I133 ,9.66329E-03,6.18451E-03
I133m ,9.66329E-03,6.18451E-03
I134 ,1.36008E-02,3.12817E-03
I134m ,1.57490E-02,3.62228E-03
I135 ,2.63071E-02,8.41828E-03
I136 ,9.12236E-03,5.83831E-03
I136m ,9.11873E-03,5.83599E-03
I137 ,7.78715E-03,4.98377E-03
I138 ,3.69865E-03,2.36713E-03
I139 ,7.72580E-04,4.94451E-04
I140 ,9.36299E-05,5.99232E-05
I141 ,1.06721E-05,6.83012E-06
I142 ,9.05999E-07,5.79840E-07
I143 ,8.55111E-09,5.47271E-09
I144 ,5.10005E-10,3.26403E-10
I145 ,4.09985E-11,2.62390E-11
I146 ,  , 
Xe124 ,0.00000E+00,0.00000E+00
Xe125 ,2.39000E-12,1.52960E-12
Xe125m ,2.39000E-12,1.52960E-12
Xe126 ,2.00000E-10,1.28000E-10
Xe127 ,6.00000E-10,3.84000E-10
Xe127m ,6.00000E-10,3.84000E-10
Xe128 ,1.63000E-08,1.04320E-08
Xe129 ,1.62000E-07,1.03680E-07
Xe129m ,1.62000E-07,1.03680E-07
Xe130 ,4.86000E-06,3.11040E-06
Xe131 ,1.03100E-05,6.59840E-06
Xe131m ,4.69900E-05,3.00736E-05
Xe132 ,4.19010E-04,2.68166E-04
Xe133 ,4.21400E-04,2.69696E-04
Xe133m ,1.91436E-03,1.22519E-03
Xe134 ,1.37993E-03,8.83155E-04
Xe134m ,6.28633E-03,4.02325E-03
Xe135 ,3.25859E-03,2.08550E-03
Xe135m ,1.48483E-02,4.75147E-03
Xe136 ,2.83414E-02,9.06925E-03
Xe137 ,2.93238E-02,9.38361E-03
Xe138 ,2.38939E-02,7.64606E-03
Xe139 ,1.19751E-02,7.66406E-03
Xe140 ,4.03458E-03,2.58213E-03
Xe141 ,9.53279E-04,6.10099E-04
Xe142 ,2.41110E-04,1.54310E-04
Xe143 ,1.24057E-05,7.93966E-06
Xe143m ,1.24057E-05,7.93966E-06
Xe144 ,1.99949E-06,1.27967E-06
Xe145 ,1.18959E-07,7.61337E-08
Xe146 ,4.57000E-09,2.92480E-09
Xe147 ,2.00267E-10,1.28171E-10
Xe148 ,2.44000E-12,1.56160E-12
Xe149 ,  , 
Xe150 ,0.00000E+00,0.00000E+00
Cs127 ,7.15000E-14,4.57600E-14
Cs129 ,9.78999E-11,6.26560E-11
Cs131 ,1.17000E-07,7.48800E-08
Cs132 ,2.29000E-06,1.46560E-06
Cs133 ,3.35300E-05,2.14592E-05
Cs134 ,1.40945E-04,9.02047E-05
Cs134m ,1.40945E-04,9.02047E-05
Cs135 ,8.08910E-04,5.17702E-04
Cs135m ,8.08910E-04,5.17702E-04
Cs136 ,4.11544E-03,2.63388E-03
Cs136m ,4.11544E-03,2.63388E-03
Cs137 ,1.29206E-02,4.13460E-03
Cs138 ,1.60893E-02,5.14856E-03
Cs138m ,1.57860E-02,5.05150E-03
Cs139 ,3.44926E-02,1.10376E-02
Cs140 ,2.30007E-02,7.36023E-03
Cs141 ,1.46548E-02,4.68953E-03
Cs142 ,6.90046E-03,4.41629E-03
Cs143 ,1.70878E-03,1.09362E-03
Cs144 ,3.29470E-04,2.10861E-04
Cs145 ,4.79000E-05,3.06560E-05
Cs146 ,4.63000E-06,2.96320E-06
Cs147 ,2.69225E-07,1.72304E-07
Cs148 ,1.50000E-08,9.59999E-09
Cs149 ,2.33243E-10,1.49276E-10
Cs150 ,1.03000E-11,6.59200E-12
Cs151 ,  , 
Ba129 ,0.00000E+00,0.00000E+00
Ba131 ,2.32000E-11,1.48480E-11
Ba132 ,1.24000E-09,7.93600E-10
Ba133 ,4.95000E-08,3.16800E-08
Ba134 ,1.12000E-06,7.16800E-07
Ba135 ,8.34500E-06,5.34080E-06
Ba135m ,8.34500E-06,5.34080E-06
Ba136 ,9.03549E-05,5.78272E-05
Ba136m ,9.03549E-05,5.78272E-05
Ba137 ,1.46540E-04,9.37855E-05
Ba137m ,6.67590E-04,4.27257E-04
Ba138 ,4.49417E-03,2.87627E-03
Ba139 ,1.10418E-02,3.53338E-03
Ba140 ,1.67879E-02,3.86122E-03
Ba141 ,2.36162E-02,7.55718E-03
Ba142 ,2.43673E-02,7.79753E-03
Ba143 ,1.36911E-02,4.38117E-03
Ba144 ,5.99992E-03,3.83995E-03
Ba145 ,2.02937E-03,1.29880E-03
Ba146 ,4.76180E-04,3.04755E-04
Ba147 ,7.77605E-05,4.97667E-05
Ba148 ,8.90999E-06,5.70240E-06
Ba149 ,6.76766E-07,4.33130E-07
Ba150 ,3.76000E-08,2.40640E-08
Ba151 ,1.12240E-09,7.18337E-10
Ba152 ,3.71000E-11,2.37440E-11
Ba153 ,2.61646E-12,1.67453E-12
Ba154 ,0.00000E+00,0.00000E+00
La133 ,7.05000E-12,4.51200E-12
La135 ,1.74000E-08,1.11360E-08
La137 ,5.57000E-06,3.56480E-06
La138 ,7.51600E-05,4.81024E-05
La139 ,4.39910E-04,2.81542E-04
La140 ,6.36346E-03,4.07261E-03
La141 ,5.27218E-03,3.37419E-03
La142 ,1.17189E-02,3.75003E-03
La143 ,1.46938E-02,4.70202E-03
La144 ,1.38986E-02,4.44754E-03
La145 ,1.03373E-02,3.30795E-03
La146 ,2.77933E-03,1.77877E-03
La146m ,2.77933E-03,1.77877E-03
La147 ,2.09290E-03,1.33946E-03
La148 ,5.48760E-04,3.51206E-04
La149 ,9.97599E-05,6.38464E-05
La150 ,1.34600E-05,8.61440E-06
La151 ,1.50888E-06,9.65681E-07
La152 ,8.12000E-08,5.19680E-08
La153 ,3.51738E-09,2.25112E-09
La154 ,1.11000E-10,7.10400E-11
La155 ,2.50814E-12,1.60521E-12
La156 ,  , 
Ce135 ,1.74000E-12,1.11360E-12
Ce137 ,3.82000E-09,2.44480E-09
Ce138 ,1.31000E-07,8.38400E-08
Ce139 ,3.44000E-07,2.20160E-07
Ce139m ,1.57000E-06,1.00480E-06
Ce140 ,1.86600E-05,1.19424E-05
Ce141 ,1.37220E-04,8.78207E-05
Ce142 ,7.21130E-04,4.61523E-04
Ce143 ,2.04532E-03,1.30900E-03
Ce144 ,4.37947E-03,2.80286E-03
Ce145 ,7.19603E-03,3.23821E-03
Ce146 ,8.46476E-03,5.41744E-03
Ce147 ,6.95207E-03,4.44932E-03
Ce148 ,3.96451E-03,2.53728E-03
Ce149 ,1.63355E-03,1.04547E-03
Ce150 ,5.11240E-04,3.27193E-04
Ce151 ,1.35490E-04,8.67135E-05
Ce152 ,1.75900E-05,1.12576E-05
Ce153 ,1.86000E-06,1.19040E-06
Ce154 ,1.45000E-07,9.27999E-08
Ce155 ,7.27749E-09,4.65759E-09
Ce156 ,2.51000E-10,1.60640E-10
Ce157 ,5.67000E-12,3.62880E-12
Ce158 ,8.50000E-14,5.44000E-14
Ce159 ,  , 
Ce160 ,0.00000E+00,0.00000E+00
Pr139 ,8.22000E-10,5.26080E-10
Pr140 ,2.09000E-08,1.33760E-08
Pr141 ,3.99000E-07,2.55360E-07
Pr142 ,2.46500E-06,1.57760E-06
Pr142m ,2.46500E-06,1.57760E-06
Pr143 ,3.56100E-05,2.27904E-05
Pr144 ,1.06200E-05,6.79680E-06
Pr144m ,1.66370E-04,1.06477E-04
Pr145 ,6.40400E-04,4.09856E-04
Pr146 ,1.74396E-03,1.11613E-03
Pr147 ,3.10584E-03,1.98774E-03
Pr148 ,1.91069E-03,1.22284E-03
Pr148m ,1.91069E-03,1.22284E-03
Pr149 ,3.42527E-03,2.19217E-03
Pr150 ,2.35125E-03,1.50480E-03
Pr151 ,1.39446E-03,8.92454E-04
Pr152 ,4.14450E-04,2.65248E-04
Pr153 ,1.02830E-04,6.58112E-05
Pr154 ,1.91200E-05,1.22368E-05
Pr155 ,2.38000E-06,1.52320E-06
Pr156 ,2.06000E-07,1.31840E-07
Pr157 ,1.18000E-08,7.55200E-09
Pr158 ,4.53000E-10,2.89920E-10
Pr159 ,1.21000E-11,7.74400E-12
Pr160 ,1.85000E-13,1.18400E-13
Pr161 ,  , 
Nd140 ,2.24000E-12,1.43360E-12
Nd141 ,1.10000E-10,7.04000E-11
Nd142 ,3.38000E-09,2.16320E-09
Nd143 ,6.18000E-08,3.95520E-08
Nd144 ,7.52000E-07,4.81280E-07
Nd145 ,6.76000E-06,4.32640E-06
Nd146 ,4.33400E-05,2.77376E-05
Nd147 ,1.81860E-04,1.16390E-04
Nd148 ,4.90820E-04,3.14125E-04
Nd149 ,9.75829E-04,6.24531E-04
Nd150 ,1.46497E-03,9.37580E-04
Nd151 ,1.53981E-03,9.85478E-04
Nd152 ,1.22081E-03,7.81318E-04
Nd153 ,6.70090E-04,4.28857E-04
Nd154 ,2.81560E-04,1.80198E-04
Nd155 ,8.28500E-05,5.30240E-05
Nd156 ,1.73500E-05,1.11040E-05
Nd157 ,2.45000E-06,1.56800E-06
Nd158 ,2.35000E-07,1.50400E-07
Nd159 ,1.58000E-08,1.01120E-08
Nd160 ,6.62000E-10,4.23680E-10
Nd161 ,1.67000E-11,1.06880E-11
Nd162 ,2.52000E-13,1.61280E-13
Nd163 ,0.00000E+00,0.00000E+00
Nd164 ,0.00000E+00,0.00000E+00
Pm141 ,0.00000E+00,0.00000E+00
Pm143 ,1.04000E-11,6.65600E-12
Pm144 ,3.16000E-10,2.02240E-10
Pm145 ,7.06000E-09,4.51840E-09
Pm146 ,1.14000E-07,7.29600E-08
Pm147 ,1.14000E-06,7.29600E-07
Pm148 ,1.32000E-06,8.44800E-07
Pm148m ,6.03000E-06,3.85920E-06
Pm149 ,3.43600E-05,2.19904E-05
Pm150 ,1.18710E-04,7.59744E-05
Pm151 ,3.43460E-04,2.19814E-04
Pm152 ,1.63407E-04,1.04580E-04
Pm152m ,1.63407E-04,1.04580E-04
Pm152n ,1.63407E-04,1.04580E-04
Pm153 ,5.85270E-04,3.74573E-04
Pm154 ,2.66890E-04,1.70810E-04
Pm154m ,2.66890E-04,1.70810E-04
Pm155 ,3.51240E-04,2.24793E-04
Pm156 ,1.67730E-04,1.07347E-04
Pm157 ,5.53000E-05,3.53920E-05
Pm158 ,1.26600E-05,8.10240E-06
Pm159 ,2.09000E-06,1.33760E-06
Pm160 ,2.32000E-07,1.48480E-07
Pm161 ,1.58000E-08,1.01120E-08
Pm162 ,6.48000E-10,4.14720E-10
Pm163 ,1.98000E-11,1.26720E-11
Pm164 ,4.69000E-13,3.00160E-13
Pm165 ,0.00000E+00,0.00000E+00
Pm166 ,  , 
Sm143 ,0.00000E+00,0.00000E+00
Sm143m ,0.00000E+00,0.00000E+00
Sm144 ,1.25000E-14,8.00000E-15
Sm145 ,7.05000E-13,4.51200E-13
Sm146 ,2.92000E-11,1.86880E-11
Sm147 ,7.29000E-10,4.66560E-10
Sm148 ,1.14000E-08,7.29600E-09
Sm149 ,1.31000E-07,8.38400E-08
Sm150 ,1.09000E-06,6.97600E-07
Sm151 ,5.42000E-06,3.46880E-06
Sm152 ,2.48900E-05,1.59296E-05
Sm153 ,6.77100E-05,4.33344E-05
Sm154 ,1.37560E-04,8.80383E-05
Sm155 ,2.02090E-04,1.29338E-04
Sm156 ,2.13590E-04,1.36698E-04
Sm157 ,1.56470E-04,1.00141E-04
Sm158 ,8.07900E-05,5.17056E-05
Sm159 ,3.07000E-05,1.96480E-05
Sm160 ,8.61000E-06,5.51040E-06
Sm161 ,1.52000E-06,9.72799E-07
Sm162 ,1.65000E-07,1.05600E-07
Sm163 ,1.32000E-08,8.44800E-09
Sm164 ,7.92000E-10,5.06880E-10
Sm165 ,3.70000E-11,2.36800E-11
Sm166 ,8.03000E-13,5.13920E-13
Sm167 ,2.61000E-14,1.67040E-14
Sm168 ,0.00000E+00,0.00000E+00
Sm170 ,0.00000E+00,0.00000E+00
Eu147 ,4.43000E-14,2.83520E-14
Eu149 ,4.89000E-11,3.12960E-11
Eu151 ,1.07000E-08,6.84800E-09
Eu152 ,4.62666E-08,2.96106E-08
Eu152m ,4.62666E-08,2.96106E-08
Eu152n ,4.62666E-08,2.96106E-08
Eu153 ,9.17999E-07,5.87520E-07
Eu154 ,2.17500E-06,1.39200E-06
Eu154m ,2.17500E-06,1.39200E-06
Eu155 ,1.50500E-05,9.63199E-06
Eu156 ,3.66000E-05,2.34240E-05
Eu157 ,6.03600E-05,3.86304E-05
Eu158 ,6.91800E-05,4.42752E-05
Eu159 ,5.82100E-05,3.72544E-05
Eu160 ,3.87800E-05,2.48192E-05
Eu161 ,1.66200E-05,1.06368E-05
Eu162 ,4.51000E-06,2.88640E-06
Eu163 ,9.07999E-07,5.81120E-07
Eu164 ,1.34000E-07,8.57600E-08
Eu165 ,1.49000E-08,9.53599E-09
Eu166 ,7.94000E-10,5.08160E-10
Eu167 ,6.27000E-11,4.01280E-11
Eu168 ,2.61000E-12,1.67040E-12
Eu169 ,7.97000E-14,5.10080E-14
Eu170 ,0.00000E+00,0.00000E+00
Gd147 ,0.00000E+00,0.00000E+00
Gd149 ,0.00000E+00,0.00000E+00
Gd151 ,2.38000E-12,1.52320E-12
Gd152 ,7.72000E-11,4.94080E-11
Gd153 ,1.27000E-09,8.12800E-10
Gd154 ,1.47000E-08,9.40799E-09
Gd155 ,1.26000E-07,8.06400E-08
Gd156 ,7.54000E-07,4.82560E-07
Gd157 ,2.99000E-06,1.91360E-06
Gd158 ,7.84000E-06,5.01760E-06
Gd159 ,1.50000E-05,9.59999E-06
Gd160 ,2.36800E-05,1.51552E-05
Gd161 ,2.38400E-05,1.52576E-05
Gd162 ,1.53100E-05,9.79839E-06
Gd163 ,7.27000E-06,4.65280E-06
Gd164 ,2.49000E-06,1.59360E-06
Gd165 ,6.29000E-07,4.02560E-07
Gd166 ,7.99000E-08,5.11360E-08
Gd167 ,1.49000E-08,9.53599E-09
Gd168 ,1.48000E-09,9.47199E-10
Gd169 ,1.09000E-10,6.97600E-11
Gd170 ,4.87000E-12,3.11680E-12
Gd171 ,1.48000E-13,9.47199E-14
Gd172 ,0.00000E+00,0.00000E+00
Tb151 ,0.00000E+00,0.00000E+00
Tb153 ,1.68000E-13,1.07520E-13
Tb155 ,1.07000E-10,6.84800E-11
Tb156 ,1.51000E-09,9.66399E-10
Tb156m ,9.66999E-11,6.18880E-11
Tb157 ,1.59000E-08,1.01760E-08
Tb158 ,9.64999E-08,6.17600E-08
Tb158m ,6.16000E-09,3.94240E-09
Tb159 ,4.79000E-07,3.06560E-07
Tb160 ,3.05000E-07,1.95200E-07
Tb161 ,4.62000E-06,2.95680E-06
Tb162 ,3.54000E-06,2.26560E-06
Tb162m ,3.54000E-06,2.26560E-06
Tb163 ,7.75000E-06,4.96000E-06
Tb164 ,5.88000E-06,3.76320E-06
Tb165 ,3.21000E-06,2.05440E-06
Tb166 ,9.12999E-07,5.84320E-07
Tb167 ,3.83000E-07,2.45120E-07
Tb168 ,8.73999E-08,5.59360E-08
Tb169 ,1.50000E-08,9.59999E-09
Tb170 ,1.59000E-09,1.01760E-09
Tb171 ,1.18000E-10,7.55200E-11
Tb172 ,1.18000E-11,7.55200E-12
Dy155 ,0.00000E+00,0.00000E+00
Dy156 ,3.35000E-13,2.14400E-13
Dy157 ,8.46000E-12,5.41440E-12
Dy158 ,1.38000E-10,8.83199E-11
Dy159 ,1.62000E-09,1.03680E-09
Dy160 ,1.68000E-08,1.07520E-08
Dy161 ,1.09000E-07,6.97600E-08
Dy162 ,4.17000E-07,2.66880E-07
Dy163 ,1.10000E-06,7.04000E-07
Dy164 ,1.89000E-06,1.20960E-06
Dy165 ,2.05000E-06,1.31200E-06
Dy165m ,1.54000E-07,9.85599E-08
Dy166 ,1.36000E-06,8.70399E-07
Dy167 ,1.22000E-06,7.80800E-07
Dy168 ,6.06000E-07,3.87840E-07
Dy169 ,2.31000E-07,1.47840E-07
Dy170 ,5.53000E-08,3.53920E-08
Dy171 ,9.73999E-09,6.23360E-09
Dy172 ,2.28000E-09,1.45920E-09
Ho159 ,5.00000E-13,3.20000E-13
Ho159m ,3.76000E-14,2.40640E-14
Ho161 ,2.48000E-10,1.58720E-10
Ho161m ,1.87000E-11,1.19680E-11
Ho162 ,4.91000E-10,3.14240E-10
Ho162m ,2.24000E-09,1.43360E-09
Ho163 ,1.72000E-08,1.10080E-08
Ho163m ,1.29000E-09,8.25600E-10
Ho164 ,1.37000E-08,8.76799E-09
Ho164m ,6.22000E-08,3.98080E-08
Ho165 ,1.99000E-07,1.27360E-07
Ho166 ,4.95000E-08,3.16800E-08
Ho166m ,2.26000E-07,1.44640E-07
Ho167 ,5.31000E-07,3.39840E-07
Ho168 ,5.62000E-07,3.59680E-07
Ho169 ,4.56000E-07,2.91840E-07
Ho170 ,1.17000E-07,7.48800E-08
Ho170m ,1.17000E-07,7.48800E-08
Ho171 ,9.21999E-08,5.90080E-08
Ho172 ,4.82000E-08,3.08480E-08
Er161 ,6.38000E-14,4.08320E-14
Er162 ,1.79000E-12,1.14560E-12
Er163 ,3.20000E-11,2.04800E-11
Er164 ,3.30000E-10,2.11200E-10
Er165 ,2.04000E-09,1.30560E-09
Er166 ,6.69000E-09,4.28160E-09
Er167 ,2.73000E-08,1.74720E-08
Er167m ,2.06000E-09,1.31840E-09
Er168 ,6.92000E-08,4.42880E-08
Er169 ,1.22000E-07,7.80800E-08
Er170 ,1.35000E-07,8.63999E-08
Er171 ,1.15000E-07,7.36000E-08
Er172 ,1.28000E-07,8.19200E-08
Tm165 ,2.12000E-12,1.35680E-12
Tm166 ,1.72000E-11,1.10080E-11
Tm167 ,1.80000E-10,1.15200E-10
Tm168 ,9.90999E-10,6.34240E-10
Tm169 ,4.04000E-09,2.58560E-09
Tm170 ,1.01000E-08,6.46400E-09
Tm171 ,1.93000E-08,1.23520E-08
Tm172 ,4.66000E-08,2.98240E-08
Yb166 ,0.00000E+00,0.00000E+00
Yb167 ,1.10000E-13,7.04000E-14
Yb168 ,1.46000E-12,9.34399E-13
Yb169 ,1.33000E-11,8.51200E-12
Yb169m ,1.00000E-12,6.40000E-13
Yb170 ,8.42000E-11,5.38880E-11
Yb171 ,3.86000E-10,2.47040E-10
Yb172 ,2.13000E-09,1.36320E-09
Lu169 ,0.00000E+00,0.00000E+00
Lu169m ,0.00000E+00,0.00000E+00
Lu171 ,4.03000E-13,2.57920E-13
Lu171m ,4.03000E-13,2.57920E-13
Lu172 ,5.29000E-12,3.38560E-12
Lu172m ,5.29000E-12,3.38560E-12
Hf171 ,0.00000E+00,0.00000E+00
Hf172 ,0.00000E+00,0.00000E+00
