Product ; Thermal (0.0253 eV) ; Thermal (0.0253 eV) ; Fast (500 keV) ; Fast (500 keV)
Product ;  ;  ;  ; 
Product ; Yield ; Error ; Yield ; Error
V66 ;  ;  ; 1.40767E-18 ; 9.00907E-19
V67 ;  ;  ; 4.98952E-19 ; 3.19329E-19
Cr66 ; 0.0 ; 0.0 ; 5.54986E-14 ; 3.55191E-14
Cr67 ; 0.0 ; 0.0 ; 1.62995E-14 ; 1.04317E-14
Cr68 ; 0.0 ; 0.0 ; 0.0 ; 0.0
Cr69 ; 5.81495E-19 ; 3.72157E-19 ; 3.34744E-17 ; 2.14236E-17
Cr70 ; 0.0 ; 0.0 ; 0.0 ; 0.0
Mn66 ; 3.26E-12 ; 2.0864E-12 ; 1.89E-11 ; 1.2096E-11
Mn67 ; 9.05999E-13 ; 5.7984E-13 ; 2.06E-11 ; 1.3184E-11
Mn68 ; 1.62E-13 ; 1.0368E-13 ; 3.4E-12 ; 2.176E-12
Mn69 ; 1.64994E-14 ; 1.05596E-14 ; 7.37967E-13 ; 4.72299E-13
Mn70 ; 0.0 ; 0.0 ; 7.47E-14 ; 4.7808E-14
Mn71 ; 0.0 ; 0.0 ; 0.0 ; 0.0
Mn72 ; 1.16781E-18 ; 7.47398E-19 ; 1.36201E-16 ; 8.71689E-17
Mn73 ;  ;  ; 1.40808E-17 ; 9.01174E-18
Fe66 ; 2.86E-10 ; 1.8304E-10 ; 7.47E-10 ; 4.7808E-10
Fe67 ; 2.46E-10 ; 1.5744E-10 ; 2.01E-9 ; 1.2864E-9
Fe68 ; 1.36E-10 ; 8.70399E-11 ; 1.21E-9 ; 7.744E-10
Fe69 ; 4.52E-11 ; 2.8928E-11 ; 7.18E-10 ; 4.5952E-10
Fe70 ; 1.5E-11 ; 9.59999E-12 ; 2.8E-10 ; 1.792E-10
Fe71 ; 3.11E-12 ; 1.9904E-12 ; 5.65E-11 ; 3.616E-11
Fe72 ; 4.94988E-14 ; 3.16792E-14 ; 5.36986E-12 ; 3.43671E-12
Fe73 ; 0.0 ; 0.0 ; 4.59986E-13 ; 2.94391E-13
Fe74 ; 0.0 ; 0.0 ; 2.34E-14 ; 1.4976E-14
Fe75 ; 5.46253E-18 ; 3.49602E-18 ; 9.75202E-16 ; 6.24129E-16
Fe76 ; 0.0 ; 0.0 ; 0.0 ; 0.0
Co66 ; 9.90999E-10 ; 6.3424E-10 ; 9.14E-10 ; 5.8496E-10
Co67 ; 2.33E-9 ; 1.4912E-9 ; 7.48E-9 ; 4.7872E-9
Co68 ; 3.6E-9 ; 2.304E-9 ; 1.06E-8 ; 6.784E-9
Co69 ; 3.59E-9 ; 2.2976E-9 ; 2.15E-8 ; 1.376E-8
Co70 ; 3.71E-9 ; 2.3744E-9 ; 2.17E-8 ; 1.3888E-8
Co71 ; 2.48E-9 ; 1.5872E-9 ; 1.57E-8 ; 1.0048E-8
Co72 ; 1.29E-10 ; 8.25599E-11 ; 4.1E-9 ; 2.624E-9
Co73 ; 2.19E-11 ; 1.4016E-11 ; 1.36E-9 ; 8.704E-10
Co74 ; 1.67E-12 ; 1.0688E-12 ; 1.9E-10 ; 1.216E-10
Co75 ; 1.54994E-13 ; 9.91964E-14 ; 2.1499E-11 ; 1.37594E-11
Co76 ; 1.03E-14 ; 6.59199E-15 ; 1.04E-12 ; 6.656E-13
Co77 ; 3.79833E-16 ; 2.43093E-16 ; 2.43966E-14 ; 1.56138E-14
Co78 ; 5.94521E-17 ; 3.80493E-17 ; 1.56746E-15 ; 1.00317E-15
Ni66 ; 3.85E-10 ; 2.464E-10 ; 1.95E-10 ; 1.248E-10
Ni67 ; 2.36E-9 ; 1.5104E-9 ; 3.56E-9 ; 2.2784E-9
Ni68 ; 9.18999E-9 ; 5.8816E-9 ; 1.56E-8 ; 9.984E-9
Ni69 ; 2.43E-8 ; 1.5552E-8 ; 6.98E-8 ; 4.4672E-8
Ni70 ; 6.94999E-8 ; 4.448E-8 ; 2.23E-7 ; 1.4272E-7
Ni71 ; 1.35E-7 ; 8.63999E-8 ; 3.76E-7 ; 2.4064E-7
Ni72 ; 2.15E-8 ; 1.376E-8 ; 3.41E-7 ; 2.1824E-7
Ni73 ; 1.15E-8 ; 7.35999E-9 ; 2.96E-7 ; 1.8944E-7
Ni74 ; 2.83E-9 ; 1.8112E-9 ; 1.5E-7 ; 9.6E-8
Ni75 ; 8.63999E-10 ; 5.5296E-10 ; 4.69E-8 ; 3.0016E-8
Ni76 ; 1.92E-10 ; 1.2288E-10 ; 8.86E-9 ; 5.6704E-9
Ni77 ; 1.60996E-11 ; 1.03037E-11 ; 7.96976E-10 ; 5.10064E-10
Ni78 ; 2.51994E-12 ; 1.61276E-12 ; 6.17984E-11 ; 3.9551E-11
Ni79 ; 3.38677E-14 ; 2.16753E-14 ; 7.1666E-13 ; 4.58662E-13
Ni80 ; 0.0 ; 0.0 ; 6.0E-14 ; 3.84E-14
Ni81 ;  ;  ; 2.5446E-15 ; 1.62854E-15
Ni82 ; 0.0 ; 0.0 ; 0.0 ; 0.0
Cu66 ; 6.15E-12 ; 3.936E-12 ; 1.1E-12 ; 7.04E-13
Cu67 ; 1.1E-10 ; 7.03999E-11 ; 6.96E-11 ; 4.4544E-11
Cu68 ; 3.5E-10 ; 2.24E-10 ; 2.03E-10 ; 1.2992E-10
Cu68m ; 8.15999E-10 ; 5.2224E-10 ; 5.49E-10 ; 3.5136E-10
Cu69 ; 8.21999E-9 ; 5.2608E-9 ; 1.1E-8 ; 7.04E-9
Cu70 ; 1.52E-8 ; 9.72799E-9 ; 1.74E-8 ; 1.1136E-8
Cu70m ; 4.57E-8 ; 2.9248E-8 ; 6.18E-8 ; 3.9552E-8
Cu71 ; 3.07E-7 ; 1.9648E-7 ; 4.0E-7 ; 2.56E-7
Cu72 ; 1.31E-7 ; 8.38399E-8 ; 8.1E-7 ; 5.184E-7
Cu73 ; 1.97E-7 ; 1.2608E-7 ; 2.26E-6 ; 1.4464E-6
Cu74 ; 1.43E-7 ; 9.15199E-8 ; 2.71E-6 ; 1.7344E-6
Cu75 ; 1.35E-7 ; 8.63999E-8 ; 2.99E-6 ; 1.9136E-6
Cu76 ; 9.51999E-8 ; 6.0928E-8 ; 1.49E-6 ; 9.536E-7
Cu77 ; 2.59E-8 ; 1.6576E-8 ; 5.09E-7 ; 3.2576E-7
Cu78 ; 1.34E-8 ; 8.57599E-9 ; 1.06E-7 ; 6.784E-8
Cu79 ; 9.60965E-10 ; 6.15018E-10 ; 1.57993E-8 ; 1.01115E-8
Cu80 ; 6.82999E-11 ; 4.3712E-11 ; 1.15E-9 ; 7.36E-10
Cu81 ; 3.5E-12 ; 2.24E-12 ; 5.60975E-11 ; 3.59024E-11
Cu82 ; 1.03E-13 ; 6.59199E-14 ; 1.72E-12 ; 1.1008E-12
Cu83 ; 3.96347E-15 ; 2.53662E-15 ; 5.35684E-14 ; 3.42838E-14
Zn66 ; 0.0 ; 0.0 ; 0.0 ; 0.0
Zn67 ; 3.84E-13 ; 2.4576E-13 ; 1.09E-13 ; 6.976E-14
Zn68 ; 1.23E-11 ; 7.87199E-12 ; 4.48E-12 ; 2.8672E-12
Zn69 ; 5.0E-11 ; 3.2E-11 ; 2.95E-11 ; 1.888E-11
Zn69m ; 2.13E-10 ; 1.3632E-10 ; 1.44E-10 ; 9.216E-11
Zn70 ; 5.64E-9 ; 3.6096E-9 ; 4.41E-9 ; 2.8224E-9
Zn71 ; 1.49E-8 ; 9.53599E-9 ; 8.94E-9 ; 5.7216E-9
Zn71m ; 6.34E-8 ; 4.0576E-8 ; 4.37E-8 ; 2.7968E-8
Zn72 ; 8.78999E-8 ; 5.6256E-8 ; 3.42E-7 ; 2.1888E-7
Zn73 ; 3.41E-7 ; 2.1824E-7 ; 2.13E-6 ; 1.3632E-6
Zn74 ; 6.5E-7 ; 4.16E-7 ; 7.65E-6 ; 4.896E-6
Zn75 ; 1.66E-6 ; 1.0624E-6 ; 1.904E-5 ; 1.21856E-5
Zn76 ; 3.35E-6 ; 2.144E-6 ; 3.108E-5 ; 1.98912E-5
Zn77 ; 2.72E-6 ; 1.7408E-6 ; 2.616E-5 ; 1.67424E-5
Zn78 ; 4.4E-6 ; 2.816E-6 ; 1.904E-5 ; 1.21856E-5
Zn79 ; 1.01E-6 ; 6.464E-7 ; 7.56E-6 ; 4.8384E-6
Zn80 ; 2.35E-7 ; 1.504E-7 ; 2.11E-6 ; 1.3504E-6
Zn81 ; 3.99E-8 ; 2.5536E-8 ; 2.87E-7 ; 1.8368E-7
Zn82 ; 4.08E-9 ; 2.6112E-9 ; 3.36E-8 ; 2.1504E-8
Zn83 ; 1.67996E-10 ; 1.07517E-10 ; 1.74995E-9 ; 1.11997E-9
Zn84 ; 4.39E-12 ; 2.8096E-12 ; 6.79E-11 ; 4.3456E-11
Zn85 ; 7.50657E-14 ; 4.8042E-14 ; 8.84486E-13 ; 5.66071E-13
Zn86 ; 0.0 ; 0.0 ; 0.0 ; 0.0
Ga66 ; 0.0 ; 0.0 ; 0.0 ; 0.0
Ga67 ; 0.0 ; 0.0 ; 0.0 ; 0.0
Ga68 ; 0.0 ; 0.0 ; 0.0 ; 0.0
Ga69 ; 2.62E-13 ; 1.6768E-13 ; 7.98E-14 ; 5.1072E-14
Ga70 ; 1.8E-11 ; 1.152E-11 ; 5.6E-12 ; 3.584E-12
Ga71 ; 7.73999E-10 ; 4.9536E-10 ; 2.43E-10 ; 1.5552E-10
Ga72 ; 1.3E-9 ; 8.31999E-10 ; 2.065E-9 ; 1.3216E-9
Ga72m ; 1.3E-9 ; 8.31999E-10 ; 2.065E-9 ; 1.3216E-9
Ga73 ; 2.87E-8 ; 1.8368E-8 ; 8.96E-8 ; 5.7344E-8
Ga74 ; 7.39999E-8 ; 4.736E-8 ; 3.73E-7 ; 2.3872E-7
Ga74m ; 7.39999E-8 ; 4.736E-8 ; 3.73E-7 ; 2.3872E-7
Ga75 ; 9.88999E-7 ; 6.3296E-7 ; 5.88E-6 ; 3.7632E-6
Ga76 ; 5.16E-6 ; 3.3024E-6 ; 2.129E-5 ; 1.36256E-5
Ga77 ; 1.107E-5 ; 7.08479E-6 ; 5.523E-5 ; 3.53472E-5
Ga78 ; 4.929E-5 ; 3.15456E-5 ; 8.948E-5 ; 5.72672E-5
Ga79 ; 3.271E-5 ; 2.09344E-5 ; 1.1802E-4 ; 7.55328E-5
Ga80 ; 2.306E-5 ; 1.47584E-5 ; 8.27E-5 ; 5.2928E-5
Ga81 ; 1.232E-5 ; 7.88479E-6 ; 4.089E-5 ; 2.61696E-5
Ga82 ; 4.2E-6 ; 2.688E-6 ; 1.255E-5 ; 8.032E-6
Ga83 ; 5.87E-7 ; 3.7568E-7 ; 2.51E-6 ; 1.6064E-6
Ga84 ; 5.47E-8 ; 3.5008E-8 ; 2.83E-7 ; 1.8112E-7
Ga85 ; 2.12992E-9 ; 1.36315E-9 ; 1.94991E-8 ; 1.24794E-8
Ga86 ; 6.18E-11 ; 3.9552E-11 ; 5.2E-10 ; 3.328E-10
Ga87 ; 7.4551E-13 ; 4.77127E-13 ; 5.54051E-12 ; 3.54592E-12
Ga88 ; 2.57154E-14 ; 1.64578E-14 ; 1.96566E-13 ; 1.25802E-13
Ge66 ; 0.0 ; 0.0 ; 0.0 ; 0.0
Ge67 ; 0.0 ; 0.0 ; 0.0 ; 0.0
Ge68 ; 0.0 ; 0.0 ; 0.0 ; 0.0
Ge69 ; 0.0 ; 0.0 ; 0.0 ; 0.0
Ge70 ; 0.0 ; 0.0 ; 0.0 ; 0.0
Ge71 ; 2.5E-13 ; 1.6E-13 ; 4.12E-14 ; 2.6368E-14
Ge71m ; 2.5E-13 ; 1.6E-13 ; 4.12E-14 ; 2.6368E-14
Ge72 ; 5.47E-12 ; 3.5008E-12 ; 5.44E-12 ; 3.4816E-12
Ge73 ; 1.55E-10 ; 9.91999E-11 ; 2.69E-10 ; 1.7216E-10
Ge73m ; 3.65E-11 ; 2.336E-11 ; 5.5E-11 ; 3.52E-11
Ge74 ; 3.05E-9 ; 1.952E-9 ; 9.7E-9 ; 6.208E-9
Ge75 ; 7.78999E-9 ; 4.9856E-9 ; 2.37E-8 ; 1.5168E-8
Ge75m ; 5.21E-8 ; 3.3344E-8 ; 1.74E-7 ; 1.1136E-7
Ge76 ; 8.76999E-7 ; 5.6128E-7 ; 2.44E-6 ; 1.5616E-6
Ge77 ; 4.38E-6 ; 2.8032E-6 ; 1.309E-5 ; 8.3776E-6
Ge77m ; 6.54999E-7 ; 4.192E-7 ; 1.79E-6 ; 1.1456E-6
Ge78 ; 5.821E-5 ; 3.72544E-5 ; 7.346E-5 ; 4.70144E-5
Ge79 ; 5.0085E-5 ; 3.20544E-5 ; 1.0703E-4 ; 6.84992E-5
Ge79m ; 5.0085E-5 ; 3.20544E-5 ; 1.0703E-4 ; 6.84992E-5
Ge80 ; 1.8842E-4 ; 1.20589E-4 ; 4.657E-4 ; 2.98048E-4
Ge81 ; 2.813E-4 ; 1.80032E-4 ; 5.3421E-4 ; 3.41894E-4
Ge82 ; 2.9009E-4 ; 1.85657E-4 ; 5.3949E-4 ; 3.45274E-4
Ge83 ; 1.2853E-4 ; 8.22591E-5 ; 2.7531E-4 ; 1.76198E-4
Ge84 ; 4.047E-5 ; 2.59008E-5 ; 1.1775E-4 ; 7.536E-5
Ge85 ; 5.64E-6 ; 3.6096E-6 ; 2.361E-5 ; 1.51104E-5
Ge86 ; 5.79E-7 ; 3.7056E-7 ; 2.67E-6 ; 1.7088E-6
Ge87 ; 3.15992E-8 ; 2.02235E-8 ; 1.80994E-7 ; 1.15836E-7
Ge88 ; 1.08997E-9 ; 6.97583E-10 ; 7.7498E-9 ; 4.95987E-9
Ge89 ; 1.03259E-11 ; 6.6086E-12 ; 4.11853E-11 ; 2.63586E-11
Ge90 ; 2.03484E-12 ; 1.3023E-12 ; 2.13175E-12 ; 1.36432E-12
Ge91 ; 5.46724E-14 ; 3.49904E-14 ; 2.24815E-13 ; 1.43882E-13
As69 ; 0.0 ; 0.0 ; 0.0 ; 0.0
As71 ; 0.0 ; 0.0 ; 0.0 ; 0.0
As72 ; 0.0 ; 0.0 ; 0.0 ; 0.0
As73 ; 3.59E-14 ; 2.2976E-14 ; 3.17E-14 ; 2.0288E-14
As74 ; 5.64E-13 ; 3.6096E-13 ; 7.01E-13 ; 4.4864E-13
As74m ; 1.32E-12 ; 8.44799E-13 ; 1.9E-12 ; 1.216E-12
As75 ; 1.19E-10 ; 7.61599E-11 ; 2.04E-10 ; 1.3056E-10
As76 ; 5.5E-9 ; 3.52E-9 ; 6.87E-9 ; 4.3968E-9
As77 ; 9.60999E-8 ; 6.1504E-8 ; 1.53E-7 ; 9.792E-8
As78 ; 3.23E-6 ; 2.0672E-6 ; 1.87E-6 ; 1.1968E-6
As79 ; 1.534E-5 ; 9.81759E-6 ; 1.833E-5 ; 1.17312E-5
As80 ; 7.63499E-5 ; 4.8864E-5 ; 9.208E-5 ; 5.89312E-5
As81 ; 2.9482E-4 ; 1.88685E-4 ; 3.2703E-4 ; 2.09299E-4
As82 ; 4.0703E-4 ; 2.60499E-4 ; 3.5594E-4 ; 2.27802E-4
As82m ; 4.0703E-4 ; 2.60499E-4 ; 3.5594E-4 ; 2.27802E-4
As83 ; 0.00100243 ; 6.41555E-4 ; 0.00113819 ; 7.28442E-4
As84 ; 4.76095E-4 ; 3.04701E-4 ; 5.90235E-4 ; 3.7775E-4
As84m ; 4.76095E-4 ; 3.04701E-4 ; 5.90235E-4 ; 3.7775E-4
As85 ; 4.3513E-4 ; 2.78483E-4 ; 8.6487E-4 ; 5.53517E-4
As86 ; 1.4834E-4 ; 9.49375E-5 ; 2.7853E-4 ; 1.78259E-4
As87 ; 2.866E-5 ; 1.83424E-5 ; 7.732E-5 ; 4.94848E-5
As88 ; 3.47E-6 ; 2.2208E-6 ; 1.006E-5 ; 6.4384E-6
As89 ; 2.92989E-7 ; 1.87513E-7 ; 9.07959E-7 ; 5.81094E-7
As90 ; 5.77368E-8 ; 3.69516E-8 ; 3.89398E-8 ; 2.49215E-8
As91 ; 1.55128E-9 ; 9.92821E-10 ; 4.95621E-9 ; 3.17198E-9
As92 ; 4.05784E-12 ; 2.59702E-12 ; 1.31129E-11 ; 8.39223E-12
As93 ; 1.15397E-12 ; 7.3854E-13 ; 9.78884E-13 ; 6.26486E-13
Se72 ; 0.0 ; 0.0 ; 0.0 ; 0.0
Se73 ; 0.0 ; 0.0 ; 0.0 ; 0.0
Se73m ; 0.0 ; 0.0 ; 0.0 ; 0.0
Se74 ; 0.0 ; 0.0 ; 0.0 ; 0.0
Se75 ; 1.43E-14 ; 9.15199E-15 ; 1.46E-14 ; 9.344E-15
Se76 ; 2.2E-12 ; 1.408E-12 ; 1.94E-12 ; 1.2416E-12
Se77 ; 1.63E-11 ; 1.0432E-11 ; 1.46E-11 ; 9.344E-12
Se77m ; 1.09E-10 ; 6.97599E-11 ; 1.07E-10 ; 6.848E-11
Se78 ; 3.01E-8 ; 1.9264E-8 ; 5.51E-9 ; 3.5264E-9
Se79 ; 1.75E-7 ; 1.12E-7 ; 1.28E-7 ; 8.192E-8
Se79m ; 2.61E-8 ; 1.6704E-8 ; 1.75E-8 ; 1.12E-8
Se80 ; 3.0E-6 ; 1.92E-6 ; 2.65E-6 ; 1.696E-6
Se81 ; 4.32E-6 ; 2.7648E-6 ; 2.82E-6 ; 1.8048E-6
Se81m ; 2.888E-5 ; 1.84832E-5 ; 2.07E-5 ; 1.3248E-5
Se82 ; 2.564E-4 ; 1.64096E-4 ; 1.6477E-4 ; 1.05453E-4
Se83 ; 6.87439E-4 ; 4.39961E-4 ; 4.9831E-4 ; 3.18918E-4
Se83m ; 1.6125E-4 ; 1.032E-4 ; 1.0206E-4 ; 6.53184E-5
Se84 ; 0.00205073 ; 9.22828E-4 ; 0.00172145 ; 7.74653E-4
Se85 ; 0.00143266 ; 9.16902E-4 ; 0.00168087 ; 0.00107576
Se85m ; 0.00142674 ; 9.13113E-4 ; 0.00166912 ; 0.00106824
Se86 ; 0.00285404 ; 0.00182658 ; 0.00367779 ; 0.00235379
Se87 ; 0.00185954 ; 0.0011901 ; 0.00274055 ; 0.00175395
Se88 ; 6.92469E-4 ; 4.4318E-4 ; 0.00137812 ; 8.81997E-4
Se89 ; 1.9102E-4 ; 1.22253E-4 ; 3.6216E-4 ; 2.31782E-4
Se90 ; 9.52222E-5 ; 6.09422E-5 ; 6.50011E-5 ; 4.16007E-5
Se91 ; 2.55845E-6 ; 1.63741E-6 ; 6.85504E-6 ; 4.38723E-6
Se92 ; 1.71996E-7 ; 1.10077E-7 ; 5.16987E-7 ; 3.30872E-7
Se93 ; 4.89122E-8 ; 3.13038E-8 ; 3.19777E-8 ; 2.04657E-8
Se94 ; 1.09E-10 ; 6.97599E-11 ; 4.5E-10 ; 2.88E-10
Se95 ; 2.02523E-12 ; 1.29615E-12 ; 5.15961E-12 ; 3.30215E-12
Se96 ; 1.25E-14 ; 7.99999E-15 ; 6.05E-14 ; 3.872E-14
Br75 ; 0.0 ; 0.0 ; 0.0 ; 0.0
Br77 ; 0.0 ; 0.0 ; 0.0 ; 0.0
Br77m ; 0.0 ; 0.0 ; 0.0 ; 0.0
Br78 ; 3.47E-12 ; 2.2208E-12 ; 3.13E-13 ; 2.0032E-13
Br79 ; 1.76E-11 ; 1.1264E-11 ; 6.82E-12 ; 4.3648E-12
Br79m ; 5.89E-11 ; 3.7696E-11 ; 2.57E-11 ; 1.6448E-11
Br80 ; 9.30999E-10 ; 5.9584E-10 ; 3.63E-10 ; 2.3232E-10
Br80m ; 2.79E-9 ; 1.7856E-9 ; 1.29E-9 ; 8.256E-10
Br81 ; 1.31E-7 ; 8.38399E-8 ; 5.58E-8 ; 3.5712E-8
Br82 ; 2.26E-6 ; 1.4464E-6 ; 7.38E-7 ; 4.7232E-7
Br82m ; 9.67999E-7 ; 6.1952E-7 ; 2.73E-7 ; 1.7472E-7
Br83 ; 3.251E-5 ; 2.08064E-5 ; 1.317E-5 ; 8.4288E-6
Br84 ; 8.98299E-5 ; 5.74912E-5 ; 3.481E-5 ; 2.22784E-5
Br84m ; 1.597E-4 ; 1.02208E-4 ; 7.398E-5 ; 4.73472E-5
Br85 ; 9.43459E-4 ; 6.03814E-4 ; 6.3683E-4 ; 4.07571E-4
Br86 ; 0.0012527 ; 8.01727E-4 ; 8.5796E-4 ; 5.49094E-4
Br86m ; 0.00128228 ; 8.20659E-4 ; 8.5796E-4 ; 5.49094E-4
Br87 ; 0.00436826 ; 6.98921E-4 ; 0.00414789 ; 0.00186655
Br88 ; 0.00488706 ; 5.37576E-4 ; 0.00509567 ; 0.00326123
Br89 ; 0.00398528 ; 4.3838E-4 ; 0.00478215 ; 0.00306058
Br90 ; 0.00249861 ; 3.99777E-4 ; 0.00226942 ; 0.00145243
Br91 ; 5.6202E-4 ; 3.59693E-4 ; 9.2073E-4 ; 5.89267E-4
Br92 ; 1.2492E-4 ; 7.99487E-5 ; 1.9937E-4 ; 1.27597E-4
Br93 ; 5.4001E-5 ; 3.45607E-5 ; 2.9848E-5 ; 1.91027E-5
Br94 ; 1.05E-6 ; 6.71999E-7 ; 2.13E-6 ; 1.3632E-6
Br95 ; 5.74641E-8 ; 3.6777E-8 ; 1.13747E-7 ; 7.27982E-8
Br96 ; 1.45E-9 ; 9.27999E-10 ; 3.47E-9 ; 2.2208E-9
Br97 ; 1.30936E-11 ; 8.37991E-12 ; 3.67326E-11 ; 2.35089E-11
Br98 ; 4.71842E-13 ; 3.01979E-13 ; 1.49644E-12 ; 9.57721E-13
Kr77 ; 0.0 ; 0.0 ; 0.0 ; 0.0
Kr78 ; 0.0 ; 0.0 ; 0.0 ; 0.0
Kr79 ; 0.0 ; 0.0 ; 0.0 ; 0.0
Kr79m ; 0.0 ; 0.0 ; 0.0 ; 0.0
Kr80 ; 2.74E-13 ; 1.7536E-13 ; 9.8E-14 ; 6.272E-14
Kr81 ; 2.81E-11 ; 1.7984E-11 ; 8.3E-12 ; 5.312E-12
Kr81m ; 4.19E-12 ; 2.6816E-12 ; 1.13E-12 ; 7.232E-13
Kr82 ; 2.7E-9 ; 1.728E-9 ; 6.49E-10 ; 4.1536E-10
Kr83 ; 7.23999E-8 ; 4.6336E-8 ; 1.95E-8 ; 1.248E-8
Kr83m ; 1.7E-8 ; 1.088E-8 ; 3.99E-9 ; 2.5536E-9
Kr84 ; 2.34E-6 ; 1.4976E-6 ; 7.54E-7 ; 4.8256E-7
Kr85 ; 2.378E-5 ; 1.52192E-5 ; 1.022E-5 ; 6.5408E-6
Kr85m ; 5.58E-6 ; 3.5712E-6 ; 2.09E-6 ; 1.3376E-6
Kr86 ; 2.4461E-4 ; 1.5655E-4 ; 1.2653E-4 ; 8.09792E-5
Kr87 ; 0.00107532 ; 1.18285E-4 ; 8.4373E-4 ; 5.39987E-4
Kr88 ; 0.00393616 ; 4.32977E-4 ; 0.00301471 ; 0.00192941
Kr89 ; 0.00725839 ; 5.80672E-4 ; 0.00729576 ; 0.00466929
Kr90 ; 0.0100486 ; 6.02914E-4 ; 0.0114778 ; 0.0036729
Kr91 ; 0.00924664 ; 3.69866E-4 ; 0.0113681 ; 0.00363779
Kr92 ; 0.00613303 ; 4.90642E-4 ; 0.00881183 ; 0.00563957
Kr93 ; 0.0019871 ; 2.18581E-4 ; 0.0035782 ; 0.00229005
Kr94 ; 6.0347E-4 ; 3.86221E-4 ; 0.00100077 ; 6.40493E-4
Kr95 ; 9.47725E-5 ; 6.06544E-5 ; 1.57326E-4 ; 1.00689E-4
Kr96 ; 9.52999E-6 ; 6.0992E-6 ; 1.843E-5 ; 1.17952E-5
Kr97 ; 5.54986E-7 ; 3.55191E-7 ; 1.19996E-6 ; 7.67977E-7
Kr98 ; 1.99995E-8 ; 1.27997E-8 ; 5.89985E-8 ; 3.7759E-8
Kr99 ; 3.33478E-11 ; 2.13426E-11 ; 7.0668E-11 ; 4.52275E-11
Kr100 ; 6.91999E-12 ; 4.4288E-12 ; 2.54E-11 ; 1.6256E-11
Kr101 ; 5.28144E-13 ; 3.38012E-13 ; 1.42754E-12 ; 9.13628E-13
Rb79 ; 0.0 ; 0.0 ; 0.0 ; 0.0
Rb81 ; 0.0 ; 0.0 ; 0.0 ; 0.0
Rb83 ; 6.72999E-12 ; 4.3072E-12 ; 1.1E-12 ; 7.04E-13
Rb84 ; 6.25E-10 ; 4.0E-10 ; 1.04E-10 ; 6.656E-11
Rb85 ; 2.7E-8 ; 1.728E-8 ; 7.05E-9 ; 4.512E-9
Rb86 ; 4.015E-7 ; 2.5696E-7 ; 1.09E-7 ; 6.976E-8
Rb86m ; 4.015E-7 ; 2.5696E-7 ; 1.09E-7 ; 6.976E-8
Rb87 ; 1.468E-5 ; 9.39519E-6 ; 5.93E-6 ; 3.7952E-6
Rb88 ; 1.4198E-4 ; 9.08671E-5 ; 6.568E-5 ; 4.20352E-5
Rb89 ; 8.42509E-4 ; 5.39206E-4 ; 5.4318E-4 ; 3.47635E-4
Rb90 ; 6.0144E-4 ; 3.84921E-4 ; 3.494E-4 ; 2.23616E-4
Rb90m ; 0.00257129 ; 0.00164562 ; 0.00170479 ; 0.00109107
Rb91 ; 0.00820349 ; 0.00525024 ; 0.00661912 ; 0.0029786
Rb92 ; 0.013336 ; 0.00426753 ; 0.0118863 ; 0.00380361
Rb93 ; 0.0150389 ; 0.00481245 ; 0.0160167 ; 0.00512535
Rb94 ; 0.0112685 ; 0.00360593 ; 0.0112135 ; 0.00358831
Rb95 ; 0.00540899 ; 0.00346175 ; 0.00629109 ; 0.0040263
Rb96 ; 0.00173368 ; 0.00110955 ; 0.00197713 ; 0.00126536
Rb97 ; 3.4307E-4 ; 2.19565E-4 ; 4.8367E-4 ; 3.09549E-4
Rb98 ; 4.175E-5 ; 2.672E-5 ; 6.55E-5 ; 4.192E-5
Rb99 ; 9.46216E-7 ; 6.05578E-7 ; 1.55793E-6 ; 9.97073E-7
Rb100 ; 1.71E-7 ; 1.0944E-7 ; 3.22E-7 ; 2.0608E-7
Rb101 ; 1.49856E-8 ; 9.59081E-9 ; 3.14712E-8 ; 2.01416E-8
Rb102 ; 4.36454E-11 ; 2.7933E-11 ; 8.09092E-11 ; 5.17819E-11
Rb103 ; 2.22531E-12 ; 1.4242E-12 ; 3.74092E-12 ; 2.39419E-12
Rb104 ; 3.70396E-14 ; 2.37053E-14 ;  ; 
Sr83 ; 0.0 ; 0.0 ; 0.0 ; 0.0
Sr84 ; 0.0 ; 0.0 ; 0.0 ; 0.0
Sr85 ; 7.64999E-13 ; 4.896E-13 ; 1.375E-13 ; 8.8E-14
Sr85m ; 7.64999E-13 ; 4.896E-13 ; 1.375E-13 ; 8.8E-14
Sr86 ; 1.62E-10 ; 1.0368E-10 ; 3.71E-11 ; 2.3744E-11
Sr87 ; 8.74999E-9 ; 5.6E-9 ; 2.38E-9 ; 1.5232E-9
Sr87m ; 2.05E-9 ; 1.312E-9 ; 4.87E-10 ; 3.1168E-10
Sr88 ; 3.61E-7 ; 2.3104E-7 ; 1.47E-7 ; 9.408E-8
Sr89 ; 6.98999E-6 ; 4.4736E-6 ; 3.6E-6 ; 2.304E-6
Sr90 ; 8.50399E-5 ; 5.44256E-5 ; 5.266E-5 ; 3.37024E-5
Sr91 ; 6.70039E-4 ; 4.28825E-4 ; 4.5126E-4 ; 2.88806E-4
Sr92 ; 0.00323562 ; 0.0020708 ; 0.00277418 ; 0.00177548
Sr93 ; 0.0114551 ; 0.00263468 ; 0.00903338 ; 0.00578136
Sr94 ; 0.0208438 ; 0.00479406 ; 0.0202744 ; 0.00466311
Sr95 ; 0.0271871 ; 0.00869987 ; 0.0263412 ; 0.00842918
Sr96 ; 0.0244872 ; 0.00563204 ; 0.0272617 ; 0.00627019
Sr97 ; 0.0147839 ; 0.00473085 ; 0.0161959 ; 0.00518269
Sr98 ; 0.00559697 ; 0.00358206 ; 0.00774532 ; 0.00495701
Sr99 ; 0.00156054 ; 9.98747E-4 ; 0.0021548 ; 0.00137907
Sr100 ; 2.473E-4 ; 1.58272E-4 ; 3.9285E-4 ; 2.51424E-4
Sr101 ; 2.4715E-5 ; 1.58176E-5 ; 4.35285E-5 ; 2.78583E-5
Sr102 ; 1.84995E-6 ; 1.18397E-6 ; 3.18992E-6 ; 2.04155E-6
Sr103 ; 9.43222E-8 ; 6.03662E-8 ; 1.22207E-7 ; 7.82122E-8
Sr104 ; 1.56996E-9 ; 1.00478E-9 ; 2.23E-9 ; 1.4272E-9
Sr105 ; 8.26835E-12 ; 5.29175E-12 ; 1.22354E-11 ; 7.83065E-12
Sr106 ; 8.6942E-13 ; 5.56429E-13 ; 1.06063E-12 ; 6.78803E-13
Y85 ; 0.0 ; 0.0 ; 0.0 ; 0.0
Y87 ; 2.05E-13 ; 1.312E-13 ; 3.87E-14 ; 2.4768E-14
Y88 ; 2.47E-11 ; 1.5808E-11 ; 6.25E-12 ; 4.0E-12
Y89 ; 3.12E-10 ; 1.9968E-10 ; 1.13E-10 ; 7.232E-11
Y89m ; 1.33E-9 ; 8.51199E-10 ; 5.52E-10 ; 3.5328E-10
Y90 ; 3.485E-8 ; 2.2304E-8 ; 1.45E-8 ; 9.28E-9
Y90m ; 3.485E-8 ; 2.2304E-8 ; 1.45E-8 ; 9.28E-9
Y91 ; 9.09999E-7 ; 5.824E-7 ; 5.05E-7 ; 3.232E-7
Y91m ; 9.09999E-7 ; 5.824E-7 ; 5.05E-7 ; 3.232E-7
Y92 ; 2.788E-5 ; 1.78432E-5 ; 1.792E-5 ; 1.14688E-5
Y93 ; 1.5403E-4 ; 9.85791E-5 ; 1.08895E-4 ; 6.96928E-5
Y93m ; 1.5403E-4 ; 9.85791E-5 ; 1.08895E-4 ; 6.96928E-5
Y94 ; 0.00192102 ; 0.00122945 ; 0.00126887 ; 8.12077E-4
Y95 ; 0.00664172 ; 0.0042507 ; 0.00530309 ; 0.00339398
Y96 ; 0.00165663 ; 0.00106024 ; 0.00115322 ; 7.38061E-4
Y96m ; 0.0149682 ; 0.00478982 ; 0.0116769 ; 0.0037366
Y97 ; 0.0136506 ; 0.00873636 ; 0.0119826 ; 0.00766888
Y97m ; 0.0136506 ; 0.00873636 ; 0.0119826 ; 0.00766888
Y98 ; 0.0141133 ; 0.00451625 ; 0.0125741 ; 0.00402371
Y98m ; 0.0141123 ; 0.00451593 ; 0.0125727 ; 0.00402327
Y99 ; 0.022553 ; 0.00721695 ; 0.0228442 ; 0.00731014
Y100 ; 0.0107817 ; 0.00345014 ; 0.0105712 ; 0.0033828
Y101 ; 0.00340599 ; 0.00217983 ; 0.00433571 ; 0.00277485
Y102 ; 8.06549E-4 ; 5.16192E-4 ; 9.0597E-4 ; 5.79821E-4
Y103 ; 1.04136E-4 ; 6.66468E-5 ; 1.14068E-4 ; 7.30034E-5
Y104 ; 8.36999E-6 ; 5.3568E-6 ; 8.19E-6 ; 5.2416E-6
Y105 ; 2.34607E-7 ; 1.50149E-7 ; 2.69738E-7 ; 1.72632E-7
Y106 ; 2.4669E-8 ; 1.57882E-8 ; 1.93741E-8 ; 1.23994E-8
Y107 ; 1.73019E-11 ; 1.10732E-11 ; 1.67554E-11 ; 1.07234E-11
Y108 ; 1.55944E-12 ; 9.9804E-13 ; 6.41693E-13 ; 4.10684E-13
Y109 ; 9.24456E-14 ; 5.91652E-14 ;  ; 
Zr87 ; 0.0 ; 0.0 ; 0.0 ; 0.0
Zr88 ; 0.0 ; 0.0 ; 0.0 ; 0.0
Zr89 ; 2.18E-14 ; 1.3952E-14 ; 0.0 ; 0.0
Zr90 ; 1.675E-12 ; 1.072E-12 ; 7.55E-13 ; 4.832E-13
Zr90m ; 1.675E-12 ; 1.072E-12 ; 7.55E-13 ; 4.832E-13
Zr91 ; 3.24E-10 ; 2.0736E-10 ; 1.6E-10 ; 1.024E-10
Zr92 ; 1.78E-8 ; 1.1392E-8 ; 1.19E-8 ; 7.616E-9
Zr93 ; 6.97999E-7 ; 4.4672E-7 ; 4.26E-7 ; 2.7264E-7
Zr94 ; 1.416E-5 ; 9.06239E-6 ; 9.95E-6 ; 6.368E-6
Zr95 ; 1.6016E-4 ; 1.02502E-4 ; 1.1421E-4 ; 7.30944E-5
Zr96 ; 0.00116203 ; 7.43699E-4 ; 9.7304E-4 ; 6.22746E-4
Zr97 ; 0.00561015 ; 0.00359049 ; 0.00400767 ; 0.00256491
Zr98 ; 0.0156726 ; 0.00501523 ; 0.0143334 ; 0.00458668
Zr99 ; 0.0334954 ; 0.0107185 ; 0.0289906 ; 0.009277
Zr100 ; 0.0428817 ; 0.0137221 ; 0.0426026 ; 0.0136328
Zr101 ; 0.0375769 ; 0.0120246 ; 0.0410204 ; 0.0131265
Zr102 ; 0.0252494 ; 0.00807981 ; 0.0301998 ; 0.00966393
Zr103 ; 0.0103224 ; 0.00330315 ; 0.0104901 ; 0.00671366
Zr104 ; 0.00273888 ; 0.00175288 ; 0.00301879 ; 0.00193203
Zr105 ; 3.86925E-4 ; 2.47632E-4 ; 3.7308E-4 ; 2.38771E-4
Zr106 ; 4.06853E-5 ; 2.60386E-5 ; 3.23406E-5 ; 2.0698E-5
Zr107 ; 7.33357E-7 ; 4.69349E-7 ; 5.47356E-7 ; 3.50308E-7
Zr108 ; 6.60984E-8 ; 4.2303E-8 ; 2.52994E-8 ; 1.61916E-8
Zr109 ; 3.9184E-9 ; 2.50778E-9 ; 5.08012E-11 ; 3.25128E-11
Zr110 ; 0.0 ; 0.0 ; 0.0 ; 0.0
Zr111 ; 0.0 ; 0.0 ; 0.0 ; 0.0
Zr112 ; 0.0 ; 0.0 ; 0.0 ; 0.0
Zr113 ; 0.0 ; 0.0 ; 0.0 ; 0.0
Nb89 ; 0.0 ; 0.0 ; 0.0 ; 0.0
Nb90 ; 0.0 ; 0.0 ; 0.0 ; 0.0
Nb91 ; 0.0 ; 0.0 ; 0.0 ; 0.0
Nb92 ; 2.69E-13 ; 1.7216E-13 ; 1.45E-13 ; 9.28E-14
Nb93 ; 3.17E-11 ; 2.0288E-11 ; 1.76E-11 ; 1.1264E-11
Nb93m ; 7.43999E-12 ; 4.7616E-12 ; 3.61E-12 ; 2.3104E-12
Nb94 ; 1.72E-9 ; 1.1008E-9 ; 9.82E-10 ; 6.2848E-10
Nb94m ; 1.2E-9 ; 7.67999E-10 ; 5.77E-10 ; 3.6928E-10
Nb95 ; 8.93999E-8 ; 5.7216E-8 ; 5.85E-8 ; 3.744E-8
Nb95m ; 2.1E-8 ; 1.344E-8 ; 1.2E-8 ; 7.68E-9
Nb96 ; 1.2326E-4 ; 7.88863E-5 ; 1.73E-6 ; 1.1072E-6
Nb97 ; 3.526E-5 ; 2.25664E-5 ; 2.443E-5 ; 1.56352E-5
Nb97m ; 8.26999E-6 ; 5.2928E-6 ; 5.0E-6 ; 3.2E-6
Nb98 ; 2.8592E-4 ; 1.82989E-4 ; 1.926E-4 ; 1.23264E-4
Nb98m ; 9.53099E-5 ; 6.09984E-5 ; 5.432E-5 ; 3.47648E-5
Nb99 ; 1.9132E-4 ; 1.22445E-4 ; 1.3639E-4 ; 8.72896E-5
Nb99m ; 0.00220013 ; 0.00140808 ; 0.00156889 ; 0.00100409
Nb100 ; 0.00428751 ; 0.002744 ; 0.00300532 ; 0.0019234
Nb100m ; 0.00428751 ; 0.002744 ; 0.00300532 ; 0.0019234
Nb101 ; 0.0202173 ; 0.00646953 ; 0.0185542 ; 0.00593733
Nb102 ; 0.0175536 ; 0.0112343 ; 0.0158678 ; 0.0101554
Nb102m ; 0.0175536 ; 0.0112343 ; 0.0158678 ; 0.0101554
Nb103 ; 0.0398045 ; 0.0127374 ; 0.0371139 ; 0.0118764
Nb104 ; 0.0153413 ; 0.00981845 ; 0.013567 ; 0.00868286
Nb104m ; 0.0153413 ; 0.00981845 ; 0.013567 ; 0.00868286
Nb105 ; 0.0129351 ; 0.00413922 ; 0.0125421 ; 0.00401347
Nb106 ; 0.00438774 ; 0.00280815 ; 0.00317327 ; 0.00203089
Nb107 ; 8.09656E-4 ; 5.1818E-4 ; 5.10903E-4 ; 3.26978E-4
Nb108 ; 8.24099E-5 ; 5.27424E-5 ; 3.387E-5 ; 2.16768E-5
Nb109 ; 4.32608E-6 ; 2.76869E-6 ; 1.11995E-6 ; 7.16768E-7
Nb110 ; 6.24E-13 ; 3.9936E-13 ; 7.32E-14 ; 4.6848E-14
Nb111 ; 2.58185E-15 ; 1.65238E-15 ; 8.44958E-16 ; 5.40773E-16
Nb112 ; 5.0248E-17 ; 3.21587E-17 ; 1.81486E-17 ; 1.16151E-17
Nb113 ; 3.2191E-17 ; 2.06022E-17 ; 2.79148E-17 ; 1.78654E-17
Nb114 ; 0.0 ; 0.0 ; 1.49137E-12 ; 9.54475E-13
Nb115 ; 2.6192E-14 ; 1.67629E-14 ; 6.68522E-14 ; 4.27854E-14
Nb116 ; 1.4344E-16 ; 9.18016E-17 ;  ; 
Mo90 ; 0.0 ; 0.0 ; 0.0 ; 0.0
Mo91 ; 0.0 ; 0.0 ; 0.0 ; 0.0
Mo92 ; 0.0 ; 0.0 ; 0.0 ; 0.0
Mo93 ; 0.0 ; 0.0 ; 0.0 ; 0.0
Mo93m ; 0.0 ; 0.0 ; 0.0 ; 0.0
Mo94 ; 3.41E-14 ; 2.1824E-14 ; 2.25E-14 ; 1.44E-14
Mo95 ; 4.5E-12 ; 2.88E-12 ; 3.03E-12 ; 1.9392E-12
Mo96 ; 3.83E-10 ; 2.4512E-10 ; 3.04E-10 ; 1.9456E-10
Mo97 ; 2.18E-8 ; 1.3952E-8 ; 1.46E-8 ; 9.344E-9
Mo98 ; 6.43E-7 ; 4.1152E-7 ; 4.72E-7 ; 3.0208E-7
Mo99 ; 1.328E-5 ; 8.49919E-6 ; 8.88E-6 ; 5.6832E-6
Mo100 ; 1.5178E-4 ; 9.71391E-5 ; 1.1833E-4 ; 7.57312E-5
Mo101 ; 0.0010925 ; 6.99199E-4 ; 9.537E-4 ; 6.10368E-4
Mo102 ; 0.00535093 ; 0.00342459 ; 0.0057777 ; 0.00369773
Mo103 ; 0.0172167 ; 0.00550933 ; 0.0170409 ; 0.00545308
Mo104 ; 0.0360673 ; 0.00829549 ; 0.0405925 ; 0.0064948
Mo105 ; 0.0413196 ; 0.0132223 ; 0.0451325 ; 0.0144424
Mo106 ; 0.0388935 ; 0.0124459 ; 0.0404518 ; 0.0129446
Mo107 ; 0.020746 ; 0.00663872 ; 0.0176211 ; 0.00563876
Mo108 ; 0.00681437 ; 0.0043612 ; 0.00478074 ; 0.00305967
Mo109 ; 0.0012146 ; 7.77343E-4 ; 5.1957E-4 ; 3.32525E-4
Mo110 ; 2.27E-6 ; 1.4528E-6 ; 7.44E-7 ; 4.7616E-7
Mo111 ; 6.31999E-8 ; 4.0448E-8 ; 2.06E-8 ; 1.3184E-8
Mo112 ; 1.23E-9 ; 7.87199E-10 ; 5.34E-10 ; 3.4176E-10
Mo113 ; 7.8799E-10 ; 5.04314E-10 ; 6.80559E-10 ; 4.35558E-10
Mo114 ; 3.37E-13 ; 2.1568E-13 ; 5.87985E-8 ; 3.7631E-8
Mo115 ; 1.11018E-9 ; 7.10513E-10 ; 2.18389E-9 ; 1.39769E-9
Mo116 ; 6.07985E-12 ; 3.89111E-12 ; 6.72E-12 ; 4.3008E-12
Mo117 ; 1.42447E-14 ; 9.11663E-15 ; 5.73508E-14 ; 3.67045E-14
Tc93 ; 0.0 ; 0.0 ; 0.0 ; 0.0
Tc95 ; 0.0 ; 0.0 ; 0.0 ; 0.0
Tc95m ; 0.0 ; 0.0 ; 0.0 ; 0.0
Tc97 ; 1.395E-13 ; 8.92799E-14 ; 9.25E-14 ; 5.92E-14
Tc97m ; 1.395E-13 ; 8.92799E-14 ; 9.25E-14 ; 5.92E-14
Tc98 ; 2.87E-11 ; 1.8368E-11 ; 1.71E-11 ; 1.0944E-11
Tc99 ; 1.61E-9 ; 1.0304E-9 ; 1.03E-9 ; 6.592E-10
Tc99m ; 3.77E-10 ; 2.4128E-10 ; 2.1E-10 ; 1.344E-10
Tc100 ; 7.96999E-8 ; 5.1008E-8 ; 4.91E-8 ; 3.1424E-8
Tc101 ; 1.92E-6 ; 1.2288E-6 ; 1.57E-6 ; 1.0048E-6
Tc102 ; 1.485E-5 ; 9.50399E-6 ; 1.355E-5 ; 8.672E-6
Tc102m ; 1.485E-5 ; 9.50399E-6 ; 1.355E-5 ; 8.672E-6
Tc103 ; 3.0894E-4 ; 1.97721E-4 ; 3.0959E-4 ; 1.98138E-4
Tc104 ; 0.00200673 ; 0.00128431 ; 0.00202419 ; 0.00129548
Tc105 ; 0.00627231 ; 0.00401428 ; 0.00790819 ; 0.00506124
Tc106 ; 0.017028 ; 0.00544895 ; 0.0175835 ; 0.00562673
Tc107 ; 0.0243013 ; 0.00777642 ; 0.0260499 ; 0.00833597
Tc108 ; 0.0224043 ; 0.00716937 ; 0.0181724 ; 0.00581516
Tc109 ; 0.0118316 ; 0.00378612 ; 0.00788751 ; 0.00504801
Tc110 ; 0.00263049 ; 0.00168351 ; 0.00150301 ; 9.61926E-4
Tc111 ; 3.9857E-4 ; 2.55085E-4 ; 2.5391E-4 ; 1.62502E-4
Tc112 ; 4.124E-5 ; 2.63936E-5 ; 2.78E-5 ; 1.7792E-5
Tc113 ; 5.41921E-6 ; 3.46829E-6 ; 4.69932E-6 ; 3.00756E-6
Tc114 ; 3.44E-7 ; 2.2016E-7 ; 1.618E-5 ; 1.03552E-5
Tc115 ; 1.22568E-6 ; 7.84435E-7 ; 2.03845E-6 ; 1.30461E-6
Tc116 ; 3.24E-8 ; 2.0736E-8 ; 3.85E-8 ; 2.464E-8
Tc117 ; 4.04182E-10 ; 2.58676E-10 ; 1.26434E-9 ; 8.09178E-10
Tc118 ; 6.74734E-13 ; 4.3183E-13 ; 2.68852E-12 ; 1.72065E-12
Tc119 ; 1.77649E-14 ; 1.13695E-14 ; 8.96889E-14 ; 5.74009E-14
Tc120 ; 2.47717E-16 ; 1.58539E-16 ; 1.24281E-15 ; 7.95396E-16
Ru95 ; 0.0 ; 0.0 ; 0.0 ; 0.0
Ru96 ; 0.0 ; 0.0 ; 0.0 ; 0.0
Ru97 ; 0.0 ; 0.0 ; 0.0 ; 0.0
Ru98 ; 0.0 ; 0.0 ; 0.0 ; 0.0
Ru99 ; 1.72E-14 ; 1.1008E-14 ; 1.17E-14 ; 7.488E-15
Ru100 ; 2.42E-12 ; 1.5488E-12 ; 1.92E-12 ; 1.2288E-12
Ru101 ; 2.02E-10 ; 1.2928E-10 ; 1.81E-10 ; 1.1584E-10
Ru102 ; 1.04E-8 ; 6.65599E-9 ; 1.31E-8 ; 8.384E-9
Ru103 ; 3.79E-7 ; 2.4256E-7 ; 4.58E-7 ; 2.9312E-7
Ru104 ; 8.42999E-6 ; 5.3952E-6 ; 1.243E-5 ; 7.9552E-6
Ru105 ; 8.90799E-5 ; 5.70112E-5 ; 1.4009E-4 ; 8.96576E-5
Ru106 ; 7.30519E-4 ; 4.67532E-4 ; 0.00123032 ; 7.87405E-4
Ru107 ; 0.00299148 ; 0.00191455 ; 0.00485115 ; 0.00310474
Ru108 ; 0.00826148 ; 0.00528735 ; 0.012177 ; 0.00389663
Ru109 ; 0.00614266 ; 0.0039313 ; 0.00697422 ; 0.0044635
Ru109m ; 0.00614266 ; 0.0039313 ; 0.00697422 ; 0.0044635
Ru110 ; 0.0104442 ; 0.00334214 ; 0.0121651 ; 0.00279796
Ru111 ; 0.00511132 ; 0.00327124 ; 0.00558669 ; 0.00251401
Ru112 ; 0.00176142 ; 7.92638E-4 ; 0.00250604 ; 0.00160387
Ru113 ; 9.52499E-4 ; 6.096E-4 ; 0.0012342 ; 7.89888E-4
Ru114 ; 2.7199E-4 ; 1.74073E-4 ; 5.2451E-4 ; 3.35686E-4
Ru115 ; 9.06131E-5 ; 5.79924E-5 ; 1.37039E-4 ; 8.77052E-5
Ru116 ; 1.062E-5 ; 6.79679E-6 ; 2.171E-5 ; 1.38944E-5
Ru117 ; 6.66595E-7 ; 4.26621E-7 ; 1.74874E-6 ; 1.11919E-6
Ru118 ; 2.85993E-8 ; 1.83036E-8 ; 1.05997E-7 ; 6.78383E-8
Ru119 ; 7.52982E-10 ; 4.81908E-10 ; 2.92991E-9 ; 1.87514E-9
Ru120 ; 1.04997E-11 ; 6.71984E-12 ; 4.89988E-11 ; 3.13592E-11
Ru121 ; 5.39204E-14 ; 3.45091E-14 ; 2.51738E-13 ; 1.61112E-13
Ru122 ; 0.0 ; 0.0 ; 0.0 ; 0.0
Ru124 ; 0.0 ; 0.0 ; 0.0 ; 0.0
Rh99 ; 0.0 ; 0.0 ; 0.0 ; 0.0
Rh101 ; 0.0 ; 0.0 ; 0.0 ; 0.0
Rh101m ; 0.0 ; 0.0 ; 0.0 ; 0.0
Rh102 ; 4.64E-14 ; 2.9696E-14 ; 5.8E-14 ; 3.712E-14
Rh102m ; 4.64E-14 ; 2.9696E-14 ; 5.8E-14 ; 3.712E-14
Rh103 ; 1.6E-12 ; 1.024E-12 ; 2.29E-12 ; 1.4656E-12
Rh103m ; 1.07E-11 ; 6.84799E-12 ; 1.68E-11 ; 1.0752E-11
Rh104 ; 2.42E-10 ; 1.5488E-10 ; 3.32E-10 ; 2.1248E-10
Rh104m ; 7.26999E-10 ; 4.6528E-10 ; 1.18E-9 ; 7.552E-10
Rh105 ; 3.09E-8 ; 1.9776E-8 ; 6.42E-8 ; 4.1088E-8
Rh105m ; 4.62E-9 ; 2.9568E-9 ; 8.76E-9 ; 5.6064E-9
Rh106 ; 4.96E-7 ; 3.1744E-7 ; 9.16E-7 ; 5.8624E-7
Rh106m ; 4.96E-7 ; 3.1744E-7 ; 9.16E-7 ; 5.8624E-7
Rh107 ; 1.401E-5 ; 8.96639E-6 ; 3.306E-5 ; 2.11584E-5
Rh108 ; 6.005E-5 ; 3.8432E-5 ; 1.2345E-4 ; 7.9008E-5
Rh108m ; 6.005E-5 ; 3.8432E-5 ; 1.2345E-4 ; 7.9008E-5
Rh109 ; 2.6748E-4 ; 1.71187E-4 ; 5.8146E-4 ; 3.72134E-4
Rh109m ; 2.6748E-4 ; 1.71187E-4 ; 5.8146E-4 ; 3.72134E-4
Rh110 ; 9.52599E-5 ; 6.09664E-5 ; 1.6806E-4 ; 1.07558E-4
Rh110m ; 9.52599E-5 ; 6.09664E-5 ; 1.6806E-4 ; 1.07558E-4
Rh111 ; 3.4512E-4 ; 2.20877E-4 ; 6.0506E-4 ; 3.87238E-4
Rh112 ; 3.8195E-4 ; 2.44448E-4 ; 6.4306E-4 ; 4.11558E-4
Rh113 ; 5.5956E-4 ; 3.58118E-4 ; 8.8927E-4 ; 5.69133E-4
Rh114 ; 4.3261E-4 ; 2.7687E-4 ; 5.3748E-4 ; 3.43987E-4
Rh115 ; 2.2601E-4 ; 1.44646E-4 ; 6.0689E-4 ; 3.8841E-4
Rh116 ; 1.1894E-4 ; 7.61215E-5 ; 2.8761E-4 ; 1.8407E-4
Rh117 ; 3.478E-5 ; 2.22592E-5 ; 1.0196E-4 ; 6.52544E-5
Rh118 ; 6.66999E-6 ; 4.2688E-6 ; 1.969E-5 ; 1.26016E-5
Rh119 ; 7.50999E-7 ; 4.8064E-7 ; 2.55E-6 ; 1.632E-6
Rh120 ; 4.6E-8 ; 2.944E-8 ; 1.49E-7 ; 9.536E-8
Rh121 ; 1.52994E-9 ; 9.79165E-10 ; 5.54975E-9 ; 3.55184E-9
Rh122 ; 3.1E-11 ; 1.984E-11 ; 8.39E-11 ; 5.3696E-11
Rh123 ; 3.64E-13 ; 2.3296E-13 ; 8.51E-13 ; 5.4464E-13
Rh124 ; 0.0 ; 0.0 ; 0.0 ; 0.0
Pd99 ; 0.0 ; 0.0 ; 0.0 ; 0.0
Pd101 ; 0.0 ; 0.0 ; 0.0 ; 0.0
Pd102 ; 0.0 ; 0.0 ; 0.0 ; 0.0
Pd103 ; 0.0 ; 0.0 ; 0.0 ; 0.0
Pd104 ; 0.0 ; 0.0 ; 1.69E-14 ; 1.0816E-14
Pd105 ; 8.52999E-13 ; 5.4592E-13 ; 2.58E-12 ; 1.6512E-12
Pd106 ; 8.05999E-11 ; 5.1584E-11 ; 2.92E-10 ; 1.8688E-10
Pd107 ; 1.37E-9 ; 8.76799E-10 ; 5.24E-9 ; 3.3536E-9
Pd107m ; 2.55E-9 ; 1.632E-9 ; 1.17E-8 ; 7.488E-9
Pd108 ; 1.22E-7 ; 7.80799E-8 ; 5.69E-7 ; 3.6416E-7
Pd109 ; 6.71999E-7 ; 4.3008E-7 ; 2.78E-6 ; 1.7792E-6
Pd109m ; 1.25E-6 ; 7.99999E-7 ; 6.19E-6 ; 3.9616E-6
Pd110 ; 4.3E-9 ; 2.752E-9 ; 2.06E-8 ; 1.3184E-8
Pd111 ; 1.57E-8 ; 1.0048E-8 ; 5.12E-8 ; 3.2768E-8
Pd111m ; 2.91E-8 ; 1.8624E-8 ; 1.14E-7 ; 7.296E-8
Pd112 ; 2.52E-7 ; 1.6128E-7 ; 9.56E-7 ; 6.1184E-7
Pd113 ; 1.76E-6 ; 1.1264E-6 ; 4.23E-6 ; 2.7072E-6
Pd114 ; 5.92E-6 ; 3.7888E-6 ; 9.526E-5 ; 6.09664E-5
Pd115 ; 6.235E-5 ; 3.9904E-5 ; 3.3639E-4 ; 2.1529E-4
Pd116 ; 1.4047E-4 ; 8.99007E-5 ; 6.1481E-4 ; 3.93478E-4
Pd117 ; 1.6204E-4 ; 1.03706E-4 ; 5.998E-4 ; 3.83872E-4
Pd118 ; 1.1803E-4 ; 7.55391E-5 ; 4.4445E-4 ; 2.84448E-4
Pd119 ; 5.037E-5 ; 3.22368E-5 ; 1.749E-4 ; 1.11936E-4
Pd120 ; 1.249E-5 ; 7.99359E-6 ; 4.575E-5 ; 2.928E-5
Pd121 ; 1.66E-6 ; 1.0624E-6 ; 5.74E-6 ; 3.6736E-6
Pd122 ; 1.33E-7 ; 8.51199E-8 ; 4.31E-7 ; 2.7584E-7
Pd123 ; 6.34E-9 ; 4.0576E-9 ; 1.6E-8 ; 1.024E-8
Pd124 ; 1.18E-10 ; 7.55199E-11 ; 3.8E-10 ; 2.432E-10
Pd125 ; 0.0 ; 0.0 ; 0.0 ; 0.0
Pd126 ; 0.0 ; 0.0 ; 0.0 ; 0.0
Pd127 ; 0.0 ; 0.0 ; 0.0 ; 0.0
Pd128 ; 0.0 ; 0.0 ; 0.0 ; 0.0
Pd129 ; 0.0 ; 0.0 ; 0.0 ; 0.0
Pd130 ; 0.0 ; 0.0 ; 0.0 ; 0.0
Ag103 ; 0.0 ; 0.0 ; 0.0 ; 0.0
Ag105 ; 0.0 ; 0.0 ; 0.0 ; 0.0
Ag105m ; 0.0 ; 0.0 ; 0.0 ; 0.0
Ag106 ; 0.0 ; 0.0 ; 0.0 ; 0.0
Ag106m ; 0.0 ; 0.0 ; 0.0 ; 0.0
Ag107 ; 0.0 ; 0.0 ; 2.65E-14 ; 1.696E-14
Ag107m ; 2.41E-14 ; 1.5424E-14 ; 1.94E-13 ; 1.2416E-13
Ag108 ; 1.605E-12 ; 1.0272E-12 ; 1.25E-11 ; 8.0E-12
Ag108m ; 1.605E-12 ; 1.0272E-12 ; 1.25E-11 ; 8.0E-12
Ag109 ; 9.24999E-11 ; 5.92E-11 ; 9.7E-10 ; 6.208E-10
Ag109m ; 9.24999E-11 ; 5.92E-11 ; 9.7E-10 ; 6.208E-10
Ag110 ; 0.0 ; 0.0 ; 0.0 ; 0.0
Ag110m ; 0.0 ; 0.0 ; 0.0 ; 0.0
Ag111 ; 0.0 ; 0.0 ; 0.0 ; 0.0
Ag111m ; 0.0 ; 0.0 ; 1.06E-14 ; 6.784E-15
Ag112 ; 4.82E-14 ; 3.0848E-14 ; 3.12E-13 ; 1.9968E-13
Ag113 ; 2.67E-13 ; 1.7088E-13 ; 8.67E-13 ; 5.5488E-13
Ag113m ; 1.78E-12 ; 1.1392E-12 ; 6.36E-12 ; 4.0704E-12
Ag114 ; 3.83E-11 ; 2.4512E-11 ; 4.34E-7 ; 2.7776E-7
Ag115 ; 3.38E-7 ; 2.1632E-7 ; 3.91E-6 ; 2.5024E-6
Ag115m ; 3.38E-7 ; 2.1632E-7 ; 3.91E-6 ; 2.5024E-6
Ag116 ; 3.89E-6 ; 2.4896E-6 ; 2.234E-5 ; 1.42976E-5
Ag116m ; 3.89E-6 ; 2.4896E-6 ; 2.234E-5 ; 1.42976E-5
Ag117 ; 1.898E-5 ; 1.21472E-5 ; 8.583E-5 ; 5.49312E-5
Ag117m ; 1.898E-5 ; 1.21472E-5 ; 8.583E-5 ; 5.49312E-5
Ag118 ; 4.911E-5 ; 3.14304E-5 ; 1.6415E-4 ; 1.05056E-4
Ag118m ; 4.911E-5 ; 3.14304E-5 ; 1.6415E-4 ; 1.05056E-4
Ag119 ; 1.3769E-4 ; 8.81215E-5 ; 4.7737E-4 ; 3.05517E-4
Ag120 ; 5.9145E-5 ; 3.78528E-5 ; 1.745E-4 ; 1.1168E-4
Ag120m ; 5.9145E-5 ; 3.78528E-5 ; 1.745E-4 ; 1.1168E-4
Ag121 ; 5.536E-5 ; 3.54304E-5 ; 1.8211E-4 ; 1.1655E-4
Ag122 ; 8.12499E-6 ; 5.2E-6 ; 2.2455E-5 ; 1.43712E-5
Ag122m ; 8.12499E-6 ; 5.2E-6 ; 2.2455E-5 ; 1.43712E-5
Ag123 ; 2.95E-6 ; 1.888E-6 ; 7.97E-6 ; 5.1008E-6
Ag124 ; 2.53E-7 ; 1.6192E-7 ; 6.54E-7 ; 4.1856E-7
Ag125 ; 1.74E-11 ; 1.1136E-11 ; 1.38E-11 ; 8.832E-12
Ag126 ; 1.77E-12 ; 1.1328E-12 ; 1.1E-12 ; 7.04E-13
Ag127 ; 1.33E-13 ; 8.51199E-14 ; 7.86E-14 ; 5.0304E-14
Ag128 ; 0.0 ; 0.0 ; 0.0 ; 0.0
Ag129 ; 4.33031E-16 ; 2.7714E-16 ; 5.78345E-16 ; 3.70141E-16
Ag130 ; 0.0 ; 0.0 ; 0.0 ; 0.0
Ag131 ; 1.32116E-11 ; 8.45541E-12 ; 3.02126E-11 ; 1.93361E-11
Ag132 ; 4.69483E-13 ; 3.00469E-13 ; 1.02214E-12 ; 6.54172E-13
Cd105 ; 0.0 ; 0.0 ; 0.0 ; 0.0
Cd106 ; 0.0 ; 0.0 ; 0.0 ; 0.0
Cd107 ; 0.0 ; 0.0 ; 0.0 ; 0.0
Cd108 ; 0.0 ; 0.0 ; 0.0 ; 0.0
Cd109 ; 0.0 ; 0.0 ; 2.79E-14 ; 1.7856E-14
Cd110 ; 0.0 ; 0.0 ; 0.0 ; 0.0
Cd111 ; 0.0 ; 0.0 ; 0.0 ; 0.0
Cd111m ; 0.0 ; 0.0 ; 0.0 ; 0.0
Cd112 ; 0.0 ; 0.0 ; 0.0 ; 0.0
Cd113 ; 0.0 ; 0.0 ; 0.0 ; 0.0
Cd113m ; 0.0 ; 0.0 ; 0.0 ; 0.0
Cd114 ; 0.0 ; 0.0 ; 2.03E-10 ; 1.2992E-10
Cd115 ; 1.11E-10 ; 7.10399E-11 ; 3.11E-9 ; 1.9904E-9
Cd115m ; 3.7E-10 ; 2.368E-10 ; 1.17E-8 ; 7.488E-9
Cd116 ; 3.27E-8 ; 2.0928E-8 ; 4.18E-7 ; 2.6752E-7
Cd117 ; 1.85E-7 ; 1.184E-7 ; 1.11E-6 ; 7.104E-7
Cd117m ; 6.19E-7 ; 3.9616E-7 ; 4.17E-6 ; 2.6688E-6
Cd118 ; 8.59999E-6 ; 5.504E-6 ; 4.092E-5 ; 2.61888E-5
Cd119 ; 2.112E-5 ; 1.35168E-5 ; 8.338E-5 ; 5.33632E-5
Cd119m ; 2.112E-5 ; 1.35168E-5 ; 8.338E-5 ; 5.33632E-5
Cd120 ; 1.1979E-4 ; 7.66655E-5 ; 4.5107E-4 ; 2.88685E-4
Cd121 ; 8.70099E-5 ; 5.56864E-5 ; 3.1136E-4 ; 1.9927E-4
Cd121m ; 8.70099E-5 ; 5.56864E-5 ; 3.1136E-4 ; 1.9927E-4
Cd122 ; 1.6069E-4 ; 1.02842E-4 ; 6.0411E-4 ; 3.8663E-4
Cd123 ; 9.77699E-5 ; 6.25728E-5 ; 3.257E-4 ; 2.08448E-4
Cd124 ; 3.501E-5 ; 2.24064E-5 ; 1.1709E-4 ; 7.49376E-5
Cd125 ; 3.23E-6 ; 2.0672E-6 ; 5.14E-6 ; 3.2896E-6
Cd126 ; 1.24E-6 ; 7.93599E-7 ; 1.69E-6 ; 1.0816E-6
Cd127 ; 4.45E-7 ; 2.848E-7 ; 3.9E-7 ; 2.496E-7
Cd128 ; 6.07E-8 ; 3.8848E-8 ; 1.02E-7 ; 6.528E-8
Cd129 ; 1.06E-8 ; 6.78399E-9 ; 1.41E-8 ; 9.024E-9
Cd130 ; 9.15999E-10 ; 5.8624E-10 ; 1.48E-9 ; 9.472E-10
Cd131 ; 5.59986E-7 ; 3.58391E-7 ; 9.8697E-7 ; 6.31661E-7
Cd132 ; 1.98995E-8 ; 1.27357E-8 ; 4.0299E-8 ; 2.57913E-8
Cd133 ; 1.18061E-10 ; 7.55591E-11 ; 1.74176E-10 ; 1.11472E-10
Cd134 ; 2.62E-12 ; 1.6768E-12 ; 4.9E-12 ; 3.136E-12
Cd135 ;  ;  ; 4.16531E-13 ; 2.6658E-13
Cd136 ; 0.0 ; 0.0 ; 0.0 ; 0.0
In107 ; 0.0 ; 0.0 ; 0.0 ; 0.0
In109 ; 0.0 ; 0.0 ; 0.0 ; 0.0
In111 ; 0.0 ; 0.0 ; 0.0 ; 0.0
In112 ; 0.0 ; 0.0 ; 0.0 ; 0.0
In112m ; 0.0 ; 0.0 ; 0.0 ; 0.0
In113 ; 0.0 ; 0.0 ; 0.0 ; 0.0
In113m ; 0.0 ; 0.0 ; 0.0 ; 0.0
In114 ; 0.0 ; 0.0 ; 0.0 ; 0.0
In114m ; 0.0 ; 0.0 ; 0.0 ; 0.0
In115 ; 0.0 ; 0.0 ; 6.17E-13 ; 3.9488E-13
In115m ; 0.0 ; 0.0 ; 1.26E-13 ; 8.064E-14
In116 ; 1.25333E-12 ; 8.02133E-13 ; 2.64E-11 ; 1.6896E-11
In116m ; 1.25333E-12 ; 8.02133E-13 ; 2.64E-11 ; 1.6896E-11
In116n ; 1.25333E-12 ; 8.02133E-13 ; 2.64E-11 ; 1.6896E-11
In117 ; 4.14E-10 ; 2.6496E-10 ; 4.13E-9 ; 2.6432E-9
In117m ; 9.71999E-11 ; 6.2208E-11 ; 8.46E-10 ; 5.4144E-10
In118 ; 1.93E-8 ; 1.2352E-8 ; 9.83E-8 ; 6.2912E-8
In118m ; 3.215E-9 ; 2.0576E-9 ; 1.385E-8 ; 8.864E-9
In118n ; 3.215E-9 ; 2.0576E-9 ; 1.385E-8 ; 8.864E-9
In119 ; 4.18E-7 ; 2.6752E-7 ; 1.91E-6 ; 1.2224E-6
In119m ; 9.79999E-8 ; 6.272E-8 ; 3.92E-7 ; 2.5088E-7
In120 ; 1.86667E-6 ; 1.19467E-6 ; 6.32667E-6 ; 4.04907E-6
In120m ; 1.86667E-6 ; 1.19467E-6 ; 6.32667E-6 ; 4.04907E-6
In120n ; 1.86667E-6 ; 1.19467E-6 ; 6.32667E-6 ; 4.04907E-6
In121 ; 2.218E-5 ; 1.41952E-5 ; 8.594E-5 ; 5.50016E-5
In121m ; 5.2E-6 ; 3.328E-6 ; 1.76E-5 ; 1.1264E-5
In122 ; 2.6E-5 ; 1.664E-5 ; 9.222E-5 ; 5.90208E-5
In122m ; 2.6E-5 ; 1.664E-5 ; 9.222E-5 ; 5.90208E-5
In122n ; 2.6E-5 ; 1.664E-5 ; 9.222E-5 ; 5.90208E-5
In123 ; 1.1595E-4 ; 7.42079E-5 ; 4.6536E-4 ; 2.9783E-4
In123m ; 2.72E-5 ; 1.7408E-5 ; 9.531E-5 ; 6.09984E-5
In124 ; 9.06999E-5 ; 5.8048E-5 ; 2.75065E-4 ; 1.76042E-4
In124m ; 9.06999E-5 ; 5.8048E-5 ; 2.75065E-4 ; 1.76042E-4
In125 ; 1.3698E-4 ; 8.76671E-5 ; 3.6391E-4 ; 2.32902E-4
In125m ; 1.3698E-4 ; 8.76671E-5 ; 3.6391E-4 ; 2.32902E-4
In126 ; 1.6292E-4 ; 1.04269E-4 ; 3.0305E-4 ; 1.93952E-4
In126m ; 1.6292E-4 ; 1.04269E-4 ; 3.0305E-4 ; 1.93952E-4
In127 ; 2.4026E-4 ; 1.53766E-4 ; 2.7799E-4 ; 1.77914E-4
In127m ; 2.4026E-4 ; 1.53766E-4 ; 2.7799E-4 ; 1.77914E-4
In128 ; 1.5292E-4 ; 9.78687E-5 ; 2.1716E-4 ; 1.38982E-4
In128m ; 1.5292E-4 ; 9.78687E-5 ; 2.1716E-4 ; 1.38982E-4
In129 ; 1.1197E-4 ; 7.16607E-5 ; 1.4766E-4 ; 9.45024E-5
In129m ; 1.1197E-4 ; 7.16607E-5 ; 1.4766E-4 ; 9.45024E-5
In130 ; 3.503E-5 ; 2.24192E-5 ; 3.77133E-5 ; 2.41365E-5
In130m ; 3.503E-5 ; 2.24192E-5 ; 3.77133E-5 ; 2.41365E-5
In130n ; 3.503E-5 ; 2.24192E-5 ; 3.77133E-5 ; 2.41365E-5
In131 ; 1.4778E-4 ; 9.45791E-5 ; 1.9228E-4 ; 1.23059E-4
In131m ; 1.4778E-4 ; 9.45791E-5 ; 1.9228E-4 ; 1.23059E-4
In132 ; 4.029E-5 ; 2.57856E-5 ; 5.072E-5 ; 3.24608E-5
In133 ; 3.34988E-6 ; 2.14392E-6 ; 3.83983E-6 ; 2.45749E-6
In134 ; 9.01999E-8 ; 5.7728E-8 ; 1.04E-7 ; 6.656E-8
In135 ; 2.2672E-10 ; 1.45101E-10 ; 9.18272E-9 ; 5.87694E-9
In136 ; 1.05E-11 ; 6.71999E-12 ; 2.03E-11 ; 1.2992E-11
In137 ; 2.1634E-13 ; 1.38457E-13 ; 4.25486E-13 ; 2.72311E-13
Sn111 ; 0.0 ; 0.0 ; 0.0 ; 0.0
Sn112 ; 0.0 ; 0.0 ; 0.0 ; 0.0
Sn113 ; 0.0 ; 0.0 ; 0.0 ; 0.0
Sn113m ; 0.0 ; 0.0 ; 0.0 ; 0.0
Sn114 ; 0.0 ; 0.0 ; 0.0 ; 0.0
Sn115 ; 0.0 ; 0.0 ; 0.0 ; 0.0
Sn116 ; 0.0 ; 0.0 ; 0.0 ; 0.0
Sn117 ; 9.44999E-15 ; 6.048E-15 ; 1.615E-13 ; 1.0336E-13
Sn117m ; 9.44999E-15 ; 6.048E-15 ; 1.615E-13 ; 1.0336E-13
Sn118 ; 4.72E-12 ; 3.0208E-12 ; 3.91E-11 ; 2.5024E-11
Sn119 ; 9.60999E-11 ; 6.1504E-11 ; 5.24E-10 ; 3.3536E-10
Sn119m ; 3.22E-10 ; 2.0608E-10 ; 1.97E-9 ; 1.2608E-9
Sn120 ; 1.95E-8 ; 1.248E-8 ; 9.71E-8 ; 6.2144E-8
Sn121 ; 1.07E-7 ; 6.84799E-8 ; 4.5E-7 ; 2.88E-7
Sn121m ; 2.62E-7 ; 1.6768E-7 ; 1.28E-6 ; 8.192E-7
Sn122 ; 3.76E-6 ; 2.4064E-6 ; 2.04E-5 ; 1.3056E-5
Sn123 ; 1.636E-5 ; 1.04704E-5 ; 9.057E-5 ; 5.79648E-5
Sn123m ; 6.67999E-6 ; 4.2752E-6 ; 3.182E-5 ; 2.03648E-5
Sn124 ; 1.0426E-4 ; 6.67263E-5 ; 4.5161E-4 ; 2.8903E-4
Sn125 ; 1.3599E-4 ; 8.70335E-5 ; 5.7439E-4 ; 3.6761E-4
Sn125m ; 5.555E-5 ; 3.5552E-5 ; 2.0181E-4 ; 1.29158E-4
Sn126 ; 4.9137E-4 ; 3.14477E-4 ; 0.00161675 ; 5.1736E-4
Sn127 ; 0.00128546 ; 8.22694E-4 ; 0.00200402 ; 0.00128257
Sn127m ; 5.2764E-4 ; 3.37689E-4 ; 7.0411E-4 ; 4.5063E-4
Sn128 ; 0.00164573 ; 0.00105327 ; 0.0029322 ; 0.00187661
Sn128m ; 0.00164573 ; 0.00105327 ; 0.0029322 ; 0.00187661
Sn129 ; 0.00489434 ; 0.00313238 ; 0.00717753 ; 0.00459362
Sn129m ; 0.00199855 ; 0.00127907 ; 0.00252119 ; 0.00161356
Sn130 ; 0.00624221 ; 0.00399501 ; 0.00698891 ; 0.0044729
Sn130m ; 0.00624221 ; 0.00399501 ; 0.00698891 ; 0.0044729
Sn131 ; 0.0055044 ; 0.00352282 ; 0.00626 ; 0.0040064
Sn131m ; 0.0055044 ; 0.00352282 ; 0.00626 ; 0.0040064
Sn132 ; 0.00523935 ; 0.00335318 ; 0.00674809 ; 0.00431878
Sn133 ; 0.00159381 ; 0.00102004 ; 0.00162723 ; 0.00104143
Sn134 ; 1.7917E-4 ; 1.14669E-4 ; 2.0811E-4 ; 1.3319E-4
Sn135 ; 9.60977E-6 ; 6.15025E-6 ; 1.27008E-5 ; 8.12852E-6
Sn136 ; 3.42E-7 ; 2.1888E-7 ; 5.8E-7 ; 3.712E-7
Sn137 ; 9.16978E-9 ; 5.86866E-9 ; 1.38996E-8 ; 8.89573E-9
Sn138 ; 1.57E-10 ; 1.0048E-10 ; 2.78E-10 ; 1.7792E-10
Sn139 ; 3.2317E-12 ; 2.06829E-12 ; 4.10492E-12 ; 2.62715E-12
Sn140 ; 2.30436E-13 ; 1.47479E-13 ; 4.40509E-13 ; 2.81926E-13
Sb113 ; 0.0 ; 0.0 ; 0.0 ; 0.0
Sb115 ; 0.0 ; 0.0 ; 0.0 ; 0.0
Sb117 ; 0.0 ; 0.0 ; 0.0 ; 0.0
Sb118 ; 0.0 ; 0.0 ; 0.0 ; 0.0
Sb118m ; 0.0 ; 0.0 ; 0.0 ; 0.0
Sb119 ; 0.0 ; 0.0 ; 7.05E-14 ; 4.512E-14
Sb120 ; 7.56999E-13 ; 4.8448E-13 ; 3.61E-12 ; 2.3104E-12
Sb120m ; 1.09E-12 ; 6.97599E-13 ; 6.15E-12 ; 3.936E-12
Sb121 ; 1.45E-10 ; 9.27999E-11 ; 8.47E-10 ; 5.4208E-10
Sb122 ; 2.73E-9 ; 1.7472E-9 ; 1.51E-8 ; 9.664E-9
Sb122m ; 3.08E-9 ; 1.9712E-9 ; 2.01E-8 ; 1.2864E-8
Sb123 ; 1.36E-7 ; 8.70399E-8 ; 9.97E-7 ; 6.3808E-7
Sb124 ; 8.59999E-7 ; 5.504E-7 ; 3.83333E-6 ; 2.45333E-6
Sb124m ; 8.59999E-7 ; 5.504E-7 ; 3.83333E-6 ; 2.45333E-6
Sb124n ; 8.59999E-7 ; 5.504E-7 ; 3.83333E-6 ; 2.45333E-6
Sb125 ; 2.85E-7 ; 1.824E-7 ; 1.99E-6 ; 1.2736E-6
Sb126 ; 8.65999E-7 ; 5.5424E-7 ; 5.52E-6 ; 3.5328E-6
Sb126m ; 7.39999E-7 ; 4.736E-7 ; 3.81E-6 ; 2.4384E-6
Sb126n ; 7.39999E-7 ; 4.736E-7 ; 3.81E-6 ; 2.4384E-6
Sb127 ; 3.122E-5 ; 1.99808E-5 ; 5.835E-5 ; 3.7344E-5
Sb128 ; 7.09799E-5 ; 4.54272E-5 ; 1.1968E-4 ; 7.65952E-5
Sb128m ; 1.2086E-4 ; 7.73503E-5 ; 1.6527E-4 ; 1.05773E-4
Sb129 ; 0.0010844 ; 6.94015E-4 ; 0.00167989 ; 0.00107513
Sb130 ; 0.00206564 ; 0.00132201 ; 0.00190003 ; 0.00121602
Sb130m ; 0.00351717 ; 0.00225099 ; 0.00262377 ; 0.00167921
Sb131 ; 0.0173784 ; 0.0055611 ; 0.0175962 ; 0.00563077
Sb132 ; 0.0149173 ; 0.00477355 ; 0.0128975 ; 0.00412721
Sb132m ; 0.0108022 ; 0.0034567 ; 0.0114374 ; 0.00365998
Sb133 ; 0.0250672 ; 0.00802149 ; 0.0227138 ; 0.00726842
Sb134 ; 0.0052655 ; 0.00336992 ; 0.00445328 ; 0.0028501
Sb134m ; 0.0052655 ; 0.00336992 ; 0.00445328 ; 0.0028501
Sb135 ; 0.00217249 ; 0.00139039 ; 0.0023079 ; 0.00147706
Sb136 ; 2.9096E-4 ; 1.86214E-4 ; 3.1423E-4 ; 2.01107E-4
Sb137 ; 2.729E-5 ; 1.74656E-5 ; 3.189E-5 ; 2.04096E-5
Sb138 ; 1.66E-6 ; 1.0624E-6 ; 1.81E-6 ; 1.1584E-6
Sb139 ; 9.16967E-8 ; 5.86859E-8 ; 9.04959E-8 ; 5.79174E-8
Sb140 ; 6.53841E-9 ; 4.18459E-9 ; 8.04661E-9 ; 5.14983E-9
Sb141 ; 7.27545E-12 ; 4.65629E-12 ; 1.18239E-11 ; 7.56731E-12
Sb142 ; 9.88509E-13 ; 6.32646E-13 ; 5.25022E-13 ; 3.36014E-13
Te115 ; 0.0 ; 0.0 ; 0.0 ; 0.0
Te117 ; 0.0 ; 0.0 ; 0.0 ; 0.0
Te118 ; 0.0 ; 0.0 ; 0.0 ; 0.0
Te119 ; 0.0 ; 0.0 ; 0.0 ; 0.0
Te120 ; 0.0 ; 0.0 ; 0.0 ; 0.0
Te121 ; 0.0 ; 0.0 ; 1.405E-14 ; 8.992E-15
Te121m ; 0.0 ; 0.0 ; 1.405E-14 ; 8.992E-15
Te122 ; 5.38E-13 ; 3.4432E-13 ; 5.99E-12 ; 3.8336E-12
Te123 ; 1.17E-11 ; 7.48799E-12 ; 1.29E-10 ; 8.256E-11
Te123m ; 3.92E-11 ; 2.5088E-11 ; 4.86E-10 ; 3.1104E-10
Te124 ; 4.51E-9 ; 2.8864E-9 ; 3.39E-8 ; 2.1696E-8
Te125 ; 7.69999E-14 ; 4.928E-14 ; 9.88E-13 ; 6.3232E-13
Te125m ; 2.58E-13 ; 1.6512E-13 ; 3.72E-12 ; 2.3808E-12
Te126 ; 1.04E-11 ; 6.65599E-12 ; 1.27E-10 ; 8.128E-11
Te127 ; 1.64E-10 ; 1.0496E-10 ; 4.63E-10 ; 2.9632E-10
Te127m ; 4.01E-10 ; 2.5664E-10 ; 1.32E-9 ; 8.448E-10
Te128 ; 1.98E-8 ; 1.2672E-8 ; 3.73E-8 ; 2.3872E-8
Te129 ; 1.34E-7 ; 8.57599E-8 ; 1.78E-7 ; 1.1392E-7
Te129m ; 3.28E-7 ; 2.0992E-7 ; 5.06E-7 ; 3.2384E-7
Te130 ; 1.158E-5 ; 7.41119E-6 ; 9.6E-6 ; 6.144E-6
Te131 ; 9.30269E-4 ; 5.95372E-4 ; 8.0782E-4 ; 5.17005E-4
Te131m ; 0.00137887 ; 8.82476E-4 ; 0.00229918 ; 0.00147148
Te132 ; 0.0140357 ; 0.00322821 ; 0.0156597 ; 0.00360173
Te133 ; 0.0116786 ; 0.00373715 ; 0.00968809 ; 0.00620038
Te133m ; 0.0285925 ; 0.00914959 ; 0.027574 ; 0.00882368
Te134 ; 0.0543111 ; 0.00597422 ; 0.0540198 ; 0.0124245
Te135 ; 0.0372736 ; 0.00857292 ; 0.037461 ; 0.0119875
Te136 ; 0.0168287 ; 0.0053852 ; 0.0190234 ; 0.00608749
Te137 ; 0.00512159 ; 0.00327782 ; 0.00545834 ; 0.00349334
Te138 ; 0.00105156 ; 6.72998E-4 ; 0.00115439 ; 7.3881E-4
Te139 ; 1.8812E-4 ; 1.20397E-4 ; 1.5897E-4 ; 1.01741E-4
Te140 ; 1.07835E-5 ; 6.90141E-6 ; 1.3432E-5 ; 8.59645E-6
Te141 ; 3.08378E-7 ; 1.97362E-7 ; 3.86258E-7 ; 2.47205E-7
Te142 ; 4.1899E-8 ; 2.68153E-8 ; 2.06995E-8 ; 1.32477E-8
Te143 ; 2.24494E-11 ; 1.43676E-11 ; 3.24543E-11 ; 2.07708E-11
Te144 ; 2.84489E-12 ; 1.82073E-12 ; 3.53358E-12 ; 2.26149E-12
Te145 ; 1.82597E-13 ; 1.16862E-13 ; 2.11706E-13 ; 1.35492E-13
I121 ; 0.0 ; 0.0 ; 0.0 ; 0.0
I123 ; 0.0 ; 0.0 ; 0.0 ; 0.0
I125 ; 0.0 ; 0.0 ; 0.0 ; 0.0
I126 ; 0.0 ; 0.0 ; 0.0 ; 0.0
I127 ; 0.0 ; 0.0 ; 0.0 ; 0.0
I128 ; 0.0 ; 0.0 ; 0.0 ; 0.0
I129 ; 5.91E-14 ; 3.7824E-14 ; 8.69E-14 ; 5.5616E-14
I130 ; 5.89E-12 ; 3.7696E-12 ; 3.38E-12 ; 2.1632E-12
I130m ; 2.52E-12 ; 1.6128E-12 ; 1.25E-12 ; 8.0E-13
I131 ; 1.913E-5 ; 3.0608E-6 ; 1.995E-5 ; 1.2768E-5
I132 ; 3.0506E-4 ; 1.95238E-4 ; 1.53605E-4 ; 9.83072E-5
I132m ; 3.0506E-4 ; 1.95238E-4 ; 1.53605E-4 ; 9.83072E-5
I133 ; 1.5753E-4 ; 1.00819E-4 ; 0.00146601 ; 9.38243E-4
I133m ; 1.5753E-4 ; 1.00819E-4 ; 0.00146601 ; 9.38243E-4
I134 ; 0.00781458 ; 0.00500133 ; 0.0061288 ; 0.00392243
I134m ; 0.00565884 ; 0.00254648 ; 0.00544234 ; 0.0034831
I135 ; 0.030087 ; 0.00692 ; 0.028496 ; 0.0091187
I136 ; 0.0201747 ; 0.00645592 ; 0.0170381 ; 0.00545221
I136m ; 0.0201089 ; 0.00643484 ; 0.0169681 ; 0.00542979
I137 ; 0.0351479 ; 0.00281183 ; 0.0335899 ; 0.00537438
I138 ; 0.0212885 ; 0.00170308 ; 0.0170986 ; 0.00547154
I139 ; 0.0088877 ; 9.77647E-4 ; 0.00825673 ; 0.00528431
I140 ; 0.00208893 ; 0.00133691 ; 0.00183527 ; 0.00117457
I141 ; 3.40461E-4 ; 2.17895E-4 ; 3.60534E-4 ; 2.30742E-4
I142 ; 8.73299E-5 ; 5.58912E-5 ; 3.237E-5 ; 2.07168E-5
I143 ; 6.36983E-7 ; 4.07669E-7 ; 7.15479E-7 ; 4.57907E-7
I144 ; 8.07212E-8 ; 5.16616E-8 ; 6.45465E-8 ; 4.13097E-8
I145 ; 5.18104E-9 ; 3.31587E-9 ; 4.66722E-9 ; 2.98702E-9
I146 ; 9.60198E-12 ; 6.14527E-12 ; 7.55829E-12 ; 4.8373E-12
I147 ; 8.13892E-13 ; 5.20891E-13 ; 9.49793E-13 ; 6.07868E-13
Xe124 ; 0.0 ; 0.0 ; 0.0 ; 0.0
Xe125 ; 0.0 ; 0.0 ; 0.0 ; 0.0
Xe125m ; 0.0 ; 0.0 ; 0.0 ; 0.0
Xe126 ; 0.0 ; 0.0 ; 0.0 ; 0.0
Xe127 ; 0.0 ; 0.0 ; 0.0 ; 0.0
Xe127m ; 0.0 ; 0.0 ; 0.0 ; 0.0
Xe128 ; 0.0 ; 0.0 ; 0.0 ; 0.0
Xe129 ; 0.0 ; 0.0 ; 0.0 ; 0.0
Xe129m ; 0.0 ; 0.0 ; 0.0 ; 0.0
Xe130 ; 0.0 ; 0.0 ; 0.0 ; 0.0
Xe131 ; 2.32E-9 ; 1.4848E-9 ; 2.49E-9 ; 1.5936E-9
Xe131m ; 5.68E-9 ; 3.6352E-9 ; 7.08E-9 ; 4.5312E-9
Xe132 ; 5.37E-7 ; 3.4368E-7 ; 6.65E-7 ; 4.256E-7
Xe133 ; 2.51E-6 ; 1.6064E-6 ; 5.25E-6 ; 3.36E-6
Xe133m ; 6.14E-6 ; 3.9296E-6 ; 1.493E-5 ; 9.5552E-6
Xe134 ; 9.64199E-5 ; 6.17088E-5 ; 9.816E-5 ; 6.28224E-5
Xe134m ; 2.2497E-4 ; 1.43981E-4 ; 2.654E-4 ; 1.69856E-4
Xe135 ; 6.55009E-4 ; 5.24008E-5 ; 6.5482E-4 ; 4.19085E-4
Xe135m ; 0.00161402 ; 0.00103297 ; 0.0018606 ; 0.00119078
Xe136 ; 0.0108381 ; 0.00346819 ; 0.0108174 ; 0.00346158
Xe137 ; 0.026963 ; 0.00215704 ; 0.0257304 ; 0.00823374
Xe138 ; 0.0406057 ; 0.00243634 ; 0.0401351 ; 0.0128432
Xe139 ; 0.0408452 ; 0.00245071 ; 0.0437141 ; 0.0139885
Xe140 ; 0.0310012 ; 0.00124005 ; 0.0314767 ; 0.0100725
Xe141 ; 0.0146286 ; 5.85142E-4 ; 0.0156098 ; 0.00499513
Xe142 ; 0.00546027 ; 6.00629E-4 ; 0.00529957 ; 0.00339173
Xe143 ; 5.25271E-4 ; 3.36174E-4 ; 4.94797E-4 ; 3.1667E-4
Xe143m ; 5.25271E-4 ; 3.36174E-4 ; 4.94797E-4 ; 3.1667E-4
Xe144 ; 1.33129E-4 ; 8.52027E-5 ; 1.07745E-4 ; 6.89571E-5
Xe145 ; 8.54481E-6 ; 5.46868E-6 ; 6.45533E-6 ; 4.13141E-6
Xe146 ; 4.0699E-7 ; 2.60474E-7 ; 2.97992E-7 ; 1.90715E-7
Xe147 ; 3.44977E-8 ; 2.20785E-8 ; 3.10274E-8 ; 1.98575E-8
Xe148 ; 1.62E-10 ; 1.0368E-10 ; 8.77E-11 ; 5.6128E-11
Xe149 ; 1.12997E-12 ; 7.2318E-13 ; 1.06443E-12 ; 6.81236E-13
Xe150 ; 0.0 ; 0.0 ; 0.0 ; 0.0
Cs127 ; 0.0 ; 0.0 ; 0.0 ; 0.0
Cs129 ; 0.0 ; 0.0 ; 0.0 ; 0.0
Cs131 ; 8.69999E-14 ; 5.568E-14 ; 1.17E-13 ; 7.488E-14
Cs132 ; 2.32E-11 ; 1.4848E-11 ; 2.74E-11 ; 1.7536E-11
Cs133 ; 1.45E-9 ; 9.27999E-10 ; 4.01E-9 ; 2.5664E-9
Cs134 ; 1.16E-7 ; 7.42399E-8 ; 1.245E-7 ; 7.968E-8
Cs134m ; 1.16E-7 ; 7.42399E-8 ; 1.245E-7 ; 7.968E-8
Cs135 ; 3.655E-6 ; 2.3392E-6 ; 3.75E-6 ; 2.4E-6
Cs135m ; 3.655E-6 ; 2.3392E-6 ; 3.75E-6 ; 2.4E-6
Cs136 ; 7.05649E-5 ; 4.51616E-5 ; 7.5885E-5 ; 4.85664E-5
Cs136m ; 7.05649E-5 ; 4.51616E-5 ; 7.5885E-5 ; 4.85664E-5
Cs137 ; 9.23659E-4 ; 5.91142E-4 ; 8.702E-4 ; 5.56928E-4
Cs138 ; 0.00117854 ; 2.71064E-4 ; 0.00163198 ; 0.00104447
Cs138m ; 0.00225887 ; 0.00144568 ; 0.00163612 ; 0.00104712
Cs139 ; 0.0126568 ; 0.00405017 ; 0.0112995 ; 0.00361583
Cs140 ; 0.0229067 ; 0.00733014 ; 0.018086 ; 0.00578753
Cs141 ; 0.027552 ; 0.00881665 ; 0.0282713 ; 0.0090468
Cs142 ; 0.0268741 ; 0.00859971 ; 0.0229845 ; 0.00735503
Cs143 ; 0.0160688 ; 0.00514201 ; 0.0154577 ; 0.00494647
Cs144 ; 0.00654258 ; 0.00418725 ; 0.00475126 ; 0.00304081
Cs145 ; 0.00141727 ; 9.07052E-4 ; 0.0011379 ; 7.28256E-4
Cs146 ; 2.2914E-4 ; 1.46649E-4 ; 1.5177E-4 ; 9.71328E-5
Cs147 ; 3.80868E-5 ; 2.43756E-5 ; 2.8961E-5 ; 1.8535E-5
Cs148 ; 1.16E-6 ; 7.42399E-7 ; 5.71E-7 ; 3.6544E-7
Cs149 ; 3.20619E-8 ; 2.05196E-8 ; 2.34662E-8 ; 1.50183E-8
Cs150 ; 6.58999E-10 ; 4.2176E-10 ; 3.38E-10 ; 2.1632E-10
Cs151 ; 1.72914E-12 ; 1.10665E-12 ; 1.73663E-12 ; 1.11145E-12
Cs152 ; 1.08524E-13 ; 6.94551E-14 ; 6.23939E-14 ; 3.99321E-14
Ba129 ; 0.0 ; 0.0 ; 0.0 ; 0.0
Ba131 ; 0.0 ; 0.0 ; 0.0 ; 0.0
Ba132 ; 0.0 ; 0.0 ; 0.0 ; 0.0
Ba133 ; 1.39E-14 ; 8.89599E-15 ; 5.24E-14 ; 3.3536E-14
Ba134 ; 9.78999E-12 ; 6.2656E-12 ; 1.62E-11 ; 1.0368E-11
Ba135 ; 6.5E-10 ; 4.16E-10 ; 8.5E-10 ; 5.44E-10
Ba135m ; 6.5E-10 ; 4.16E-10 ; 8.5E-10 ; 5.44E-10
Ba136 ; 4.87E-8 ; 3.1168E-8 ; 4.42E-8 ; 2.8288E-8
Ba136m ; 4.87E-8 ; 3.1168E-8 ; 4.42E-8 ; 2.8288E-8
Ba137 ; 6.35E-7 ; 4.064E-7 ; 6.44E-7 ; 4.1216E-7
Ba137m ; 1.56E-6 ; 9.98399E-7 ; 1.83E-6 ; 1.1712E-6
Ba138 ; 3.306E-5 ; 2.11584E-5 ; 3.454E-5 ; 2.21056E-5
Ba139 ; 3.0499E-4 ; 1.95193E-4 ; 3.0997E-4 ; 1.98381E-4
Ba140 ; 0.00175181 ; 0.00112116 ; 0.00171333 ; 0.00109653
Ba141 ; 0.00652486 ; 0.00417591 ; 0.00650527 ; 0.00416337
Ba142 ; 0.0144429 ; 0.00462174 ; 0.0173759 ; 0.00556029
Ba143 ; 0.0267222 ; 0.00614612 ; 0.0279831 ; 0.00643611
Ba144 ; 0.0289148 ; 0.00925275 ; 0.029729 ; 0.00951329
Ba145 ; 0.0184433 ; 0.00590186 ; 0.0179796 ; 0.00575346
Ba146 ; 0.0090474 ; 0.00579034 ; 0.0086759 ; 0.00555258
Ba147 ; 0.00281572 ; 0.00180206 ; 0.00194697 ; 0.00124606
Ba148 ; 5.0184E-4 ; 3.21177E-4 ; 3.6401E-4 ; 2.32966E-4
Ba149 ; 5.28779E-5 ; 3.38419E-5 ; 3.24565E-5 ; 2.07722E-5
Ba150 ; 3.68E-6 ; 2.3552E-6 ; 2.54E-6 ; 1.6256E-6
Ba151 ; 7.32914E-8 ; 4.69065E-8 ; 5.67315E-8 ; 3.63081E-8
Ba152 ; 4.59989E-9 ; 2.94393E-9 ; 2.45994E-9 ; 1.57436E-9
Ba153 ; 1.6599E-11 ; 1.06234E-11 ; 9.43451E-12 ; 6.03809E-12
Ba154 ; 7.58999E-13 ; 4.8576E-13 ; 2.48E-13 ; 1.5872E-13
Ba155 ; 3.03261E-14 ; 1.94087E-14 ; 2.60864E-14 ; 1.66953E-14
La133 ; 0.0 ; 0.0 ; 0.0 ; 0.0
La135 ; 0.0 ; 0.0 ; 0.0 ; 0.0
La137 ; 1.4E-10 ; 8.95999E-11 ; 1.88E-10 ; 1.2032E-10
La138 ; 7.51999E-9 ; 4.8128E-9 ; 7.42E-9 ; 4.7488E-9
La139 ; 2.28E-7 ; 1.4592E-7 ; 2.58E-7 ; 1.6512E-7
La140 ; 4.19E-6 ; 2.6816E-6 ; 3.89E-6 ; 2.4896E-6
La141 ; 4.394E-5 ; 2.81216E-5 ; 5.622E-5 ; 3.59808E-5
La142 ; 3.64E-4 ; 2.3296E-4 ; 4.0888E-4 ; 2.61683E-4
La143 ; 0.00201735 ; 0.0012911 ; 0.00239825 ; 0.00153488
La144 ; 0.00657603 ; 0.00420866 ; 0.00691385 ; 0.00442486
La145 ; 0.0121785 ; 0.00389712 ; 0.0131287 ; 0.00420119
La146 ; 0.00773333 ; 0.00494933 ; 0.00738266 ; 0.0047249
La146m ; 0.00773333 ; 0.00494933 ; 0.00738266 ; 0.0047249
La147 ; 0.0132746 ; 0.00424787 ; 0.0115411 ; 0.00369315
La148 ; 0.00724806 ; 0.00463876 ; 0.00539281 ; 0.0034514
La149 ; 0.00244795 ; 0.00156669 ; 0.00178872 ; 0.00114478
La150 ; 5.7286E-4 ; 3.6663E-4 ; 3.8021E-4 ; 2.43334E-4
La151 ; 8.09166E-5 ; 5.17867E-5 ; 5.29533E-5 ; 3.38901E-5
La152 ; 8.16999E-6 ; 5.2288E-6 ; 4.23E-6 ; 2.7072E-6
La153 ; 4.70983E-7 ; 3.01429E-7 ; 2.07991E-7 ; 1.33114E-7
La154 ; 1.6E-8 ; 1.024E-8 ; 5.26E-9 ; 3.3664E-9
La155 ; 8.60477E-10 ; 5.50705E-10 ; 5.75094E-10 ; 3.6806E-10
La156 ; 1.78828E-12 ; 1.1445E-12 ; 9.08009E-13 ; 5.81126E-13
La157 ; 6.11035E-14 ; 3.91063E-14 ; 2.46415E-14 ; 1.57705E-14
La158 ; 1.21027E-15 ; 7.74576E-16 ;  ; 
Ce135 ; 0.0 ; 0.0 ; 0.0 ; 0.0
Ce137 ; 0.0 ; 0.0 ; 0.0 ; 0.0
Ce138 ; 9.67999E-14 ; 6.1952E-14 ; 1.48E-13 ; 9.472E-14
Ce139 ; 2.88E-12 ; 1.8432E-12 ; 3.84E-12 ; 2.4576E-12
Ce139m ; 7.03999E-12 ; 4.5056E-12 ; 1.09E-11 ; 6.976E-12
Ce140 ; 6.32E-10 ; 4.0448E-10 ; 8.81E-10 ; 5.6384E-10
Ce141 ; 2.29E-8 ; 1.4656E-8 ; 3.69E-8 ; 2.3616E-8
Ce142 ; 6.14E-7 ; 3.9296E-7 ; 1.1E-6 ; 7.04E-7
Ce143 ; 1.12E-5 ; 7.16799E-6 ; 1.908E-5 ; 1.22112E-5
Ce144 ; 1.2821E-4 ; 8.20543E-5 ; 2.1022E-4 ; 1.34541E-4
Ce145 ; 7.43089E-4 ; 4.75577E-4 ; 0.0011462 ; 7.33568E-4
Ce146 ; 0.00293069 ; 0.00187564 ; 0.0044481 ; 0.00284678
Ce147 ; 0.00656891 ; 0.00295601 ; 0.00845588 ; 0.00541176
Ce148 ; 0.0107703 ; 0.00247717 ; 0.0127423 ; 0.00293074
Ce149 ; 0.0102002 ; 0.00326407 ; 0.00998751 ; 0.00449438
Ce150 ; 0.00705711 ; 0.00451655 ; 0.00708289 ; 0.00453305
Ce151 ; 0.00301698 ; 0.00193087 ; 0.00257123 ; 0.00164559
Ce152 ; 9.40499E-4 ; 6.0192E-4 ; 7.577E-4 ; 4.84928E-4
Ce153 ; 1.7472E-4 ; 1.11821E-4 ; 1.0615E-4 ; 6.7936E-5
Ce154 ; 1.964E-5 ; 1.25696E-5 ; 1.054E-5 ; 6.7456E-6
Ce155 ; 1.41914E-6 ; 9.08249E-7 ; 7.95425E-7 ; 5.09072E-7
Ce156 ; 7.57982E-8 ; 4.85108E-8 ; 3.57991E-8 ; 2.29114E-8
Ce157 ; 2.58994E-9 ; 1.65756E-9 ; 8.04975E-10 ; 5.15184E-10
Ce158 ; 5.12988E-11 ; 3.28312E-11 ; 1.48E-11 ; 9.472E-12
Ce159 ; 2.29074E-13 ; 1.46607E-13 ; 9.93345E-14 ; 6.35741E-14
Ce160 ; 0.0 ; 0.0 ; 0.0 ; 0.0
Pr139 ; 0.0 ; 0.0 ; 0.0 ; 0.0
Pr140 ; 0.0 ; 0.0 ; 0.0 ; 0.0
Pr141 ; 3.0E-13 ; 1.92E-13 ; 6.24E-13 ; 3.9936E-13
Pr142 ; 1.37E-11 ; 8.76799E-12 ; 2.835E-11 ; 1.8144E-11
Pr142m ; 1.37E-11 ; 8.76799E-12 ; 2.835E-11 ; 1.8144E-11
Pr143 ; 1.91E-9 ; 1.2224E-9 ; 4.26E-9 ; 2.7264E-9
Pr144 ; 7.75999E-9 ; 4.9664E-9 ; 1.37E-8 ; 8.768E-9
Pr144m ; 6.97999E-8 ; 4.4672E-8 ; 1.38E-7 ; 8.832E-8
Pr145 ; 1.58E-6 ; 1.0112E-6 ; 3.36E-6 ; 2.1504E-6
Pr146 ; 2.077E-5 ; 1.32928E-5 ; 3.669E-5 ; 2.34816E-5
Pr147 ; 1.5192E-4 ; 9.72287E-5 ; 2.6832E-4 ; 1.71725E-4
Pr148 ; 3.8429E-4 ; 2.45945E-4 ; 5.1584E-4 ; 3.30138E-4
Pr148m ; 3.8429E-4 ; 2.45945E-4 ; 5.1584E-4 ; 3.30138E-4
Pr149 ; 0.0020231 ; 0.00129478 ; 0.00271571 ; 0.00173805
Pr150 ; 0.00420793 ; 0.00269307 ; 0.00438745 ; 0.00280797
Pr151 ; 0.00514733 ; 0.0023163 ; 0.00515733 ; 0.00330069
Pr152 ; 0.00414587 ; 0.00265335 ; 0.00356007 ; 0.00227844
Pr153 ; 0.00219056 ; 0.00140196 ; 0.00175233 ; 0.00112149
Pr154 ; 7.38189E-4 ; 4.72441E-4 ; 4.5123E-4 ; 2.88787E-4
Pr155 ; 1.6223E-4 ; 1.03827E-4 ; 1.2807E-4 ; 8.19648E-5
Pr156 ; 2.74E-5 ; 1.7536E-5 ; 1.61E-5 ; 1.0304E-5
Pr157 ; 3.13E-6 ; 2.0032E-6 ; 1.4E-6 ; 8.96E-7
Pr158 ; 2.04E-7 ; 1.3056E-7 ; 6.99E-8 ; 4.4736E-8
Pr159 ; 6.49977E-9 ; 4.15985E-9 ; 2.1899E-9 ; 1.40154E-9
Pr160 ; 1.12E-10 ; 7.16799E-11 ; 3.87E-11 ; 2.4768E-11
Pr161 ; 2.47717E-13 ; 1.58539E-13 ; 2.2713E-13 ; 1.45363E-13
Pr162 ; 2.10677E-17 ; 1.34834E-17 ; 4.84441E-15 ; 3.10042E-15
Pr163 ; 3.79833E-19 ; 2.43093E-19 ; 6.21394E-17 ; 3.97692E-17
Nd140 ; 0.0 ; 0.0 ; 0.0 ; 0.0
Nd141 ; 0.0 ; 0.0 ; 0.0 ; 0.0
Nd142 ; 0.0 ; 0.0 ; 0.0 ; 0.0
Nd143 ; 1.81E-14 ; 1.1584E-14 ; 6.33E-14 ; 4.0512E-14
Nd144 ; 2.68E-12 ; 1.7152E-12 ; 1.03E-11 ; 6.592E-12
Nd145 ; 2.11E-10 ; 1.3504E-10 ; 7.1E-10 ; 4.544E-10
Nd146 ; 9.42999E-9 ; 6.0352E-9 ; 3.22E-8 ; 2.0608E-8
Nd147 ; 2.33E-7 ; 1.4912E-7 ; 7.14E-7 ; 4.5696E-7
Nd148 ; 4.27E-6 ; 2.7328E-6 ; 1.089E-5 ; 6.9696E-6
Nd149 ; 4.066E-5 ; 2.60224E-5 ; 7.89E-5 ; 5.0496E-5
Nd150 ; 2.5499E-4 ; 1.63193E-4 ; 4.5139E-4 ; 2.8889E-4
Nd151 ; 8.79059E-4 ; 5.62598E-4 ; 0.00131826 ; 8.43686E-4
Nd152 ; 0.00203923 ; 0.00130511 ; 0.00292249 ; 0.00187039
Nd153 ; 0.00286152 ; 0.00183137 ; 0.00334263 ; 0.00213928
Nd154 ; 0.00257551 ; 0.00115898 ; 0.00274647 ; 8.7887E-4
Nd155 ; 0.00151854 ; 9.71865E-4 ; 0.00186514 ; 0.00119369
Nd156 ; 7.21859E-4 ; 4.6199E-4 ; 8.2063E-4 ; 5.25203E-4
Nd157 ; 2.5153E-4 ; 1.60979E-4 ; 1.8275E-4 ; 1.1696E-4
Nd158 ; 5.056E-5 ; 3.23584E-5 ; 3.284E-5 ; 2.10176E-5
Nd159 ; 5.12E-6 ; 3.2768E-6 ; 2.82E-6 ; 1.8048E-6
Nd160 ; 2.87E-7 ; 1.8368E-7 ; 1.93E-7 ; 1.2352E-7
Nd161 ; 1.04997E-8 ; 6.71984E-9 ; 7.41977E-9 ; 4.74866E-9
Nd162 ; 8.92978E-13 ; 5.71506E-13 ; 1.90995E-10 ; 1.22237E-10
Nd163 ; 1.60996E-14 ; 1.03037E-14 ; 2.02994E-12 ; 1.29916E-12
Nd164 ; 0.0 ; 0.0 ; 2.23E-14 ; 1.4272E-14
Nd165 ; 4.96914E-19 ; 3.18025E-19 ; 2.13184E-16 ; 1.36438E-16
Nd166 ; 3.28889E-20 ; 2.10489E-20 ;  ; 
Pm141 ; 0.0 ; 0.0 ; 0.0 ; 0.0
Pm143 ; 0.0 ; 0.0 ; 0.0 ; 0.0
Pm144 ; 0.0 ; 0.0 ; 0.0 ; 0.0
Pm145 ; 0.0 ; 0.0 ; 0.0 ; 0.0
Pm146 ; 1.09E-13 ; 6.97599E-14 ; 5.25E-13 ; 3.36E-13
Pm147 ; 9.39999E-12 ; 6.016E-12 ; 5.09E-11 ; 3.2576E-11
Pm148 ; 1.97E-10 ; 1.2608E-10 ; 6.32E-10 ; 4.0448E-10
Pm148m ; 4.6E-10 ; 2.944E-10 ; 1.71E-9 ; 1.0944E-9
Pm149 ; 2.29E-8 ; 1.4656E-8 ; 6.98E-8 ; 4.4672E-8
Pm150 ; 5.08E-7 ; 3.2512E-7 ; 1.12E-6 ; 7.168E-7
Pm151 ; 5.86E-6 ; 3.7504E-6 ; 1.282E-5 ; 8.2048E-6
Pm152 ; 1.416E-5 ; 9.06239E-6 ; 2.47867E-5 ; 1.58635E-5
Pm152m ; 1.416E-5 ; 9.06239E-6 ; 2.47867E-5 ; 1.58635E-5
Pm152n ; 1.416E-5 ; 9.06239E-6 ; 2.47867E-5 ; 1.58635E-5
Pm153 ; 1.7772E-4 ; 1.13741E-4 ; 3.0211E-4 ; 1.9335E-4
Pm154 ; 2.2546E-4 ; 1.44294E-4 ; 2.9332E-4 ; 1.87725E-4
Pm154m ; 2.2546E-4 ; 1.44294E-4 ; 2.9332E-4 ; 1.87725E-4
Pm155 ; 7.00089E-4 ; 4.48057E-4 ; 0.00126271 ; 8.08134E-4
Pm156 ; 8.60179E-4 ; 5.50515E-4 ; 0.00126119 ; 8.07162E-4
Pm157 ; 8.05369E-4 ; 5.15436E-4 ; 8.8621E-4 ; 5.67174E-4
Pm158 ; 4.4068E-4 ; 2.82035E-4 ; 3.6804E-4 ; 2.35546E-4
Pm159 ; 1.2776E-4 ; 8.17663E-5 ; 1.0944E-4 ; 7.00416E-5
Pm160 ; 2.148E-5 ; 1.37472E-5 ; 1.948E-5 ; 1.24672E-5
Pm161 ; 2.44E-6 ; 1.5616E-6 ; 2.8E-6 ; 1.792E-6
Pm162 ; 6.68999E-10 ; 4.2816E-10 ; 1.93E-7 ; 1.2352E-7
Pm163 ; 3.82E-11 ; 2.4448E-11 ; 7.99E-9 ; 5.1136E-9
Pm164 ; 9.38999E-13 ; 6.0096E-13 ; 2.49E-10 ; 1.5936E-10
Pm165 ; 1.40995E-14 ; 9.02368E-15 ; 4.69979E-12 ; 3.00786E-12
Pm166 ; 9.33194E-16 ; 5.97244E-16 ; 1.31636E-14 ; 8.4247E-15
Pm167 ; 6.2755E-19 ; 4.01632E-19 ; 3.67326E-16 ; 2.35089E-16
Pm168 ; 2.50076E-18 ; 1.60049E-18 ; 3.98205E-18 ; 2.54851E-18
Pm169 ; 1.24257E-19 ; 7.95246E-20 ;  ; 
Sm143 ; 0.0 ; 0.0 ; 0.0 ; 0.0
Sm143m ; 0.0 ; 0.0 ; 0.0 ; 0.0
Sm144 ; 0.0 ; 0.0 ; 0.0 ; 0.0
Sm145 ; 0.0 ; 0.0 ; 0.0 ; 0.0
Sm146 ; 0.0 ; 0.0 ; 0.0 ; 0.0
Sm147 ; 0.0 ; 0.0 ; 0.0 ; 0.0
Sm148 ; 0.0 ; 0.0 ; 4.66E-14 ; 2.9824E-14
Sm149 ; 7.17999E-13 ; 4.5952E-13 ; 4.26E-12 ; 2.7264E-12
Sm150 ; 6.1E-11 ; 3.904E-11 ; 2.8E-10 ; 1.792E-10
Sm151 ; 2.58E-9 ; 1.6512E-9 ; 9.55E-9 ; 6.112E-9
Sm152 ; 6.11E-8 ; 3.9104E-8 ; 2.19E-7 ; 1.4016E-7
Sm153 ; 8.44999E-7 ; 5.408E-7 ; 2.55E-6 ; 1.632E-6
Sm154 ; 6.86999E-6 ; 4.3968E-6 ; 1.842E-5 ; 1.17888E-5
Sm155 ; 3.182E-5 ; 2.03648E-5 ; 1.0147E-4 ; 6.49408E-5
Sm156 ; 1.112E-4 ; 7.11679E-5 ; 3.4205E-4 ; 2.18912E-4
Sm157 ; 2.8942E-4 ; 1.85229E-4 ; 5.438E-4 ; 3.48032E-4
Sm158 ; 4.132E-4 ; 2.64448E-4 ; 6.7642E-4 ; 4.32909E-4
Sm159 ; 3.0981E-4 ; 1.98278E-4 ; 4.4787E-4 ; 2.86637E-4
Sm160 ; 1.3771E-4 ; 8.81343E-5 ; 2.5513E-4 ; 1.63283E-4
Sm161 ; 4.316E-5 ; 2.76224E-5 ; 8.87E-5 ; 5.6768E-5
Sm162 ; 3.44E-8 ; 2.2016E-8 ; 2.092E-5 ; 1.33888E-5
Sm163 ; 5.78E-9 ; 3.6992E-9 ; 2.28E-6 ; 1.4592E-6
Sm164 ; 4.47E-10 ; 2.8608E-10 ; 2.68E-7 ; 1.7152E-7
Sm165 ; 2.17E-11 ; 1.3888E-11 ; 1.41E-8 ; 9.024E-9
Sm166 ; 1.53907E-12 ; 9.85002E-13 ; 5.18987E-10 ; 3.32152E-10
Sm167 ; 2.65994E-14 ; 1.70236E-14 ; 1.19996E-11 ; 7.67977E-12
Sm168 ; 1.05997E-13 ; 6.78383E-14 ; 1.56996E-13 ; 1.00477E-13
Sm169 ; 5.26677E-15 ; 3.37073E-15 ; 5.44299E-16 ; 3.48351E-16
Sm170 ; 0.0 ; 0.0 ; 0.0 ; 0.0
Sm171 ; 4.54892E-20 ; 2.91131E-20 ; 3.20181E-19 ; 2.04916E-19
Eu147 ; 0.0 ; 0.0 ; 0.0 ; 0.0
Eu149 ; 0.0 ; 0.0 ; 0.0 ; 0.0
Eu151 ; 2.81E-14 ; 1.7984E-14 ; 1.83E-13 ; 1.1712E-13
Eu152 ; 7.73333E-13 ; 4.94933E-13 ; 4.14667E-12 ; 2.65387E-12
Eu152m ; 7.73333E-13 ; 4.94933E-13 ; 4.14667E-12 ; 2.65387E-12
Eu152n ; 7.73333E-13 ; 4.94933E-13 ; 4.14667E-12 ; 2.65387E-12
Eu153 ; 1.11E-10 ; 7.10399E-11 ; 6.06E-10 ; 3.8784E-10
Eu154 ; 1.535E-9 ; 9.82399E-10 ; 6.3E-9 ; 4.032E-9
Eu154m ; 1.535E-9 ; 9.82399E-10 ; 6.3E-9 ; 4.032E-9
Eu155 ; 4.63E-8 ; 2.9632E-8 ; 2.72E-7 ; 1.7408E-7
Eu156 ; 5.3E-7 ; 3.392E-7 ; 2.51E-6 ; 1.6064E-6
Eu157 ; 4.23E-6 ; 2.7072E-6 ; 1.415E-5 ; 9.056E-6
Eu158 ; 1.775E-5 ; 1.136E-5 ; 4.179E-5 ; 2.67456E-5
Eu159 ; 3.723E-5 ; 2.38272E-5 ; 8.936E-5 ; 5.71904E-5
Eu160 ; 4.418E-5 ; 2.82752E-5 ; 1.1393E-4 ; 7.29152E-5
Eu161 ; 3.592E-5 ; 2.29888E-5 ; 1.2154E-4 ; 7.77856E-5
Eu162 ; 7.41999E-8 ; 4.7488E-8 ; 6.28E-5 ; 4.0192E-5
Eu163 ; 3.25E-8 ; 2.08E-8 ; 2.225E-5 ; 1.424E-5
Eu164 ; 7.03999E-9 ; 4.5056E-9 ; 6.43E-6 ; 4.1152E-6
Eu165 ; 1.01E-9 ; 6.464E-10 ; 1.21E-6 ; 7.744E-7
Eu166 ; 2.18E-10 ; 1.3952E-10 ; 1.15E-7 ; 7.36E-8
Eu167 ; 1.2E-11 ; 7.67999E-12 ; 1.02E-8 ; 6.528E-9
Eu168 ; 1.55E-10 ; 9.91999E-11 ; 3.71E-10 ; 2.3744E-10
Eu169 ; 5.81473E-12 ; 3.72143E-12 ; 1.19995E-11 ; 7.67965E-12
Eu170 ; 1.36E-13 ; 8.70399E-14 ; 1.35E-13 ; 8.64E-14
Eu171 ; 1.29072E-15 ; 8.26058E-16 ; 7.05863E-15 ; 4.51752E-15
Eu172 ; 1.38014E-18 ; 8.83288E-19 ; 4.46395E-18 ; 2.85693E-18
Gd147 ; 0.0 ; 0.0 ; 0.0 ; 0.0
Gd149 ; 0.0 ; 0.0 ; 0.0 ; 0.0
Gd151 ; 0.0 ; 0.0 ; 0.0 ; 0.0
Gd152 ; 0.0 ; 0.0 ; 0.0 ; 0.0
Gd153 ; 0.0 ; 0.0 ; 0.0 ; 0.0
Gd154 ; 7.90999E-14 ; 5.0624E-14 ; 8.23E-13 ; 5.2672E-13
Gd155 ; 4.01E-12 ; 2.5664E-12 ; 5.22E-11 ; 3.3408E-11
Gd156 ; 1.53E-10 ; 9.79199E-11 ; 1.94E-9 ; 1.2416E-9
Gd157 ; 4.15E-9 ; 2.656E-9 ; 3.03E-8 ; 1.9392E-8
Gd158 ; 5.62E-8 ; 3.5968E-8 ; 3.27E-7 ; 2.0928E-7
Gd159 ; 3.71E-7 ; 2.3744E-7 ; 1.83E-6 ; 1.1712E-6
Gd160 ; 1.33E-6 ; 8.51199E-7 ; 8.17E-6 ; 5.2288E-6
Gd161 ; 3.15E-6 ; 2.016E-6 ; 2.09E-5 ; 1.3376E-5
Gd162 ; 1.79E-8 ; 1.1456E-8 ; 3.344E-5 ; 2.14016E-5
Gd163 ; 2.02E-8 ; 1.2928E-8 ; 2.631E-5 ; 1.68384E-5
Gd164 ; 1.13E-8 ; 7.23199E-9 ; 2.341E-5 ; 1.49824E-5
Gd165 ; 4.22E-9 ; 2.7008E-9 ; 9.99E-6 ; 6.3936E-6
Gd166 ; 2.48E-9 ; 1.5872E-9 ; 3.07E-6 ; 1.9648E-6
Gd167 ; 3.86E-10 ; 2.4704E-10 ; 6.76E-7 ; 4.3264E-7
Gd168 ; 1.49E-8 ; 9.53599E-9 ; 8.97E-8 ; 5.7408E-8
Gd169 ; 1.74E-9 ; 1.1136E-9 ; 7.83E-9 ; 5.0112E-9
Gd170 ; 1.29E-10 ; 8.25599E-11 ; 3.25E-10 ; 2.08E-10
Gd171 ; 2.12871E-12 ; 1.36237E-12 ; 9.76294E-12 ; 6.24828E-12
Gd172 ; 5.84986E-14 ; 3.74391E-14 ; 1.75996E-13 ; 1.12637E-13
Tb151 ; 0.0 ; 0.0 ; 0.0 ; 0.0
Tb153 ; 0.0 ; 0.0 ; 0.0 ; 0.0
Tb155 ; 0.0 ; 0.0 ; 0.0 ; 0.0
Tb156 ; 0.0 ; 0.0 ; 2.53E-14 ; 1.6192E-14
Tb156m ; 0.0 ; 0.0 ; 0.0 ; 0.0
Tb157 ; 1.06E-13 ; 6.78399E-14 ; 1.73E-12 ; 1.1072E-12
Tb158 ; 4.34E-12 ; 2.7776E-12 ; 4.66E-11 ; 2.9824E-11
Tb158m ; 4.82E-13 ; 3.0848E-13 ; 4.6E-12 ; 2.944E-12
Tb159 ; 1.06E-10 ; 6.78399E-11 ; 1.12E-9 ; 7.168E-10
Tb160 ; 1.25E-9 ; 7.99999E-10 ; 1.37E-8 ; 8.768E-9
Tb161 ; 9.40999E-9 ; 6.0224E-9 ; 1.3E-7 ; 8.32E-8
Tb162 ; 8.33999E-11 ; 5.3376E-11 ; 2.62E-7 ; 1.6768E-7
Tb162m ; 8.33999E-11 ; 5.3376E-11 ; 2.62E-7 ; 1.6768E-7
Tb163 ; 5.47E-10 ; 3.5008E-10 ; 1.42E-6 ; 9.088E-7
Tb164 ; 8.75999E-10 ; 5.6064E-10 ; 2.97E-6 ; 1.9008E-6
Tb165 ; 8.88999E-10 ; 5.6896E-10 ; 3.98E-6 ; 2.5472E-6
Tb166 ; 1.37E-9 ; 8.76799E-10 ; 2.64E-6 ; 1.6896E-6
Tb167 ; 5.51E-10 ; 3.5264E-10 ; 1.8E-6 ; 1.152E-6
Tb168 ; 5.6E-8 ; 3.584E-8 ; 5.51E-7 ; 3.5264E-7
Tb169 ; 1.79E-8 ; 1.1456E-8 ; 1.62E-7 ; 1.0368E-7
Tb170 ; 3.84E-9 ; 2.4576E-9 ; 1.66E-8 ; 1.0624E-8
Tb171 ; 1.91E-10 ; 1.2224E-10 ; 1.83E-9 ; 1.1712E-9
Tb172 ; 1.64E-11 ; 1.0496E-11 ; 8.95E-11 ; 5.728E-11
Dy155 ; 0.0 ; 0.0 ; 0.0 ; 0.0
Dy156 ; 0.0 ; 0.0 ; 0.0 ; 0.0
Dy157 ; 0.0 ; 0.0 ; 0.0 ; 0.0
Dy158 ; 0.0 ; 0.0 ; 0.0 ; 0.0
Dy159 ; 0.0 ; 0.0 ; 4.64E-14 ; 2.9696E-14
Dy160 ; 6.81999E-14 ; 4.3648E-14 ; 2.25E-12 ; 1.44E-12
Dy161 ; 1.73E-12 ; 1.1072E-12 ; 6.06E-11 ; 3.8784E-11
Dy162 ; 1.01E-13 ; 6.464E-14 ; 9.13E-10 ; 5.8432E-10
Dy163 ; 1.05E-12 ; 6.71999E-13 ; 6.74E-9 ; 4.3136E-9
Dy164 ; 5.34E-12 ; 3.4176E-12 ; 5.2E-8 ; 3.328E-8
Dy165 ; 1.45E-11 ; 9.27999E-12 ; 1.56E-7 ; 9.984E-8
Dy165m ; 2.17E-12 ; 1.3888E-12 ; 2.13E-8 ; 1.3632E-8
Dy166 ; 7.60999E-11 ; 4.8704E-11 ; 3.87E-7 ; 2.4768E-7
Dy167 ; 8.62999E-11 ; 5.5232E-11 ; 6.12E-7 ; 3.9168E-7
Dy168 ; 2.36E-8 ; 1.5104E-8 ; 5.82E-7 ; 3.7248E-7
Dy169 ; 1.96E-8 ; 1.2544E-8 ; 3.78E-7 ; 2.4192E-7
Dy170 ; 1.09E-8 ; 6.97599E-9 ; 1.18E-7 ; 7.552E-8
Dy171 ; 1.44E-9 ; 9.21599E-10 ; 3.05E-8 ; 1.952E-8
Dy172 ; 3.45E-10 ; 2.208E-10 ; 5.12E-9 ; 3.2768E-9
Ho159 ; 0.0 ; 0.0 ; 0.0 ; 0.0
Ho159m ; 0.0 ; 0.0 ; 0.0 ; 0.0
Ho161 ; 0.0 ; 0.0 ; 0.0 ; 0.0
Ho161m ; 0.0 ; 0.0 ; 0.0 ; 0.0
Ho162 ; 0.0 ; 0.0 ; 0.0 ; 0.0
Ho162m ; 0.0 ; 0.0 ; 2.2E-14 ; 1.408E-14
Ho163 ; 0.0 ; 0.0 ; 7.73E-13 ; 4.9472E-13
Ho163m ; 0.0 ; 0.0 ; 1.05E-13 ; 6.72E-14
Ho164 ; 0.0 ; 0.0 ; 5.15E-12 ; 3.296E-12
Ho164m ; 0.0 ; 0.0 ; 1.39E-11 ; 8.896E-12
Ho165 ; 0.0 ; 0.0 ; 2.5E-10 ; 1.6E-10
Ho166 ; 4.14E-14 ; 2.6496E-14 ; 3.86E-10 ; 2.4704E-10
Ho166m ; 9.64999E-14 ; 6.176E-14 ; 1.04E-9 ; 6.656E-10
Ho167 ; 4.94E-13 ; 3.1616E-13 ; 8.22E-9 ; 5.2608E-9
Ho168 ; 4.11E-10 ; 2.6304E-10 ; 1.96E-8 ; 1.2544E-8
Ho169 ; 9.94999E-10 ; 6.368E-10 ; 4.23E-8 ; 2.7072E-8
Ho170 ; 7.67999E-10 ; 4.9152E-10 ; 1.47E-8 ; 9.408E-9
Ho170m ; 7.67999E-10 ; 4.9152E-10 ; 1.47E-8 ; 9.408E-9
Ho171 ; 5.4E-10 ; 3.456E-10 ; 2.34E-8 ; 1.4976E-8
Ho172 ; 3.35E-10 ; 2.144E-10 ; 8.71E-9 ; 5.5744E-9
Er161 ; 0.0 ; 0.0 ; 0.0 ; 0.0
Er162 ; 0.0 ; 0.0 ; 0.0 ; 0.0
Er163 ; 0.0 ; 0.0 ; 0.0 ; 0.0
Er164 ; 0.0 ; 0.0 ; 0.0 ; 0.0
Er165 ; 0.0 ; 0.0 ; 2.46E-14 ; 1.5744E-14
Er166 ; 0.0 ; 0.0 ; 5.36E-13 ; 3.4304E-13
Er167 ; 0.0 ; 0.0 ; 7.6E-12 ; 4.864E-12
Er167m ; 0.0 ; 0.0 ; 1.04E-12 ; 6.656E-13
Er168 ; 4.89E-13 ; 3.1296E-13 ; 7.86E-11 ; 5.0304E-11
Er169 ; 3.81E-12 ; 2.4384E-12 ; 4.53E-10 ; 2.8992E-10
Er170 ; 1.84E-11 ; 1.1776E-11 ; 1.1E-9 ; 7.04E-10
Er171 ; 1.95E-11 ; 1.248E-11 ; 2.16E-9 ; 1.3824E-9
Er172 ; 3.47E-11 ; 2.2208E-11 ; 2.62E-9 ; 1.6768E-9
Tm165 ; 0.0 ; 0.0 ; 0.0 ; 0.0
Tm166 ; 0.0 ; 0.0 ; 0.0 ; 0.0
Tm167 ; 0.0 ; 0.0 ; 0.0 ; 0.0
Tm168 ; 0.0 ; 0.0 ; 0.0 ; 0.0
Tm169 ; 0.0 ; 0.0 ; 1.39E-13 ; 8.896E-14
Tm170 ; 0.0 ; 0.0 ; 9.06E-13 ; 5.7984E-13
Tm171 ; 2.2E-14 ; 1.408E-14 ; 6.74E-12 ; 4.3136E-12
Tm172 ; 1.25E-13 ; 7.99999E-14 ; 2.16E-11 ; 1.3824E-11
Yb166 ; 0.0 ; 0.0 ; 0.0 ; 0.0
Yb167 ; 0.0 ; 0.0 ; 0.0 ; 0.0
Yb168 ; 0.0 ; 0.0 ; 0.0 ; 0.0
Yb169 ; 0.0 ; 0.0 ; 0.0 ; 0.0
Yb169m ; 0.0 ; 0.0 ; 0.0 ; 0.0
Yb170 ; 0.0 ; 0.0 ; 0.0 ; 0.0
Yb171 ; 0.0 ; 0.0 ; 0.0 ; 0.0
Yb172 ; 0.0 ; 0.0 ; 1.9E-14 ; 1.216E-14
Lu169 ; 0.0 ; 0.0 ; 0.0 ; 0.0
Lu169m ; 0.0 ; 0.0 ; 0.0 ; 0.0
Lu171 ; 0.0 ; 0.0 ; 0.0 ; 0.0
Lu171m ; 0.0 ; 0.0 ; 0.0 ; 0.0
Lu172 ; 0.0 ; 0.0 ; 0.0 ; 0.0
Lu172m ; 0.0 ; 0.0 ; 0.0 ; 0.0
Hf171 ; 0.0 ; 0.0 ; 0.0 ; 0.0
Hf172 ; 0.0 ; 0.0 ; 0.0 ; 0.0
