Product ; Fast (500 keV) ; Fast (500 keV) ; High (14 MeV) ; High (14 MeV)
Product ;  ;  ;  ; 
Product ; Yield ; Error ; Yield ; Error
Ti66 ; 7.98702E-19 ; 5.11169E-19 ;  ; 
V66 ; 1.41848E-14 ; 9.07827E-15 ; 2.37992E-14 ; 1.52315E-14
V67 ; 2.75346E-16 ; 1.76221E-16 ; 3.32786E-15 ; 2.12983E-15
V68 ; 1.6886E-17 ; 1.0807E-17 ; 4.29596E-16 ; 2.74941E-16
V69 ; 2.81559E-18 ; 1.80198E-18 ;  ; 
Cr66 ; 1.70859E-11 ; 1.0935E-11 ; 1.17977E-10 ; 7.55051E-11
Cr67 ; 6.73977E-12 ; 4.31345E-12 ; 1.64967E-11 ; 1.05579E-11
Cr68 ; 4.47986E-13 ; 2.86711E-13 ; 2.12958E-12 ; 1.36293E-12
Cr69 ; 6.89185E-14 ; 4.41079E-14 ; 7.92635E-14 ; 5.07286E-14
Cr70 ; 0.0 ; 0.0 ; 0.0 ; 0.0
Cr71 ; 1.15325E-17 ; 7.38079E-18 ;  ; 
Mn66 ; 2.02001E-9 ; 1.29281E-9 ; 1.94001E-8 ; 1.24161E-8
Mn67 ; 2.67002E-9 ; 1.70881E-9 ; 6.98003E-9 ; 4.46722E-9
Mn68 ; 5.04003E-10 ; 3.22562E-10 ; 2.29001E-9 ; 1.46561E-9
Mn69 ; 6.02315E-11 ; 3.85481E-11 ; 3.92922E-10 ; 2.5147E-10
Mn70 ; 4.45003E-12 ; 2.84802E-12 ; 5.46002E-11 ; 3.49441E-11
Mn71 ; 2.2199E-13 ; 1.42074E-13 ; 4.88002E-12 ; 3.12321E-12
Mn72 ; 1.9449E-15 ; 1.24474E-15 ; 2.33958E-13 ; 1.49733E-13
Mn73 ; 3.91367E-16 ; 2.50475E-16 ; 2.96482E-14 ; 1.89748E-14
Mn74 ; 1.66975E-17 ; 1.06864E-17 ;  ; 
Fe66 ; 2.17001E-8 ; 1.38881E-8 ; 2.77001E-7 ; 1.77281E-7
Fe67 ; 7.40005E-8 ; 4.73603E-8 ; 2.41001E-7 ; 1.54241E-7
Fe68 ; 4.30003E-8 ; 2.75202E-8 ; 1.92001E-7 ; 1.22881E-7
Fe69 ; 1.44001E-8 ; 9.21606E-9 ; 8.34004E-8 ; 5.33762E-8
Fe70 ; 3.49002E-9 ; 2.23361E-9 ; 2.92001E-8 ; 1.86881E-8
Fe71 ; 4.97003E-10 ; 3.18082E-10 ; 6.82003E-9 ; 4.36482E-9
Fe72 ; 5.15984E-11 ; 3.3023E-11 ; 1.15977E-9 ; 7.42253E-10
Fe73 ; 9.57967E-12 ; 6.13099E-12 ; 1.46971E-10 ; 9.40614E-11
Fe74 ; 4.42986E-13 ; 2.83511E-13 ; 1.03E-11 ; 6.59203E-12
Fe75 ; 7.06494E-15 ; 4.52156E-15 ; 5.92963E-13 ; 3.79496E-13
Fe76 ; 0.0 ; 0.0 ; 2.23001E-14 ; 1.42721E-14
Fe77 ; 3.1292E-16 ; 2.00269E-16 ;  ; 
Co66 ; 1.25001E-8 ; 8.00005E-9 ; 4.16002E-7 ; 2.66241E-7
Co67 ; 1.18001E-7 ; 7.55205E-8 ; 8.18003E-7 ; 5.23522E-7
Co68 ; 1.61001E-7 ; 1.03041E-7 ; 1.46001E-6 ; 9.34404E-7
Co69 ; 1.59001E-7 ; 1.01761E-7 ; 1.51001E-6 ; 9.664039E-7
Co70 ; 9.81006E-8 ; 6.27844E-8 ; 1.26001E-6 ; 8.06403E-7
Co71 ; 4.36003E-8 ; 2.79042E-8 ; 7.33003E-7 ; 4.69122E-7
Co72 ; 1.28001E-8 ; 8.19205E-9 ; 3.09001E-7 ; 1.97761E-7
Co73 ; 7.85005E-9 ; 5.02403E-9 ; 1.02E-7 ; 6.52803E-8
Co74 ; 1.07001E-9 ; 6.84804E-10 ; 1.87001E-8 ; 1.19681E-8
Co75 ; 1.35994E-10 ; 8.7036E-11 ; 2.93942E-9 ; 1.88123E-9
Co76 ; 1.08001E-11 ; 6.91204E-12 ; 2.78001E-10 ; 1.77921E-10
Co77 ; 6.02343E-12 ; 3.85499E-12 ; 7.34145E-12 ; 4.69853E-12
Co78 ; 5.91763E-14 ; 3.78728E-14 ; 9.41884E-13 ; 6.02806E-13
Co79 ; 1.39145E-14 ; 8.9053E-15 ; 3.74329E-13 ; 2.39571E-13
Ni66 ; 8.07005E-10 ; 5.16483E-10 ; 6.87003E-8 ; 4.39682E-8
Ni67 ; 1.95001E-8 ; 1.24801E-8 ; 3.09001E-7 ; 1.97761E-7
Ni68 ; 7.42005E-8 ; 4.74883E-8 ; 1.22001E-6 ; 7.80803E-7
Ni69 ; 1.74001E-7 ; 1.11361E-7 ; 2.82001E-6 ; 1.80481E-6
Ni70 ; 2.92002E-7 ; 1.86881E-7 ; 5.21002E-6 ; 3.33441E-6
Ni71 ; 3.07002E-7 ; 1.96481E-7 ; 7.05003E-6 ; 4.51202E-6
Ni72 ; 2.69002E-7 ; 1.72161E-7 ; 6.92003E-6 ; 4.42882E-6
Ni73 ; 4.26003E-7 ; 2.72642E-7 ; 5.58002E-6 ; 3.57122E-6
Ni74 ; 1.90001E-7 ; 1.21601E-7 ; 2.58001E-6 ; 1.65121E-6
Ni75 ; 6.65004E-8 ; 4.25603E-8 ; 1.01E-6 ; 6.46403E-7
Ni76 ; 1.76001E-8 ; 1.12641E-8 ; 2.49001E-7 ; 1.59361E-7
Ni77 ; 6.69402E-9 ; 4.28417E-9 ; 3.63928E-8 ; 2.32914E-8
Ni78 ; 1.56995E-9 ; 1.00477E-9 ; 4.66908E-9 ; 2.98821E-9
Ni79 ; 3.40592E-10 ; 2.17979E-10 ; 1.85561E-9 ; 1.18759E-9
Ni80 ; 5.36003E-12 ; 3.43042E-12 ; 2.50001E-11 ; 1.60001E-11
Ni81 ; 1.63117E-13 ; 1.04395E-13 ; 1.62157E-12 ; 1.03781E-12
Ni82 ; 0.0 ; 0.0 ; 1.28001E-14 ; 8.19203E-15
Cu66 ; 1.96001E-12 ; 1.25441E-12 ; 9.57004E-10 ; 6.12483E-10
Cu67 ; 1.58001E-10 ; 1.01121E-10 ; 1.17E-8 ; 7.48803E-9
Cu68 ; 4.33003E-10 ; 2.77122E-10 ; 1.95001E-8 ; 1.24801E-8
Cu68m ; 1.17001E-9 ; 7.48805E-10 ; 8.89004E-8 ; 5.68962E-8
Cu69 ; 1.16001E-8 ; 7.42405E-9 ; 5.85002E-7 ; 3.74402E-7
Cu70 ; 1.05001E-8 ; 6.72004E-9 ; 3.60002E-7 ; 2.30401E-7
Cu70m ; 3.71002E-8 ; 2.37442E-8 ; 2.04001E-6 ; 1.30561E-6
Cu71 ; 1.38001E-7 ; 8.83206E-8 ; 7.30003E-6 ; 4.67202E-6
Cu72 ; 2.87002E-7 ; 1.83681E-7 ; 1.57501E-5 ; 1.008E-5
Cu73 ; 1.24001E-6 ; 7.93605E-7 ; 2.89701E-5 ; 1.85409E-5
Cu74 ; 1.36001E-6 ; 8.70406E-7 ; 3.13301E-5 ; 2.00513E-5
Cu75 ; 1.41001E-6 ; 9.02406E-7 ; 2.88801E-5 ; 1.84833E-5
Cu76 ; 9.79006E-7 ; 6.26564E-7 ; 1.75401E-5 ; 1.12256E-5
Cu77 ; 1.22001E-6 ; 7.80805E-7 ; 6.63003E-6 ; 4.24322E-6
Cu78 ; 7.98005E-7 ; 5.10723E-7 ; 2.25001E-6 ; 1.44001E-6
Cu79 ; 2.97661E-7 ; 1.90503E-7 ; 6.78147E-7 ; 4.34014E-7
Cu80 ; 2.82002E-8 ; 1.80481E-8 ; 8.98004E-8 ; 5.74722E-8
Cu81 ; 3.13986E-9 ; 2.00951E-9 ; 8.03841E-9 ; 5.14458E-9
Cu82 ; 2.49002E-10 ; 1.59361E-10 ; 3.75002E-10 ; 2.40001E-10
Cu83 ; 3.81971E-12 ; 2.44461E-12 ; 1.61956E-11 ; 1.03652E-11
Cu84 ; 2.47259E-13 ; 1.58246E-13 ; 1.06491E-12 ; 6.81545E-13
Zn66 ; 0.0 ; 0.0 ; 1.16E-12 ; 7.42403E-13
Zn67 ; 8.05005E-14 ; 5.15203E-14 ; 3.72002E-11 ; 2.38081E-11
Zn68 ; 2.74002E-12 ; 1.75361E-12 ; 8.51004E-10 ; 5.44642E-10
Zn69 ; 9.72006E-12 ; 6.22084E-12 ; 1.27001E-9 ; 8.12803E-10
Zn69m ; 4.75003E-11 ; 3.04002E-11 ; 1.03E-8 ; 6.59203E-9
Zn70 ; 7.53005E-10 ; 4.81923E-10 ; 1.13E-7 ; 7.23203E-8
Zn71 ; 9.80006E-10 ; 6.27204E-10 ; 9.00004E-8 ; 5.76002E-8
Zn71m ; 4.79003E-9 ; 3.06562E-9 ; 7.28003E-7 ; 4.65922E-7
Zn72 ; 3.64002E-8 ; 2.32961E-8 ; 3.99002E-6 ; 2.55361E-6
Zn73 ; 3.80002E-7 ; 2.43202E-7 ; 1.66501E-5 ; 1.0656E-5
Zn74 ; 1.17001E-6 ; 7.48805E-7 ; 4.03702E-5 ; 2.58369E-5
Zn75 ; 2.79002E-6 ; 1.78561E-6 ; 8.20003E-5 ; 5.24802E-5
Zn76 ; 5.35003E-6 ; 3.42402E-6 ; 1.1423E-4 ; 7.31075E-5
Zn77 ; 1.66601E-5 ; 1.06625E-5 ; 1.0417E-4 ; 6.66691E-5
Zn78 ; 3.25502E-5 ; 2.08321E-5 ; 8.78504E-5 ; 5.62242E-5
Zn79 ; 3.31502E-5 ; 2.12161E-5 ; 6.77803E-5 ; 4.33794E-5
Zn80 ; 1.04201E-5 ; 6.66884E-6 ; 2.39901E-5 ; 1.53537E-5
Zn81 ; 3.37002E-6 ; 2.15681E-6 ; 5.86002E-6 ; 3.75042E-6
Zn82 ; 9.30006E-7 ; 5.95204E-7 ; 7.77003E-7 ; 4.97282E-7
Zn83 ; 9.34968E-8 ; 5.98379E-8 ; 8.02841E-8 ; 5.13819E-8
Zn84 ; 6.55979E-9 ; 4.19827E-9 ; 5.27896E-9 ; 3.37853E-9
Zn85 ; 5.01299E-11 ; 3.20832E-11 ; 1.23231E-10 ; 7.88681E-11
Zn86 ; 3.67002E-12 ; 2.34882E-12 ; 4.52002E-12 ; 2.89281E-12
Zn87 ; 1.76076E-13 ; 1.12689E-13 ;  ; 
Ga66 ; 0.0 ; 0.0 ; 0.0 ; 0.0
Ga67 ; 0.0 ; 0.0 ; 0.0 ; 0.0
Ga68 ; 0.0 ; 0.0 ; 5.11002E-13 ; 3.27041E-13
Ga69 ; 1.06001E-14 ; 6.78404E-15 ; 1.81001E-11 ; 1.1584E-11
Ga70 ; 4.02003E-13 ; 2.57282E-13 ; 4.48002E-10 ; 2.86721E-10
Ga71 ; 1.03001E-11 ; 6.59204E-12 ; 8.26004E-9 ; 5.28642E-9
Ga72 ; 9.30006E-11 ; 5.95204E-11 ; 4.45502E-8 ; 2.85121E-8
Ga72m ; 9.30006E-11 ; 5.95204E-11 ; 4.45502E-8 ; 2.85121E-8
Ga73 ; 6.16004E-9 ; 3.94243E-9 ; 9.930041E-7 ; 6.35523E-7
Ga74 ; 2.53002E-8 ; 1.61921E-8 ; 2.84501E-6 ; 1.82081E-6
Ga74m ; 2.53002E-8 ; 1.61921E-8 ; 2.84501E-6 ; 1.82081E-6
Ga75 ; 3.52002E-7 ; 2.25281E-7 ; 2.59901E-5 ; 1.66337E-5
Ga76 ; 1.61001E-6 ; 1.03041E-6 ; 8.16803E-5 ; 5.22754E-5
Ga77 ; 1.39701E-5 ; 8.94086E-6 ; 1.70681E-4 ; 1.09236E-4
Ga78 ; 6.31504E-5 ; 4.04163E-5 ; 3.33071E-4 ; 2.13166E-4
Ga79 ; 1.83731E-4 ; 1.17588E-4 ; 6.08413E-4 ; 3.89384E-4
Ga80 ; 1.46571E-4 ; 9.38054E-5 ; 5.37852E-4 ; 3.44225E-4
Ga81 ; 1.47941E-4 ; 9.46822E-5 ; 3.38311E-4 ; 2.16519E-4
Ga82 ; 1.13161E-4 ; 7.24229E-5 ; 1.21661E-4 ; 7.78627E-5
Ga83 ; 3.93803E-5 ; 2.52034E-5 ; 3.40301E-5 ; 2.17793E-5
Ga84 ; 8.60006E-6 ; 5.50404E-6 ; 6.30003E-6 ; 4.03202E-6
Ga85 ; 9.64956E-7 ; 6.17572E-7 ; 6.10879E-7 ; 3.90963E-7
Ga86 ; 5.74004E-8 ; 3.67362E-8 ; 4.32002E-8 ; 2.76481E-8
Ga87 ; 3.3893E-9 ; 2.16915E-9 ; 6.61537E-10 ; 4.23384E-10
Ga88 ; 1.56421E-11 ; 1.0011E-11 ; 6.45402E-11 ; 4.13057E-11
Ga89 ; 1.61838E-12 ; 1.03576E-12 ; 1.1918E-11 ; 7.62751E-12
Ge66 ; 0.0 ; 0.0 ; 0.0 ; 0.0
Ge67 ; 0.0 ; 0.0 ; 0.0 ; 0.0
Ge68 ; 0.0 ; 0.0 ; 0.0 ; 0.0
Ge69 ; 0.0 ; 0.0 ; 0.0 ; 0.0
Ge70 ; 0.0 ; 0.0 ; 1.32001E-13 ; 8.44804E-14
Ge71 ; 0.0 ; 0.0 ; 3.22001E-12 ; 2.06081E-12
Ge71m ; 0.0 ; 0.0 ; 3.22001E-12 ; 2.06081E-12
Ge72 ; 6.88004E-14 ; 4.40323E-14 ; 1.77001E-10 ; 1.1328E-10
Ge73 ; 5.38003E-12 ; 3.44322E-12 ; 4.44002E-9 ; 2.84161E-9
Ge73m ; 1.10001E-12 ; 7.04005E-13 ; 5.49002E-10 ; 3.51361E-10
Ge74 ; 1.84001E-10 ; 1.17761E-10 ; 7.37003E-8 ; 4.71682E-8
Ge75 ; 4.23003E-10 ; 2.70722E-10 ; 6.51003E-8 ; 4.16642E-8
Ge75m ; 3.10002E-9 ; 1.98401E-9 ; 7.48003E-7 ; 4.78722E-7
Ge76 ; 5.04003E-8 ; 3.22562E-8 ; 6.16003E-6 ; 3.94242E-6
Ge77 ; 1.02001E-6 ; 6.52804E-7 ; 2.87301E-5 ; 1.83873E-5
Ge77m ; 1.38001E-7 ; 8.83206E-8 ; 2.16001E-6 ; 1.38241E-6
Ge78 ; 1.49901E-5 ; 9.59366E-6 ; 1.40721E-4 ; 9.00612E-5
Ge79 ; 5.26853E-5 ; 3.37186E-5 ; 2.95196E-4 ; 1.88926E-4
Ge79m ; 5.26853E-5 ; 3.37186E-5 ; 2.95196E-4 ; 1.88926E-4
Ge80 ; 2.33711E-4 ; 1.49575E-4 ; 0.00121236 ; 7.75907E-4
Ge81 ; 5.62954E-4 ; 3.6029E-4 ; 0.00183002 ; 0.00117121
Ge82 ; 0.00124097 ; 7.94219E-4 ; 0.00165321 ; 0.00105805
Ge83 ; 0.00115294 ; 7.3788E-4 ; 0.00117612 ; 7.52714E-4
Ge84 ; 8.47555E-4 ; 5.42435E-4 ; 5.82892E-4 ; 3.73051E-4
Ge85 ; 2.83792E-4 ; 1.81627E-4 ; 1.51181E-4 ; 9.67556E-5
Ge86 ; 6.09604E-5 ; 3.90147E-5 ; 2.98801E-5 ; 1.91233E-5
Ge87 ; 3.76663E-6 ; 2.41065E-6 ; 3.27935E-6 ; 2.09879E-6
Ge88 ; 4.14987E-7 ; 2.65592E-7 ; 3.19937E-7 ; 2.0476E-7
Ge89 ; 3.96139E-8 ; 2.53529E-8 ; 5.90795E-8 ; 3.78109E-8
Ge90 ; 4.96919E-11 ; 3.18028E-11 ; 2.82211E-10 ; 1.80615E-10
Ge91 ; 8.78838E-12 ; 5.62456E-12 ; 4.80738E-11 ; 3.07672E-11
Ge92 ; 9.24813E-13 ; 5.9188E-13 ;  ; 
As69 ; 0.0 ; 0.0 ; 0.0 ; 0.0
As71 ; 0.0 ; 0.0 ; 0.0 ; 0.0
As72 ; 0.0 ; 0.0 ; 2.56001E-14 ; 1.63841E-14
As73 ; 0.0 ; 0.0 ; 1.92001E-12 ; 1.22881E-12
As74 ; 0.0 ; 0.0 ; 1.34001E-11 ; 8.57604E-12
As74m ; 1.53001E-14 ; 9.79206E-15 ; 6.11003E-11 ; 3.91042E-11
As75 ; 1.37001E-12 ; 8.76806E-13 ; 2.09001E-9 ; 1.33761E-9
As76 ; 5.60004E-11 ; 3.58402E-11 ; 4.06002E-8 ; 2.59841E-8
As77 ; 4.35003E-9 ; 2.78402E-9 ; 5.25002E-7 ; 3.36001E-7
As78 ; 1.54001E-7 ; 9.85606E-8 ; 6.02003E-6 ; 3.85282E-6
As79 ; 3.45002E-6 ; 2.20801E-6 ; 6.17203E-5 ; 3.9501E-5
As80 ; 1.98301E-5 ; 1.26913E-5 ; 3.10591E-4 ; 1.98778E-4
As81 ; 1.38801E-4 ; 8.88326E-5 ; 0.00110157 ; 7.05008E-4
As82 ; 3.67722E-4 ; 2.35342E-4 ; 0.00119148 ; 7.62544E-4
As82m ; 3.67722E-4 ; 2.35342E-4 ; 0.00119218 ; 7.62992E-4
As83 ; 0.00240527 ; 0.00153937 ; 0.0038872 ; 0.00248781
As84 ; 0.00180259 ; 0.00115366 ; 0.00243811 ; 0.00156039
As84m ; 0.00180259 ; 0.00115366 ; 0.00243811 ; 0.00156039
As85 ; 0.00377349 ; 0.00241504 ; 0.00315347 ; 0.00201822
As86 ; 0.0022688 ; 0.00145203 ; 0.00164246 ; 0.00105117
As87 ; 4.97223E-4 ; 3.18223E-4 ; 4.77122E-4 ; 3.05358E-4
As88 ; 1.66101E-4 ; 1.06305E-4 ; 1.25411E-4 ; 8.02627E-5
As89 ; 3.46206E-5 ; 2.21572E-5 ; 2.1591E-5 ; 1.38182E-5
As90 ; 8.82518E-7 ; 5.64811E-7 ; 1.39897E-6 ; 8.95341E-7
As91 ; 1.69168E-7 ; 1.08268E-7 ; 2.3831E-7 ; 1.52518E-7
As92 ; 1.64245E-8 ; 1.05117E-8 ; 1.99873E-9 ; 1.27919E-9
As93 ; 2.33867E-11 ; 1.49675E-11 ; 7.27025E-11 ; 4.65296E-11
As94 ; 2.41605E-12 ; 1.54627E-12 ; 8.26922E-12 ; 5.2923E-12
Se72 ; 0.0 ; 0.0 ; 0.0 ; 0.0
Se73 ; 0.0 ; 0.0 ; 0.0 ; 0.0
Se73m ; 0.0 ; 0.0 ; 0.0 ; 0.0
Se74 ; 0.0 ; 0.0 ; 0.0 ; 0.0
Se75 ; 0.0 ; 0.0 ; 3.93002E-13 ; 2.51521E-13
Se76 ; 0.0 ; 0.0 ; 2.03001E-11 ; 1.29921E-11
Se77 ; 1.11001E-13 ; 7.10405E-14 ; 5.73002E-11 ; 3.66722E-11
Se77m ; 8.16005E-13 ; 5.22243E-13 ; 6.59003E-10 ; 4.21762E-10
Se78 ; 1.20001E-10 ; 7.68005E-11 ; 2.16001E-8 ; 1.38241E-8
Se79 ; 6.89004E-9 ; 4.40963E-9 ; 5.37002E-7 ; 3.43681E-7
Se79m ; 9.40006E-10 ; 6.01604E-10 ; 4.05002E-8 ; 2.59201E-8
Se80 ; 1.51001E-7 ; 9.66406E-8 ; 7.62003E-6 ; 4.87682E-6
Se81 ; 3.53002E-7 ; 2.25921E-7 ; 5.52002E-6 ; 3.53282E-6
Se81m ; 2.59002E-6 ; 1.65761E-6 ; 6.34703E-5 ; 4.0621E-5
Se82 ; 4.88303E-5 ; 3.12514E-5 ; 3.76632E-4 ; 2.41044E-4
Se83 ; 2.78782E-4 ; 1.7842E-4 ; 0.00134308 ; 8.59568E-4
Se83m ; 5.71004E-5 ; 3.65442E-5 ; 1.66001E-4 ; 1.0624E-4
Se84 ; 0.00174063 ; 0.001114 ; 0.00370585 ; 0.00237174
Se85 ; 0.00246317 ; 0.00157643 ; 0.00336238 ; 0.00215193
Se85m ; 0.00236218 ; 0.00151179 ; 0.00329449 ; 0.00210848
Se86 ; 0.00834567 ; 0.00267062 ; 0.00845413 ; 0.00541064
Se87 ; 0.00848079 ; 0.00271385 ; 0.00606661 ; 0.00388263
Se88 ; 0.00541899 ; 0.00346816 ; 0.00403131 ; 0.00258004
Se89 ; 0.00333874 ; 0.00213679 ; 0.00185785 ; 0.00118902
Se90 ; 0.00106301 ; 6.80329E-4 ; 5.11263E-4 ; 3.27208E-4
Se91 ; 1.88002E-4 ; 1.20321E-4 ; 8.7092E-5 ; 5.57389E-5
Se92 ; 1.97837E-5 ; 1.26616E-5 ; 9.90804E-6 ; 6.34115E-6
Se93 ; 5.72447E-7 ; 3.66366E-7 ; 3.60399E-7 ; 2.30655E-7
Se94 ; 6.4098E-8 ; 4.10227E-8 ; 4.09919E-8 ; 2.62348E-8
Se95 ; 5.91171E-11 ; 3.78349E-11 ; 4.00846E-10 ; 2.56542E-10
Se96 ; 2.47002E-11 ; 1.58081E-11 ; 3.09001E-11 ; 1.97761E-11
Se97 ; 3.7457E-13 ; 2.39725E-13 ;  ; 
Br75 ; 0.0 ; 0.0 ; 0.0 ; 0.0
Br77 ; 0.0 ; 0.0 ; 0.0 ; 0.0
Br77m ; 0.0 ; 0.0 ; 5.99003E-14 ; 3.83362E-14
Br78 ; 0.0 ; 0.0 ; 5.73002E-12 ; 3.66722E-12
Br79 ; 1.36001E-13 ; 8.70406E-14 ; 5.83002E-11 ; 3.73122E-11
Br79m ; 5.11003E-13 ; 3.27042E-13 ; 3.58002E-10 ; 2.29121E-10
Br80 ; 8.26005E-12 ; 5.28643E-12 ; 2.27001E-9 ; 1.45281E-9
Br80m ; 2.93002E-11 ; 1.87521E-11 ; 1.29001E-8 ; 8.25604E-9
Br81 ; 2.54002E-9 ; 1.62561E-9 ; 3.71002E-7 ; 2.37441E-7
Br82 ; 8.94006E-8 ; 5.72164E-8 ; 7.37003E-7 ; 4.71682E-7
Br82m ; 3.31002E-8 ; 2.11841E-8 ; 9.94004E-7 ; 6.36163E-7
Br83 ; 2.89002E-6 ; 1.84961E-6 ; 5.72602E-5 ; 3.66466E-5
Br84 ; 1.50101E-5 ; 9.60646E-6 ; 9.52204E-5 ; 6.09411E-5
Br84m ; 3.18902E-5 ; 2.04097E-5 ; 3.37611E-4 ; 2.16071E-4
Br85 ; 3.95153E-4 ; 2.52898E-4 ; 0.00158214 ; 0.00101257
Br86 ; 9.13966E-4 ; 5.84938E-4 ; 0.00237552 ; 0.00152033
Br86m ; 9.13966E-4 ; 5.84938E-4 ; 0.002444 ; 0.00156416
Br87 ; 0.00657475 ; 0.00210392 ; 0.00911808 ; 0.00291779
Br88 ; 0.008997 ; 0.00404865 ; 0.0106034 ; 0.00243878
Br89 ; 0.016227 ; 0.00519263 ; 0.0132119 ; 0.00303875
Br90 ; 0.0134053 ; 0.0042897 ; 0.00995531 ; 0.0031857
Br91 ; 0.00759045 ; 0.00485789 ; 0.00445679 ; 0.00285234
Br92 ; 0.00233881 ; 0.00149684 ; 0.00133518 ; 8.54512E-4
Br93 ; 5.00291E-4 ; 3.20186E-4 ; 1.3171E-4 ; 8.42945E-5
Br94 ; 7.89505E-5 ; 5.05283E-5 ; 4.18902E-5 ; 2.68097E-5
Br95 ; 1.13795E-6 ; 7.28289E-7 ; 1.98706E-6 ; 1.27172E-6
Br96 ; 3.52002E-7 ; 2.25281E-7 ; 2.52001E-7 ; 1.61281E-7
Br97 ; 7.21013E-9 ; 4.61448E-9 ; 3.02129E-9 ; 1.93362E-9
Br98 ; 9.79989E-11 ; 6.27193E-11 ; 2.48076E-10 ; 1.58769E-10
Br99 ; 7.90978E-12 ; 5.06226E-12 ; 7.91732E-11 ; 5.06708E-11
Br100 ; 1.37952E-13 ; 8.82895E-14 ;  ; 
Kr77 ; 0.0 ; 0.0 ; 0.0 ; 0.0
Kr78 ; 0.0 ; 0.0 ; 0.0 ; 0.0
Kr79 ; 0.0 ; 0.0 ; 1.07E-14 ; 6.84803E-15
Kr79m ; 0.0 ; 0.0 ; 1.07E-14 ; 6.84803E-15
Kr80 ; 0.0 ; 0.0 ; 2.19001E-12 ; 1.40161E-12
Kr81 ; 1.11001E-13 ; 7.10405E-14 ; 1.40001E-10 ; 8.96004E-11
Kr81m ; 1.51001E-14 ; 9.66406E-15 ; 1.05E-11 ; 6.72003E-12
Kr82 ; 2.16001E-11 ; 1.38241E-11 ; 6.36003E-9 ; 4.07042E-9
Kr83 ; 1.54001E-9 ; 9.85606E-10 ; 1.55001E-7 ; 9.92004E-8
Kr83m ; 3.15002E-10 ; 2.01601E-10 ; 1.92001E-8 ; 1.22881E-8
Kr84 ; 9.34006E-8 ; 5.97764E-8 ; 3.76002E-6 ; 2.40641E-6
Kr85 ; 1.99001E-6 ; 1.27361E-6 ; 3.23801E-5 ; 2.07233E-5
Kr85m ; 4.08003E-7 ; 2.61122E-7 ; 4.00002E-6 ; 2.56001E-6
Kr86 ; 3.85502E-5 ; 2.46722E-5 ; 2.92311E-4 ; 1.87079E-4
Kr87 ; 3.46632E-4 ; 2.21845E-4 ; 8.27624E-4 ; 2.6484E-4
Kr88 ; 0.00367639 ; 0.00235289 ; 0.00557199 ; 6.12919E-4
Kr89 ; 0.00646131 ; 0.00290759 ; 0.012629 ; 0.00138919
Kr90 ; 0.0185007 ; 0.00425516 ; 0.0187712 ; 0.0015017
Kr91 ; 0.0261698 ; 0.00287868 ; 0.0209268 ; 0.00167414
Kr92 ; 0.0250329 ; 0.00200263 ; 0.0157815 ; 9.46889E-4
Kr93 ; 0.0142627 ; 0.00156889 ; 0.00720586 ; 0.00115294
Kr94 ; 0.00734379 ; 0.00470002 ; 0.00333617 ; 0.00213515
Kr95 ; 0.00126464 ; 8.0937E-4 ; 7.26186E-4 ; 4.64759E-4
Kr96 ; 3.41852E-4 ; 2.18785E-4 ; 1.49271E-4 ; 9.55332E-5
Kr97 ; 8.01284E-6 ; 5.12822E-6 ; 1.4977E-5 ; 9.58531E-6
Kr98 ; 2.59992E-6 ; 1.66395E-6 ; 1.22976E-6 ; 7.87045E-7
Kr99 ; 1.93611E-7 ; 1.23911E-7 ; 3.92475E-7 ; 2.51184E-7
Kr100 ; 3.65989E-9 ; 2.34233E-9 ; 2.41001E-9 ; 1.54241E-9
Kr101 ; 2.24023E-11 ; 1.43374E-11 ; 1.24024E-10 ; 7.93755E-11
Kr102 ; 2.93091E-12 ; 1.87578E-12 ; 1.38062E-11 ; 8.83594E-12
Rb79 ; 0.0 ; 0.0 ; 0.0 ; 0.0
Rb81 ; 0.0 ; 0.0 ; 0.0 ; 0.0
Rb83 ; 3.52002E-14 ; 2.25281E-14 ; 4.06002E-11 ; 2.59841E-11
Rb84 ; 5.72004E-12 ; 3.66082E-12 ; 2.50001E-9 ; 1.60001E-9
Rb85 ; 1.10001E-9 ; 3.52002E-10 ; 6.65003E-8 ; 4.25602E-8
Rb86 ; 1.40001E-8 ; 8.96006E-9 ; 6.45003E-8 ; 4.12802E-8
Rb86m ; 1.40001E-8 ; 8.96006E-9 ; 6.45003E-8 ; 4.12802E-8
Rb87 ; 1.44001E-6 ; 4.60803E-7 ; 1.89501E-5 ; 1.21281E-5
Rb88 ; 2.02101E-5 ; 1.29345E-5 ; 1.50171E-4 ; 9.61092E-5
Rb89 ; 8.85536E-4 ; 3.98491E-4 ; 0.00111077 ; 7.10896E-4
Rb90 ; 2.80792E-4 ; 1.79707E-4 ; 4.78042E-4 ; 3.05947E-4
Rb90m ; 0.0014058 ; 8.99711E-4 ; 0.00386194 ; 0.00247164
Rb91 ; 0.00675431 ; 0.00216138 ; 0.0127636 ; 0.00408435
Rb92 ; 0.0147487 ; 0.0033922 ; 0.0189465 ; 0.00606287
Rb93 ; 0.0261544 ; 0.00836939 ; 0.0265928 ; 0.0085097
Rb94 ; 0.0253653 ; 0.00811689 ; 0.0243394 ; 0.00778862
Rb95 ; 0.0159566 ; 0.0051061 ; 0.0144359 ; 0.00461948
Rb96 ; 0.0116876 ; 0.00374003 ; 0.00708211 ; 0.00453255
Rb97 ; 8.86296E-4 ; 5.67229E-4 ; 0.00191797 ; 0.0012275
Rb98 ; 8.43695E-4 ; 5.39965E-4 ; 4.13652E-4 ; 2.64737E-4
Rb99 ; 1.69207E-4 ; 1.08292E-4 ; 1.43433E-4 ; 9.17968E-5
Rb100 ; 1.24501E-5 ; 7.96805E-6 ; 5.83002E-6 ; 3.73122E-6
Rb101 ; 4.31223E-7 ; 2.75983E-7 ; 6.14809E-7 ; 3.93478E-7
Rb102 ; 5.20524E-8 ; 3.33135E-8 ; 6.84394E-8 ; 4.38012E-8
Rb103 ; 6.20014E-11 ; 3.96809E-11 ; 3.29322E-10 ; 2.10766E-10
Rb104 ; 7.61376E-12 ; 4.87281E-12 ; 2.86397E-11 ; 1.83294E-11
Rb105 ; 1.69532E-12 ; 1.08501E-12 ;  ; 
Sr83 ; 0.0 ; 0.0 ; 0.0 ; 0.0
Sr84 ; 0.0 ; 0.0 ; 1.19001E-13 ; 7.61603E-14
Sr85 ; 0.0 ; 0.0 ; 4.44502E-12 ; 2.84481E-12
Sr85m ; 0.0 ; 0.0 ; 4.44502E-12 ; 2.84481E-12
Sr86 ; 1.37001E-12 ; 8.76806E-13 ; 5.74002E-10 ; 3.67362E-10
Sr87 ; 1.33001E-10 ; 8.51205E-11 ; 1.80001E-8 ; 1.152E-8
Sr87m ; 2.73002E-11 ; 1.74721E-11 ; 2.22001E-9 ; 1.42081E-9
Sr88 ; 1.16001E-8 ; 7.42405E-9 ; 4.38002E-7 ; 2.80321E-7
Sr89 ; 4.63003E-7 ; 2.96322E-7 ; 9.20004E-6 ; 5.88803E-6
Sr90 ; 1.12201E-5 ; 7.18085E-6 ; 9.21404E-5 ; 5.89699E-5
Sr91 ; 1.16721E-4 ; 7.47013E-5 ; 6.94673E-4 ; 4.44591E-4
Sr92 ; 0.00103019 ; 6.59319E-4 ; 0.00263427 ; 0.00168593
Sr93 ; 0.00545026 ; 0.00348817 ; 0.00872814 ; 0.00558601
Sr94 ; 0.0150996 ; 0.00483187 ; 0.0191788 ; 0.00613722
Sr95 ; 0.0318236 ; 0.00731942 ; 0.0280003 ; 0.00896009
Sr96 ; 0.0413178 ; 0.00950309 ; 0.0319752 ; 0.0102321
Sr97 ; 0.0285935 ; 0.00914993 ; 0.0216851 ; 0.00693924
Sr98 ; 0.0226811 ; 0.00725794 ; 0.011505 ; 0.00368159
Sr99 ; 0.00977176 ; 0.00625393 ; 0.00432032 ; 0.00276501
Sr100 ; 0.00303736 ; 0.00194391 ; 0.00106257 ; 6.80048E-4
Sr101 ; 4.79232E-4 ; 3.06708E-4 ; 2.24686E-4 ; 1.43799E-4
Sr102 ; 6.26983E-5 ; 4.01269E-5 ; 2.50117E-5 ; 1.60075E-5
Sr103 ; 1.51764E-6 ; 9.71287E-7 ; 1.6325E-6 ; 1.0448E-6
Sr104 ; 2.01994E-7 ; 1.29276E-7 ; 1.41972E-7 ; 9.08621E-8
Sr105 ; 4.14972E-8 ; 2.65582E-8 ; 5.96731E-10 ; 3.81908E-10
Sr106 ; 0.0 ; 0.0 ; 1.54521E-10 ; 9.88934E-11
Sr107 ; 0.0 ; 0.0 ; 3.49047E-11 ; 2.2339E-11
Sr108 ; 0.0 ; 0.0 ;  ; 
Sr109 ; 0.0 ; 0.0 ;  ; 
Y85 ; 0.0 ; 0.0 ; 0.0 ; 0.0
Y87 ; 0.0 ; 0.0 ; 1.55001E-12 ; 9.92004E-13
Y88 ; 2.09001E-13 ; 1.33761E-13 ; 9.43004E-11 ; 6.03523E-11
Y89 ; 5.49004E-12 ; 3.51362E-12 ; 6.00003E-10 ; 3.84002E-10
Y89m ; 2.68002E-11 ; 1.71521E-11 ; 4.85002E-9 ; 3.10401E-9
Y90 ; 1.21501E-9 ; 7.77605E-10 ; 7.50003E-8 ; 4.80002E-8
Y90m ; 1.21501E-9 ; 7.77605E-10 ; 7.50003E-8 ; 4.80002E-8
Y91 ; 4.44003E-8 ; 2.84162E-8 ; 1.55001E-6 ; 9.920039E-7
Y91m ; 4.44003E-8 ; 2.84162E-8 ; 1.55001E-6 ; 9.920039E-7
Y92 ; 2.33001E-6 ; 1.49121E-6 ; 3.18801E-5 ; 2.04033E-5
Y93 ; 1.98101E-5 ; 1.26785E-5 ; 1.53181E-4 ; 9.80356E-5
Y93m ; 1.98101E-5 ; 1.26785E-5 ; 1.53181E-4 ; 9.80356E-5
Y94 ; 3.38972E-4 ; 2.16942E-4 ; 0.00164755 ; 0.00105443
Y95 ; 0.00223363 ; 0.00142953 ; 0.00597769 ; 0.00382572
Y96 ; 7.27705E-4 ; 4.65731E-4 ; 9.70834E-4 ; 6.21334E-4
Y96m ; 0.00735719 ; 0.0047086 ; 0.0152092 ; 0.00486694
Y97 ; 0.0125932 ; 0.00805967 ; 0.0130551 ; 0.00835529
Y97m ; 0.0125932 ; 0.00805967 ; 0.0130551 ; 0.00835529
Y98 ; 0.0151334 ; 0.00484269 ; 0.0159768 ; 0.00511258
Y98m ; 0.015127 ; 0.00484065 ; 0.015974 ; 0.00511167
Y99 ; 0.0374135 ; 0.0119723 ; 0.0297451 ; 0.00951843
Y100 ; 0.029263 ; 0.00936416 ; 0.0166879 ; 0.00534014
Y101 ; 0.0145956 ; 0.00467059 ; 0.00879295 ; 0.00562749
Y102 ; 0.00521945 ; 0.00334045 ; 0.00243809 ; 0.00156038
Y103 ; 0.00132634 ; 8.48858E-4 ; 5.9661E-4 ; 3.8183E-4
Y104 ; 1.62571E-4 ; 1.04045E-4 ; 9.11404E-5 ; 5.83298E-5
Y105 ; 3.62665E-5 ; 2.32106E-5 ; 2.9581E-6 ; 1.89318E-6
Y106 ; 2.97813E-13 ; 1.906E-13 ; 7.65987E-7 ; 4.90232E-7
Y107 ; 8.61339E-15 ; 5.51257E-15 ; 1.73029E-7 ; 1.10738E-7
Y108 ; 3.60317E-16 ; 2.30603E-16 ; 6.9179E-10 ; 4.42746E-10
Y109 ; 9.06354E-17 ; 5.80067E-17 ; 5.16079E-11 ; 3.30291E-11
Y110 ; 0.0 ; 0.0 ; 3.34802E-12 ; 2.14274E-12
Y111 ; 1.38947E-13 ; 8.8926E-14 ;  ; 
Zr87 ; 0.0 ; 0.0 ; 0.0 ; 0.0
Zr88 ; 0.0 ; 0.0 ; 0.0 ; 0.0
Zr89 ; 0.0 ; 0.0 ; 2.39001E-13 ; 1.52961E-13
Zr90 ; 1.75001E-14 ; 1.12001E-14 ; 9.25004E-12 ; 5.92003E-12
Zr90m ; 1.75001E-14 ; 1.12001E-14 ; 9.25004E-12 ; 5.92003E-12
Zr91 ; 1.27001E-11 ; 4.06403E-12 ; 1.13E-11 ; 3.61602E-12
Zr92 ; 1.45001E-9 ; 4.64003E-10 ; 6.48003E-10 ; 2.07361E-10
Zr93 ; 2.17001E-8 ; 1.38881E-8 ; 8.79004E-7 ; 5.62562E-7
Zr94 ; 6.46004E-7 ; 4.13443E-7 ; 1.27001E-5 ; 8.12803E-6
Zr95 ; 1.24901E-5 ; 7.99365E-6 ; 1.20821E-4 ; 7.73251E-5
Zr96 ; 1.56491E-4 ; 1.00154E-4 ; 8.37484E-4 ; 5.35989E-4
Zr97 ; 0.00101668 ; 6.50673E-4 ; 0.00345579 ; 0.00221171
Zr98 ; 0.00486124 ; 0.00311119 ; 0.00989071 ; 0.00633006
Zr99 ; 0.0147075 ; 0.00470639 ; 0.0217012 ; 0.00694437
Zr100 ; 0.0329987 ; 0.0105596 ; 0.0273421 ; 0.00874948
Zr101 ; 0.0400177 ; 0.0128057 ; 0.0333361 ; 0.0106675
Zr102 ; 0.0409176 ; 0.0130936 ; 0.0213863 ; 0.00684362
Zr103 ; 0.0264495 ; 0.00846385 ; 0.0124846 ; 0.00399507
Zr104 ; 0.0101259 ; 0.00648059 ; 0.00465381 ; 0.00297844
Zr105 ; 0.00209441 ; 0.00134042 ; 0.00108106 ; 6.91876E-4
Zr106 ; 7.29005E-6 ; 4.66563E-6 ; 2.79935E-4 ; 1.79158E-4
Zr107 ; 1.94531E-7 ; 1.245E-7 ; 6.32344E-5 ; 4.047E-5
Zr108 ; 8.82006E-9 ; 5.64484E-9 ; 3.42932E-6 ; 2.19477E-6
Zr109 ; 2.04697E-9 ; 1.31006E-9 ; 2.55829E-7 ; 1.63731E-7
Zr110 ; 1.59001E-12 ; 1.01761E-12 ; 1.65967E-8 ; 1.06219E-8
Zr111 ; 3.40107E-9 ; 2.17668E-9 ; 1.4186E-10 ; 9.07903E-11
Zr112 ; 1.04719E-12 ; 6.702E-13 ; 3.16253E-11 ; 2.02402E-11
Zr113 ; 7.85556E-14 ; 5.02756E-14 ; 1.06948E-11 ; 6.84468E-12
Zr114 ; 3.85806E-15 ; 2.46916E-15 ;  ; 
Nb89 ; 0.0 ; 0.0 ; 0.0 ; 0.0
Nb90 ; 0.0 ; 0.0 ; 0.0 ; 0.0
Nb91 ; 0.0 ; 0.0 ; 2.87001E-14 ; 1.83681E-14
Nb92 ; 0.0 ; 0.0 ; 2.31001E-12 ; 1.47841E-12
Nb93 ; 3.39002E-13 ; 2.16961E-13 ; 1.60001E-10 ; 1.024E-10
Nb93m ; 6.95004E-14 ; 4.44803E-14 ; 1.97001E-11 ; 1.26081E-11
Nb94 ; 2.34002E-11 ; 1.49761E-11 ; 5.35002E-9 ; 3.42401E-9
Nb94m ; 1.37001E-11 ; 8.76806E-12 ; 1.88001E-9 ; 1.20321E-9
Nb95 ; 2.30001E-9 ; 1.47201E-9 ; 1.77001E-7 ; 1.1328E-7
Nb95m ; 4.70003E-10 ; 3.00802E-10 ; 2.18001E-8 ; 1.39521E-8
Nb96 ; 1.04001E-7 ; 6.65604E-8 ; 1.08E-6 ; 6.91203E-7
Nb97 ; 1.94001E-6 ; 1.24161E-6 ; 3.51301E-5 ; 2.24833E-5
Nb97m ; 3.98003E-7 ; 2.54722E-7 ; 4.34002E-6 ; 2.77761E-6
Nb98 ; 2.52602E-5 ; 1.61665E-5 ; 2.57141E-4 ; 1.6457E-4
Nb98m ; 7.12005E-6 ; 4.55683E-6 ; 4.53802E-5 ; 2.90433E-5
Nb99 ; 2.53602E-5 ; 1.62305E-5 ; 1.34371E-4 ; 8.59972E-5
Nb99m ; 2.91642E-4 ; 1.86651E-4 ; 0.00154508 ; 9.88849E-4
Nb100 ; 9.62286E-4 ; 6.15863E-4 ; 0.00247411 ; 0.00158343
Nb100m ; 9.62286E-4 ; 6.15863E-4 ; 0.00247411 ; 0.00158343
Nb101 ; 0.00689412 ; 0.00441224 ; 0.0140193 ; 0.00448617
Nb102 ; 0.00872712 ; 0.00558535 ; 0.0101321 ; 0.00648455
Nb102m ; 0.00872712 ; 0.00558535 ; 0.0101321 ; 0.00648455
Nb103 ; 0.0311959 ; 0.00998268 ; 0.0266107 ; 0.00851543
Nb104 ; 0.0143353 ; 0.00917459 ; 0.0112888 ; 0.0072248
Nb104m ; 0.0143353 ; 0.00917459 ; 0.0112888 ; 0.0072248
Nb105 ; 0.0179767 ; 0.00575253 ; 0.0128512 ; 0.00411238
Nb106 ; 0.00594298 ; 0.00380351 ; 0.00629228 ; 0.00402706
Nb107 ; 0.00145002 ; 9.28016E-4 ; 0.00190468 ; 0.001219
Nb108 ; 1.73811E-4 ; 1.11239E-4 ; 4.39392E-4 ; 2.81211E-4
Nb109 ; 1.52581E-5 ; 9.76515E-6 ; 9.34945E-5 ; 5.98365E-5
Nb110 ; 1.11001E-6 ; 7.10405E-7 ; 1.37801E-5 ; 8.81924E-6
Nb111 ; 2.97237E-6 ; 1.90232E-6 ; 7.03223E-7 ; 4.50063E-7
Nb112 ; 1.85978E-8 ; 1.19026E-8 ; 1.56772E-7 ; 1.00334E-7
Nb113 ; 1.51213E-9 ; 9.6776E-10 ; 5.3016E-8 ; 3.39302E-8
Nb114 ; 6.85183E-11 ; 4.38517E-11 ; 1.21416E-10 ; 7.77064E-11
Nb115 ; 7.84048E-14 ; 5.0179E-14 ; 2.22957E-11 ; 1.42693E-11
Nb116 ; 4.59841E-15 ; 2.94298E-15 ; 5.40524E-13 ; 3.45936E-13
Mo90 ; 0.0 ; 0.0 ; 0.0 ; 0.0
Mo91 ; 0.0 ; 0.0 ; 0.0 ; 0.0
Mo92 ; 0.0 ; 0.0 ; 0.0 ; 0.0
Mo93 ; 0.0 ; 0.0 ; 0.0 ; 0.0
Mo93m ; 0.0 ; 0.0 ; 0.0 ; 0.0
Mo94 ; 0.0 ; 0.0 ; 2.92001E-13 ; 1.86881E-13
Mo95 ; 3.22002E-14 ; 2.06081E-14 ; 2.34001E-11 ; 1.49761E-11
Mo96 ; 4.62003E-12 ; 2.95682E-12 ; 1.21001E-9 ; 7.74403E-10
Mo97 ; 3.10002E-10 ; 1.98401E-10 ; 3.69002E-8 ; 2.36161E-8
Mo98 ; 1.58001E-8 ; 1.01121E-8 ; 7.57003E-7 ; 4.84482E-7
Mo99 ; 4.57003E-7 ; 2.92482E-7 ; 1.134E-5 ; 7.25763E-6
Mo100 ; 9.71006E-6 ; 6.21444E-6 ; 8.41104E-5 ; 5.38306E-5
Mo101 ; 1.03301E-4 ; 6.61124E-5 ; 6.02443E-4 ; 3.85563E-4
Mo102 ; 8.10235E-4 ; 5.18551E-4 ; 0.00207894 ; 0.00133052
Mo103 ; 0.00373198 ; 0.00238847 ; 0.00630619 ; 0.00403596
Mo104 ; 0.0108055 ; 0.00486249 ; 0.0119574 ; 0.00382637
Mo105 ; 0.0200368 ; 0.00460846 ; 0.0162141 ; 0.00518852
Mo106 ; 0.018751 ; 0.00300016 ; 0.014325 ; 0.00458401
Mo107 ; 0.0123436 ; 0.00394995 ; 0.00954927 ; 0.00611153
Mo108 ; 0.00507307 ; 0.00228288 ; 0.00497202 ; 0.00318209
Mo109 ; 0.00168202 ; 0.00107649 ; 0.00248508 ; 0.00159045
Mo110 ; 6.19784E-4 ; 3.96662E-4 ; 8.99924E-4 ; 5.75951E-4
Mo111 ; 1.71655E-4 ; 1.09859E-4 ; 2.56998E-4 ; 1.64479E-4
Mo112 ; 2.24015E-5 ; 1.4337E-5 ; 5.72934E-5 ; 3.66678E-5
Mo113 ; 1.68047E-6 ; 1.0755E-6 ; 1.9375E-5 ; 1.24E-5
Mo114 ; 8.2532E-8 ; 5.28205E-8 ; 6.01881E-7 ; 3.85204E-7
Mo115 ; 1.91915E-9 ; 1.22826E-9 ; 1.10524E-7 ; 7.07351E-8
Mo116 ; 1.21996E-10 ; 7.80776E-11 ; 2.67947E-9 ; 1.71486E-9
Mo117 ; 2.53605E-13 ; 1.62307E-13 ; 4.27286E-11 ; 2.73463E-11
Mo118 ; 4.20369E-14 ; 2.69036E-14 ; 1.15106E-11 ; 7.3668E-12
Tc93 ; 0.0 ; 0.0 ; 0.0 ; 0.0
Tc95 ; 0.0 ; 0.0 ; 0.0 ; 0.0
Tc95m ; 0.0 ; 0.0 ; 0.0 ; 0.0
Tc97 ; 0.0 ; 0.0 ; 1.23501E-12 ; 7.90403E-13
Tc97m ; 0.0 ; 0.0 ; 1.23501E-12 ; 7.90403E-13
Tc98 ; 2.29001E-13 ; 1.46561E-13 ; 1.39001E-10 ; 8.89604E-11
Tc99 ; 1.99001E-11 ; 1.27361E-11 ; 5.12002E-9 ; 3.27681E-9
Tc99m ; 4.07003E-12 ; 2.60482E-12 ; 6.33003E-10 ; 4.05122E-10
Tc100 ; 1.56001E-9 ; 9.98406E-10 ; 1.13E-7 ; 7.23203E-8
Tc101 ; 5.99004E-8 ; 3.83362E-8 ; 2.14001E-6 ; 1.36961E-6
Tc102 ; 6.88004E-7 ; 4.40323E-7 ; 9.33004E-6 ; 5.97123E-6
Tc102m ; 6.88004E-7 ; 4.40323E-7 ; 9.33004E-6 ; 5.97123E-6
Tc103 ; 2.14901E-5 ; 1.37537E-5 ; 1.43991E-4 ; 9.2154E-5
Tc104 ; 1.58171E-4 ; 1.01229E-4 ; 6.75173E-4 ; 4.32111E-4
Tc105 ; 7.80625E-4 ; 4.996E-4 ; 0.00224221 ; 0.00143501
Tc106 ; 2.52032E-4 ; 1.613E-4 ; 0.0036205 ; 0.00231712
Tc107 ; 6.64894E-4 ; 4.25532E-4 ; 0.00513951 ; 0.00328929
Tc108 ; 7.62535E-4 ; 4.88022E-4 ; 0.00599924 ; 0.00383951
Tc109 ; 8.18335E-4 ; 5.23735E-4 ; 0.00660341 ; 0.00422618
Tc110 ; 7.87625E-4 ; 5.0408E-4 ; 0.00547468 ; 0.0035038
Tc111 ; 4.26933E-4 ; 2.73237E-4 ; 0.00359846 ; 0.00230301
Tc112 ; 2.34142E-4 ; 1.49851E-4 ; 0.00189202 ; 0.00121089
Tc113 ; 7.63185E-5 ; 4.88439E-5 ; 5.83594E-4 ; 3.735E-4
Tc114 ; 1.38901E-5 ; 8.88966E-6 ; 1.24681E-4 ; 7.97955E-5
Tc115 ; 1.67724E-6 ; 1.07344E-6 ; 4.03916E-5 ; 2.58506E-5
Tc116 ; 2.39002E-7 ; 1.52961E-7 ; 3.46001E-6 ; 2.21441E-6
Tc117 ; 4.88167E-9 ; 3.12427E-9 ; 2.11813E-7 ; 1.3556E-7
Tc118 ; 7.46568E-10 ; 4.77803E-10 ; 5.70602E-8 ; 3.65185E-8
Tc119 ; 2.03445E-12 ; 1.30205E-12 ; 5.24389E-10 ; 3.35609E-10
Tc120 ; 7.12377E-14 ; 4.55921E-14 ; 5.82879E-11 ; 3.73042E-11
Tc121 ; 4.99616E-15 ; 3.19754E-15 ; 8.31782E-12 ; 5.32341E-12
Ru95 ; 0.0 ; 0.0 ; 0.0 ; 0.0
Ru96 ; 0.0 ; 0.0 ; 0.0 ; 0.0
Ru97 ; 0.0 ; 0.0 ; 0.0 ; 0.0
Ru98 ; 0.0 ; 0.0 ; 0.0 ; 0.0
Ru99 ; 0.0 ; 0.0 ; 2.09001E-13 ; 1.33761E-13
Ru100 ; 1.64001E-14 ; 1.04961E-14 ; 1.1E-11 ; 7.04003E-12
Ru101 ; 1.87001E-12 ; 1.19681E-12 ; 5.56002E-10 ; 3.55842E-10
Ru102 ; 1.62001E-10 ; 1.03681E-10 ; 1.31001E-8 ; 8.38404E-9
Ru103 ; 7.57005E-9 ; 4.84483E-9 ; 2.64001E-7 ; 1.68961E-7
Ru104 ; 2.01001E-7 ; 1.28641E-7 ; 3.04001E-6 ; 1.94561E-6
Ru105 ; 3.60002E-6 ; 2.30401E-6 ; 2.81901E-5 ; 1.80417E-5
Ru106 ; 3.89002E-9 ; 2.48962E-9 ; 8.92004E-5 ; 5.70882E-5
Ru107 ; 5.09003E-8 ; 3.25762E-8 ; 2.85531E-4 ; 1.8274E-4
Ru108 ; 3.04002E-7 ; 1.94561E-7 ; 7.89503E-4 ; 5.05282E-4
Ru109 ; 7.90005E-7 ; 5.05603E-7 ; 9.80439E-4 ; 6.27481E-4
Ru109m ; 7.90005E-7 ; 5.05603E-7 ; 9.80439E-4 ; 6.27481E-4
Ru110 ; 7.84005E-6 ; 5.01763E-6 ; 0.00366621 ; 0.00234637
Ru111 ; 1.09141E-4 ; 6.985E-5 ; 0.00519953 ; 0.0033277
Ru112 ; 2.84372E-4 ; 1.81998E-4 ; 0.00611594 ; 0.0039142
Ru113 ; 3.04442E-4 ; 1.94843E-4 ; 0.00450411 ; 0.00288263
Ru114 ; 2.05391E-4 ; 1.3145E-4 ; 0.00220356 ; 0.00141028
Ru115 ; 9.68615E-5 ; 6.19913E-5 ; 0.00121663 ; 7.78645E-4
Ru116 ; 3.43102E-5 ; 2.19585E-5 ; 3.44431E-4 ; 2.20436E-4
Ru117 ; 5.42515E-6 ; 3.4721E-6 ; 7.74085E-5 ; 4.95414E-5
Ru118 ; 8.99259E-7 ; 5.75526E-7 ; 2.0853E-5 ; 1.33459E-5
Ru119 ; 4.97983E-8 ; 3.18709E-8 ; 2.59949E-6 ; 1.66367E-6
Ru120 ; 1.88994E-9 ; 1.20956E-9 ; 2.88943E-7 ; 1.84923E-7
Ru121 ; 1.22293E-10 ; 7.82677E-11 ; 4.12329E-8 ; 2.6389E-8
Ru122 ; 6.30004E-13 ; 4.03203E-13 ; 1.09E-9 ; 6.97603E-10
Ru123 ; 1.36104E-14 ; 8.71066E-15 ; 3.67073E-11 ; 2.34926E-11
Ru124 ; 0.0 ; 0.0 ; 9.42004E-13 ; 6.02883E-13
Rh99 ; 0.0 ; 0.0 ; 0.0 ; 0.0
Rh101 ; 0.0 ; 0.0 ; 0.0 ; 0.0
Rh101m ; 0.0 ; 0.0 ; 0.0 ; 0.0
Rh102 ; 0.0 ; 0.0 ; 3.28001E-13 ; 2.09921E-13
Rh102m ; 0.0 ; 0.0 ; 3.28001E-13 ; 2.09921E-13
Rh103 ; 1.07001E-14 ; 6.84804E-15 ; 2.80001E-12 ; 1.79201E-12
Rh103m ; 7.86005E-14 ; 5.03043E-14 ; 3.22001E-11 ; 2.06081E-11
Rh104 ; 1.64001E-12 ; 1.04961E-12 ; 1.62001E-10 ; 1.0368E-10
Rh104m ; 5.82004E-12 ; 3.72482E-12 ; 9.18004E-10 ; 5.87523E-10
Rh105 ; 4.46003E-10 ; 2.85442E-10 ; 7.41003E-9 ; 2.37121E-9
Rh105m ; 6.08004E-11 ; 3.89122E-11 ; 1.11E-9 ; 7.10403E-10
Rh106 ; 0.0 ; 0.0 ; 8.66004E-8 ; 5.54242E-8
Rh106m ; 0.0 ; 0.0 ; 8.66004E-8 ; 5.54242E-8
Rh107 ; 0.0 ; 0.0 ; 1.35001E-6 ; 8.64004E-7
Rh108 ; 1.81001E-14 ; 1.15841E-14 ; 4.74002E-6 ; 3.03361E-6
Rh108m ; 1.81001E-14 ; 1.15841E-14 ; 4.74002E-6 ; 3.03361E-6
Rh109 ; 6.24004E-13 ; 3.99363E-13 ; 2.84801E-5 ; 1.82273E-5
Rh109m ; 6.24004E-13 ; 3.99363E-13 ; 2.84801E-5 ; 1.82273E-5
Rh110 ; 1.73001E-11 ; 1.10721E-11 ; 1.28961E-4 ; 8.25348E-5
Rh110m ; 1.73001E-11 ; 1.10721E-11 ; 1.28961E-4 ; 8.25348E-5
Rh111 ; 1.45001E-6 ; 9.28006E-7 ; 8.53964E-4 ; 5.46537E-4
Rh112 ; 1.79801E-5 ; 1.15073E-5 ; 0.00218099 ; 0.00139583
Rh113 ; 7.70005E-5 ; 4.92803E-5 ; 0.00371508 ; 0.00237765
Rh114 ; 1.58931E-4 ; 1.01716E-4 ; 0.00402818 ; 0.00257803
Rh115 ; 2.23411E-4 ; 1.42983E-4 ; 0.00498399 ; 0.00318975
Rh116 ; 2.05191E-4 ; 1.31322E-4 ; 0.00309173 ; 0.00197871
Rh117 ; 1.14991E-4 ; 7.35941E-5 ; 0.00161985 ; 0.0010367
Rh118 ; 5.14003E-5 ; 3.28962E-5 ; 0.00101657 ; 6.50608E-4
Rh119 ; 1.11801E-5 ; 7.15525E-6 ; 3.01111E-4 ; 1.92711E-4
Rh120 ; 1.43001E-6 ; 9.15206E-7 ; 8.12403E-5 ; 5.19938E-5
Rh121 ; 1.06878E-7 ; 6.84022E-8 ; 1.50688E-5 ; 9.64405E-6
Rh122 ; 6.17004E-9 ; 3.94883E-9 ; 1.99001E-6 ; 1.27361E-6
Rh123 ; 2.61988E-10 ; 1.67672E-10 ; 1.81964E-7 ; 1.16457E-7
Rh124 ; 5.60004E-12 ; 3.58402E-12 ; 1.21001E-8 ; 7.74403E-9
Rh125 ; 8.45647E-14 ; 5.41214E-14 ; 2.64212E-10 ; 1.69095E-10
Rh126 ;  ;  ; 2.1984E-11 ; 1.40698E-11
Rh127 ; 0.0 ; 0.0 ; 4.4314E-12 ; 2.8361E-12
Pd99 ; 0.0 ; 0.0 ; 0.0 ; 0.0
Pd101 ; 0.0 ; 0.0 ; 0.0 ; 0.0
Pd102 ; 0.0 ; 0.0 ; 0.0 ; 0.0
Pd103 ; 0.0 ; 0.0 ; 0.0 ; 0.0
Pd104 ; 0.0 ; 0.0 ; 2.70001E-14 ; 1.72801E-14
Pd105 ; 3.75002E-9 ; 1.20001E-9 ; 1.92001E-12 ; 1.22881E-12
Pd106 ; 0.0 ; 0.0 ; 2.51001E-11 ; 1.60641E-11
Pd107 ; 0.0 ; 0.0 ; 1.01E-10 ; 6.46403E-11
Pd107m ; 0.0 ; 0.0 ; 3.80002E-10 ; 2.43201E-10
Pd108 ; 0.0 ; 0.0 ; 8.87004E-9 ; 5.67682E-9
Pd109 ; 0.0 ; 0.0 ; 2.84001E-8 ; 1.81761E-8
Pd109m ; 0.0 ; 0.0 ; 1.07E-7 ; 6.84803E-8
Pd110 ; 0.0 ; 0.0 ; 1.57001E-6 ; 1.0048E-6
Pd111 ; 3.85002E-10 ; 2.46402E-10 ; 2.69001E-6 ; 1.72161E-6
Pd111m ; 8.58006E-10 ; 5.49124E-10 ; 1.014E-5 ; 6.48963E-6
Pd112 ; 9.92006E-8 ; 6.34884E-8 ; 8.03403E-5 ; 5.14178E-5
Pd113 ; 1.68001E-6 ; 1.07521E-6 ; 3.18751E-4 ; 2.04001E-4
Pd114 ; 1.42301E-5 ; 9.10726E-6 ; 8.16143E-4 ; 5.22332E-4
Pd115 ; 5.28803E-5 ; 3.38434E-5 ; 0.00223024 ; 0.00142735
Pd116 ; 1.48101E-4 ; 9.47846E-5 ; 0.00300019 ; 0.00192012
Pd117 ; 2.27871E-4 ; 1.45838E-4 ; 0.00351205 ; 0.00224772
Pd118 ; 2.87902E-4 ; 1.84257E-4 ; 0.00471534 ; 0.00301782
Pd119 ; 1.84051E-4 ; 1.17793E-4 ; 0.003105 ; 0.0019872
Pd120 ; 8.39005E-5 ; 5.36963E-5 ; 0.00191028 ; 0.00122258
Pd121 ; 2.01501E-5 ; 1.28961E-5 ; 8.51214E-4 ; 5.44777E-4
Pd122 ; 4.16003E-6 ; 2.66242E-6 ; 2.74201E-4 ; 1.75489E-4
Pd123 ; 5.36003E-7 ; 3.43042E-7 ; 6.44203E-5 ; 4.1229E-5
Pd124 ; 4.26003E-8 ; 2.72642E-8 ; 1.11E-5 ; 7.10403E-6
Pd125 ; 2.06993E-9 ; 1.32475E-9 ; 1.30974E-6 ; 8.38234E-7
Pd126 ; 0.0 ; 0.0 ; 1.08978E-7 ; 6.97462E-8
Pd127 ; 6.70026E-19 ; 4.28817E-19 ; 2.19672E-8 ; 1.4059E-8
Pd128 ; 0.0 ; 0.0 ; 3.42001E-10 ; 2.18881E-10
Pd129 ; 0.0 ; 0.0 ; 3.71632E-11 ; 2.37845E-11
Pd130 ; 0.0 ; 0.0 ; 1.34001E-12 ; 8.57604E-13
Pd131 ; 0.0 ; 0.0 ;  ; 
Ag103 ; 0.0 ; 0.0 ; 0.0 ; 0.0
Ag105 ; 0.0 ; 0.0 ; 0.0 ; 0.0
Ag105m ; 0.0 ; 0.0 ; 0.0 ; 0.0
Ag106 ; 0.0 ; 0.0 ; 0.0 ; 0.0
Ag106m ; 0.0 ; 0.0 ; 0.0 ; 0.0
Ag107 ; 0.0 ; 0.0 ; 0.0 ; 0.0
Ag107m ; 0.0 ; 0.0 ; 1.11E-14 ; 7.10403E-15
Ag108 ; 0.0 ; 0.0 ; 2.97501E-13 ; 1.90401E-13
Ag108m ; 0.0 ; 0.0 ; 2.97501E-13 ; 1.90401E-13
Ag109 ; 0.0 ; 0.0 ; 1.23501E-11 ; 7.90403E-12
Ag109m ; 0.0 ; 0.0 ; 1.23501E-11 ; 7.90403E-12
Ag110 ; 0.0 ; 0.0 ; 1.31001E-10 ; 8.38404E-11
Ag110m ; 0.0 ; 0.0 ; 5.96003E-10 ; 3.81442E-10
Ag111 ; 0.0 ; 0.0 ; 1.21001E-9 ; 7.74403E-10
Ag111m ; 3.32002E-14 ; 2.12481E-14 ; 1.40001E-8 ; 8.96004E-9
Ag112 ; 1.83001E-11 ; 1.17121E-11 ; 2.39001E-7 ; 1.52961E-7
Ag113 ; 1.79001E-10 ; 1.14561E-10 ; 1.95001E-7 ; 1.24801E-7
Ag113m ; 1.31001E-9 ; 8.38405E-10 ; 2.25001E-6 ; 1.44001E-6
Ag114 ; 4.95003E-8 ; 3.16802E-8 ; 1.56901E-5 ; 1.00416E-5
Ag115 ; 3.22002E-7 ; 2.06081E-7 ; 4.93702E-5 ; 3.15969E-5
Ag115m ; 3.22002E-7 ; 2.06081E-7 ; 4.93702E-5 ; 3.15969E-5
Ag116 ; 2.64002E-6 ; 1.68961E-6 ; 1.56811E-4 ; 1.00359E-4
Ag116m ; 2.64002E-6 ; 1.68961E-6 ; 1.56811E-4 ; 1.00359E-4
Ag117 ; 1.43701E-5 ; 9.19686E-6 ; 4.09392E-4 ; 2.62011E-4
Ag117m ; 1.43701E-5 ; 9.19686E-6 ; 4.09392E-4 ; 2.62011E-4
Ag118 ; 4.43503E-5 ; 2.83842E-5 ; 0.00121405 ; 7.76989E-4
Ag118m ; 4.43503E-5 ; 2.83842E-5 ; 0.00121405 ; 7.76989E-4
Ag119 ; 1.83541E-4 ; 1.17466E-4 ; 0.0034341 ; 0.00219783
Ag120 ; 1.12931E-4 ; 7.22757E-5 ; 0.00227286 ; 0.00145463
Ag120m ; 1.12931E-4 ; 7.22757E-5 ; 0.00227286 ; 0.00145463
Ag121 ; 1.79321E-4 ; 1.14766E-4 ; 0.0045202 ; 0.00289293
Ag122 ; 5.07753E-5 ; 3.24962E-5 ; 0.00166368 ; 0.00106475
Ag122m ; 5.07753E-5 ; 3.24962E-5 ; 0.00166368 ; 0.00106475
Ag123 ; 4.29903E-5 ; 2.75138E-5 ; 0.00188021 ; 0.00120333
Ag124 ; 1.02401E-5 ; 6.55364E-6 ; 8.00773E-4 ; 5.12495E-4
Ag125 ; 1.75001E-6 ; 1.12001E-6 ; 2.44391E-4 ; 1.5641E-4
Ag126 ; 9.44006E-11 ; 6.04164E-11 ; 5.24302E-5 ; 3.35553E-5
Ag127 ; 1.19001E-11 ; 7.61605E-12 ; 8.02806E-6 ; 5.13796E-6
Ag128 ; 7.10005E-13 ; 4.54403E-13 ; 1.1E-6 ; 7.04003E-7
Ag129 ; 2.11649E-14 ; 1.35455E-14 ; 1.84224E-7 ; 1.17904E-7
Ag130 ; 0.0 ; 0.0 ; 2.06001E-8 ; 1.31841E-8
Ag131 ; 1.29292E-16 ; 8.27469E-17 ; 5.06237E-10 ; 3.23992E-10
Ag132 ; 6.85992E-11 ; 4.39035E-11 ; 3.12617E-11 ; 2.00075E-11
Ag133 ; 3.45435E-12 ; 2.21079E-12 ;  ; 
Cd105 ; 0.0 ; 0.0 ; 0.0 ; 0.0
Cd106 ; 0.0 ; 0.0 ; 0.0 ; 0.0
Cd107 ; 0.0 ; 0.0 ; 0.0 ; 0.0
Cd108 ; 0.0 ; 0.0 ; 0.0 ; 0.0
Cd109 ; 0.0 ; 0.0 ; 0.0 ; 0.0
Cd110 ; 0.0 ; 0.0 ; 2.37001E-14 ; 1.51681E-14
Cd111 ; 0.0 ; 0.0 ; 1.81001E-13 ; 1.1584E-13
Cd111m ; 0.0 ; 0.0 ; 1.11E-12 ; 7.10403E-13
Cd112 ; 0.0 ; 0.0 ; 4.98002E-11 ; 3.18721E-11
Cd113 ; 1.61001E-14 ; 1.03041E-14 ; 2.00001E-10 ; 1.28001E-10
Cd113m ; 6.04004E-14 ; 3.86562E-14 ; 1.23001E-9 ; 7.87203E-10
Cd114 ; 1.23001E-11 ; 7.87205E-12 ; 2.40001E-8 ; 1.53601E-8
Cd115 ; 1.06001E-10 ; 6.78404E-11 ; 5.21002E-8 ; 3.33441E-8
Cd115m ; 3.98003E-10 ; 2.54722E-10 ; 3.20001E-7 ; 2.04801E-7
Cd116 ; 1.56001E-8 ; 9.98406E-9 ; 2.94001E-6 ; 1.88161E-6
Cd117 ; 6.04004E-8 ; 3.86562E-8 ; 2.62001E-6 ; 1.67681E-6
Cd117m ; 2.27001E-7 ; 1.45281E-7 ; 1.60701E-5 ; 1.02848E-5
Cd118 ; 2.86002E-6 ; 1.83041E-6 ; 1.28691E-4 ; 8.2362E-5
Cd119 ; 9.15006E-6 ; 5.85604E-6 ; 2.06111E-4 ; 1.31911E-4
Cd119m ; 9.15006E-6 ; 5.85604E-6 ; 2.06111E-4 ; 1.31911E-4
Cd120 ; 7.48305E-5 ; 4.78915E-5 ; 0.00120551 ; 7.71523E-4
Cd121 ; 8.04105E-5 ; 5.14627E-5 ; 0.00138924 ; 8.89114E-4
Cd121m ; 8.04105E-5 ; 5.14627E-5 ; 0.00138924 ; 8.89114E-4
Cd122 ; 2.66272E-4 ; 1.70414E-4 ; 0.00428307 ; 0.00274116
Cd123 ; 2.80262E-4 ; 1.79368E-4 ; 0.00545848 ; 0.00349343
Cd124 ; 2.09321E-4 ; 1.33966E-4 ; 0.0053356 ; 0.00341479
Cd125 ; 9.77506E-5 ; 6.25604E-5 ; 0.00392977 ; 0.00251505
Cd126 ; 8.13005E-6 ; 5.20323E-6 ; 0.00204631 ; 0.00130964
Cd127 ; 4.12003E-6 ; 2.63682E-6 ; 7.82673E-4 ; 5.00911E-4
Cd128 ; 1.28001E-6 ; 8.19205E-7 ; 2.66451E-4 ; 1.70529E-4
Cd129 ; 4.78003E-7 ; 3.05922E-7 ; 6.7326E-5 ; 4.30887E-5
Cd130 ; 5.57004E-8 ; 3.56482E-8 ; 2.28001E-5 ; 1.45921E-5
Cd131 ; 2.92002E-9 ; 1.86881E-9 ; 2.5095E-6 ; 1.60608E-6
Cd132 ; 1.81994E-6 ; 1.16476E-6 ; 1.54969E-7 ; 9.91804E-8
Cd133 ; 8.45538E-8 ; 5.41144E-8 ; 2.34362E-9 ; 1.49991E-9
Cd134 ; 9.37006E-10 ; 5.99684E-10 ; 1.08E-10 ; 6.91203E-11
Cd135 ; 8.88646E-12 ; 5.68733E-12 ; 1.63714E-11 ; 1.04777E-11
Cd136 ; 3.37002E-14 ; 2.15681E-14 ; 1.26001E-14 ; 8.06403E-15
In107 ; 0.0 ; 0.0 ; 0.0 ; 0.0
In109 ; 0.0 ; 0.0 ; 0.0 ; 0.0
In111 ; 0.0 ; 0.0 ; 0.0 ; 0.0
In112 ; 0.0 ; 0.0 ; 0.0 ; 0.0
In112m ; 0.0 ; 0.0 ; 0.0 ; 0.0
In113 ; 0.0 ; 0.0 ; 5.27002E-14 ; 3.37281E-14
In113m ; 0.0 ; 0.0 ; 0.0 ; 0.0
In114 ; 0.0 ; 0.0 ; 4.00002E-13 ; 2.56001E-13
In114m ; 0.0 ; 0.0 ; 2.27001E-12 ; 1.45281E-12
In115 ; 1.16001E-14 ; 7.42405E-15 ; 9.20004E-11 ; 5.88803E-11
In115m ; 0.0 ; 0.0 ; 1.14E-11 ; 7.29603E-12
In116 ; 4.7667E-13 ; 3.05069E-13 ; 7.0667E-10 ; 4.52269E-10
In116m ; 4.7667E-13 ; 3.05069E-13 ; 7.0667E-10 ; 4.52269E-10
In116n ; 4.7667E-13 ; 3.05069E-13 ; 7.0667E-10 ; 4.52269E-10
In117 ; 9.29006E-11 ; 5.94564E-11 ; 3.46001E-8 ; 2.21441E-8
In117m ; 1.90001E-11 ; 1.21601E-11 ; 4.28002E-9 ; 2.73921E-9
In118 ; 2.12001E-9 ; 1.35681E-9 ; 4.70002E-7 ; 3.00801E-7
In118m ; 2.99002E-10 ; 1.91361E-10 ; 4.14502E-8 ; 2.65281E-8
In118n ; 2.99002E-10 ; 1.91361E-10 ; 4.14502E-8 ; 2.65281E-8
In119 ; 7.05005E-8 ; 4.51203E-8 ; 3.99002E-6 ; 2.55361E-6
In119m ; 1.44001E-8 ; 9.21606E-9 ; 4.93002E-7 ; 3.15521E-7
In120 ; 3.72669E-7 ; 2.38508E-7 ; 1.036E-5 ; 6.63043E-6
In120m ; 3.72669E-7 ; 2.38508E-7 ; 1.036E-5 ; 6.63043E-6
In120n ; 3.72669E-7 ; 2.38508E-7 ; 1.036E-5 ; 6.63043E-6
In121 ; 7.17005E-6 ; 4.58883E-6 ; 1.44331E-4 ; 9.23716E-5
In121m ; 1.47001E-6 ; 9.40806E-7 ; 1.78401E-5 ; 1.14176E-5
In122 ; 1.27201E-5 ; 8.14085E-6 ; 2.01388E-4 ; 1.28888E-4
In122m ; 1.27201E-5 ; 8.14085E-6 ; 2.01388E-4 ; 1.28888E-4
In122n ; 1.27201E-5 ; 8.14085E-6 ; 2.01388E-4 ; 1.28888E-4
In123 ; 9.73406E-5 ; 6.2298E-5 ; 0.00157412 ; 0.00100743
In123m ; 1.99401E-5 ; 1.27617E-5 ; 1.94551E-4 ; 1.24513E-4
In124 ; 1.08986E-4 ; 6.97508E-5 ; 0.00194959 ; 0.00124774
In124m ; 1.08986E-4 ; 6.97508E-5 ; 0.00194959 ; 0.00124774
In125 ; 1.46251E-4 ; 9.36006E-5 ; 0.00325899 ; 0.00208576
In125m ; 1.46251E-4 ; 9.36006E-5 ; 0.00328932 ; 0.00210517
In126 ; 1.83891E-4 ; 1.1769E-4 ; 0.00387731 ; 0.00248148
In126m ; 1.83891E-4 ; 1.1769E-4 ; 0.00387731 ; 0.00248148
In127 ; 3.44162E-4 ; 2.20264E-4 ; 0.00343272 ; 0.00219694
In127m ; 3.44162E-4 ; 2.20264E-4 ; 0.00343272 ; 0.00219694
In128 ; 3.91528E-4 ; 2.50578E-4 ; 0.00271491 ; 0.00173754
In128m ; 3.91528E-4 ; 2.50578E-4 ; 0.00271491 ; 0.00173754
In129 ; 6.74194E-4 ; 4.31484E-4 ; 0.00145232 ; 9.29482E-4
In129m ; 6.74194E-4 ; 4.31484E-4 ; 0.00145232 ; 9.29482E-4
In130 ; 2.50225E-4 ; 1.60144E-4 ; 6.52323E-4 ; 4.17487E-4
In130m ; 2.50225E-4 ; 1.60144E-4 ; 6.52323E-4 ; 4.17487E-4
In130n ; 2.50225E-4 ; 1.60144E-4 ; 6.52323E-4 ; 4.17487E-4
In131 ; 1.34041E-4 ; 8.57862E-5 ; 2.95226E-4 ; 1.88945E-4
In131m ; 1.34041E-4 ; 8.57862E-5 ; 2.95226E-4 ; 1.88945E-4
In132 ; 6.45474E-4 ; 4.13103E-4 ; 1.0206E-4 ; 6.53187E-5
In133 ; 7.38959E-5 ; 4.72934E-5 ; 1.16177E-5 ; 7.43533E-6
In134 ; 4.92003E-6 ; 3.14882E-6 ; 6.55003E-7 ; 4.19202E-7
In135 ; 1.71056E-7 ; 1.09476E-7 ; 8.11559E-8 ; 5.19398E-8
In136 ; 2.70002E-9 ; 1.72801E-9 ; 6.48003E-10 ; 4.14722E-10
In137 ; 2.58596E-11 ; 1.65502E-11 ; 2.60178E-11 ; 1.66514E-11
In138 ; 8.32991E-13 ; 5.33114E-13 ;  ; 
Sn111 ; 0.0 ; 0.0 ; 0.0 ; 0.0
Sn112 ; 0.0 ; 0.0 ; 0.0 ; 0.0
Sn113 ; 0.0 ; 0.0 ; 0.0 ; 0.0
Sn113m ; 0.0 ; 0.0 ; 0.0 ; 0.0
Sn114 ; 0.0 ; 0.0 ; 0.0 ; 0.0
Sn115 ; 0.0 ; 0.0 ; 0.0 ; 0.0
Sn116 ; 0.0 ; 0.0 ; 1.09E-13 ; 6.97603E-14
Sn117 ; 0.0 ; 0.0 ; 2.60001E-12 ; 1.66401E-12
Sn117m ; 0.0 ; 0.0 ; 2.60001E-12 ; 1.66401E-12
Sn118 ; 2.13001E-13 ; 1.36321E-13 ; 1.86001E-10 ; 1.19041E-10
Sn119 ; 5.06003E-12 ; 3.23842E-12 ; 5.29002E-10 ; 3.38561E-10
Sn119m ; 1.90001E-11 ; 1.21601E-11 ; 3.25001E-9 ; 2.08001E-9
Sn120 ; 1.29001E-9 ; 8.25605E-10 ; 6.49003E-8 ; 4.15362E-8
Sn121 ; 8.75006E-9 ; 5.60004E-9 ; 1.53001E-7 ; 9.79204E-8
Sn121m ; 2.49002E-8 ; 1.59361E-8 ; 6.97003E-7 ; 4.46082E-7
Sn122 ; 5.23003E-7 ; 3.34722E-7 ; 7.82003E-6 ; 5.00482E-6
Sn123 ; 3.33002E-6 ; 2.13121E-6 ; 4.64902E-5 ; 2.97537E-5
Sn123m ; 1.17001E-6 ; 7.48805E-7 ; 1.021E-5 ; 6.53443E-6
Sn124 ; 2.69002E-5 ; 1.72161E-5 ; 3.01281E-4 ; 1.9282E-4
Sn125 ; 6.78704E-5 ; 4.34371E-5 ; 9.98974E-4 ; 6.39344E-4
Sn125m ; 2.38402E-5 ; 1.52577E-5 ; 2.19291E-4 ; 1.40346E-4
Sn126 ; 1.62541E-4 ; 1.04026E-4 ; 0.00327246 ; 0.00209438
Sn127 ; 4.96003E-4 ; 3.17442E-4 ; 0.00545824 ; 0.00349328
Sn127m ; 1.74271E-4 ; 1.11534E-4 ; 0.00117332 ; 7.50928E-4
Sn128 ; 0.00101794 ; 6.51483E-4 ; 0.00565079 ; 0.00361651
Sn128m ; 0.00101794 ; 6.51483E-4 ; 0.00565079 ; 0.00361651
Sn129 ; 0.00625078 ; 0.00281285 ; 0.00987511 ; 0.00632007
Sn129m ; 0.00220164 ; 0.00140905 ; 0.00215736 ; 0.00138071
Sn130 ; 0.00823318 ; 0.00526923 ; 0.00764988 ; 0.00489592
Sn130m ; 0.00823318 ; 0.00526923 ; 0.00764988 ; 0.00489592
Sn131 ; 0.0114337 ; 0.00731757 ; 0.00587378 ; 0.00375922
Sn131m ; 0.0114337 ; 0.00731757 ; 0.00587378 ; 0.00375922
Sn132 ; 0.0188496 ; 0.00603187 ; 0.00534127 ; 0.00341841
Sn133 ; 0.00672609 ; 0.0043047 ; 0.00173163 ; 0.00110824
Sn134 ; 0.00182104 ; 0.00116547 ; 2.92111E-4 ; 1.86951E-4
Sn135 ; 1.901E-4 ; 1.21664E-4 ; 2.9659E-5 ; 1.89817E-5
Sn136 ; 1.41801E-5 ; 9.07526E-6 ; 2.33001E-6 ; 1.49121E-6
Sn137 ; 6.32978E-7 ; 4.05106E-7 ; 1.28975E-7 ; 8.25437E-8
Sn138 ; 2.20993E-8 ; 1.41436E-8 ; 1.92001E-8 ; 1.22881E-8
Sn139 ; 1.63117E-10 ; 1.04395E-10 ; 1.64779E-10 ; 1.05459E-10
Sn140 ; 8.68904E-12 ; 5.56098E-12 ; 2.60104E-11 ; 1.66467E-11
Sn141 ; 2.58868E-12 ; 1.65676E-12 ;  ; 
Sb113 ; 0.0 ; 0.0 ; 0.0 ; 0.0
Sb115 ; 0.0 ; 0.0 ; 0.0 ; 0.0
Sb117 ; 0.0 ; 0.0 ; 0.0 ; 0.0
Sb118 ; 0.0 ; 0.0 ; 0.0 ; 0.0
Sb118m ; 0.0 ; 0.0 ; 0.0 ; 0.0
Sb119 ; 0.0 ; 0.0 ; 2.28001E-13 ; 1.45921E-13
Sb120 ; 1.66001E-14 ; 1.06241E-14 ; 2.57001E-12 ; 1.64481E-12
Sb120m ; 2.83002E-14 ; 1.81121E-14 ; 7.33003E-12 ; 4.69122E-12
Sb121 ; 4.87003E-12 ; 3.11682E-12 ; 3.35001E-10 ; 2.14401E-10
Sb122 ; 1.03001E-10 ; 6.59204E-11 ; 2.37001E-9 ; 1.51681E-9
Sb122m ; 1.37001E-10 ; 8.76806E-11 ; 5.54002E-9 ; 3.54562E-9
Sb123 ; 7.33005E-9 ; 4.69123E-9 ; 1.49001E-7 ; 9.53604E-8
Sb124 ; 4.45336E-8 ; 2.85015E-8 ; 6.80003E-7 ; 4.35202E-7
Sb124m ; 4.45336E-8 ; 2.85015E-8 ; 6.80003E-7 ; 4.35202E-7
Sb124n ; 4.45336E-8 ; 2.85015E-8 ; 6.80003E-7 ; 4.35202E-7
Sb125 ; 1.53001E-6 ; 9.79206E-7 ; 2.12201E-5 ; 1.35809E-5
Sb126 ; 6.82004E-8 ; 4.36483E-8 ; 6.53603E-5 ; 2.94121E-5
Sb126m ; 4.71003E-8 ; 3.01442E-8 ; 1.76001E-5 ; 1.1264E-5
Sb126n ; 4.71003E-8 ; 3.01442E-8 ; 1.76001E-5 ; 1.1264E-5
Sb127 ; 2.03001E-6 ; 1.29921E-6 ; 6.65823E-4 ; 4.26127E-4
Sb128 ; 9.00006E-6 ; 5.76004E-6 ; 0.0013545 ; 8.66877E-4
Sb128m ; 1.24301E-5 ; 7.95525E-6 ; 0.00102298 ; 6.5471E-4
Sb129 ; 3.24022E-4 ; 2.07374E-4 ; 0.0055599 ; 0.00355834
Sb130 ; 8.07225E-4 ; 5.16624E-4 ; 0.00742607 ; 0.00475269
Sb130m ; 0.00111469 ; 7.134E-4 ; 0.00560206 ; 0.00358532
Sb131 ; 0.00937452 ; 0.00421853 ; 0.0248983 ; 0.00398373
Sb132 ; 0.014364 ; 0.00459648 ; 0.0103376 ; 0.00330803
Sb132m ; 0.0127379 ; 0.00407612 ; 0.0161691 ; 0.0051741
Sb133 ; 0.030966 ; 0.00495455 ; 0.0225262 ; 0.0072084
Sb134 ; 0.0128052 ; 0.00819533 ; 0.00529932 ; 0.00339156
Sb134m ; 0.0128052 ; 0.00819533 ; 0.00529932 ; 0.00339156
Sb135 ; 0.0102045 ; 0.00326544 ; 0.00296443 ; 0.00189724
Sb136 ; 0.00238624 ; 0.00152719 ; 6.21553E-4 ; 3.97794E-4
Sb137 ; 3.83052E-4 ; 2.45154E-4 ; 9.18104E-5 ; 5.87587E-5
Sb138 ; 4.05703E-5 ; 2.5965E-5 ; 3.57302E-5 ; 2.28673E-5
Sb139 ; 3.13986E-6 ; 2.00951E-6 ; 8.16839E-7 ; 5.22777E-7
Sb140 ; 1.54316E-7 ; 9.8762E-8 ; 1.28938E-7 ; 8.25203E-8
Sb141 ; 4.98298E-8 ; 3.1891E-8 ; 4.40652E-10 ; 2.82017E-10
Sb142 ; 3.49404E-11 ; 2.23618E-11 ; 4.96153E-11 ; 3.17538E-11
Sb143 ; 3.49239E-12 ; 2.23513E-12 ;  ; 
Te115 ; 0.0 ; 0.0 ; 0.0 ; 0.0
Te117 ; 0.0 ; 0.0 ; 0.0 ; 0.0
Te118 ; 0.0 ; 0.0 ; 0.0 ; 0.0
Te119 ; 0.0 ; 0.0 ; 0.0 ; 0.0
Te120 ; 0.0 ; 0.0 ; 0.0 ; 0.0
Te121 ; 0.0 ; 0.0 ; 0.0 ; 0.0
Te121m ; 0.0 ; 0.0 ; 0.0 ; 0.0
Te122 ; 0.0 ; 0.0 ; 5.74002E-13 ; 3.67362E-13
Te123 ; 1.47001E-13 ; 9.40806E-14 ; 4.05002E-12 ; 2.59201E-12
Te123m ; 5.54004E-13 ; 3.54562E-13 ; 2.49001E-11 ; 1.59361E-11
Te124 ; 4.79003E-11 ; 3.06562E-11 ; 1.04E-9 ; 6.65603E-10
Te125 ; 5.37003E-10 ; 3.43682E-10 ; 3.92002E-9 ; 2.50881E-9
Te125m ; 2.02001E-9 ; 1.29281E-9 ; 2.41001E-8 ; 1.54241E-8
Te126 ; 8.73006E-14 ; 5.58724E-14 ; 2.99001E-7 ; 1.91361E-7
Te127 ; 1.02001E-12 ; 6.52804E-13 ; 1.11E-6 ; 7.10403E-7
Te127m ; 2.90002E-12 ; 1.85601E-12 ; 5.05002E-6 ; 3.23201E-6
Te128 ; 2.43002E-10 ; 1.55521E-10 ; 5.29702E-5 ; 3.39009E-5
Te129 ; 4.06003E-9 ; 2.59842E-9 ; 4.19402E-5 ; 2.68417E-5
Te129m ; 1.16001E-8 ; 7.42405E-9 ; 1.91081E-4 ; 1.22292E-4
Te130 ; 5.29003E-7 ; 3.38562E-7 ; 0.00118509 ; 7.58454E-4
Te131 ; 3.55002E-6 ; 2.27201E-6 ; 9.78174E-4 ; 6.26031E-4
Te131m ; 3.64842E-4 ; 2.33499E-4 ; 0.00159728 ; 3.67374E-4
Te132 ; 0.00471221 ; 0.00301581 ; 0.0145773 ; 0.00335278
Te133 ; 0.00801138 ; 0.00512728 ; 0.00558053 ; 0.00357154
Te133m ; 0.0196108 ; 0.00627545 ; 0.0254224 ; 0.00813516
Te134 ; 0.0395371 ; 0.00632594 ; 0.0372241 ; 0.00409465
Te135 ; 0.0462065 ; 0.0147861 ; 0.0265509 ; 0.00849629
Te136 ; 0.035255 ; 0.0112816 ; 0.0139277 ; 0.00445688
Te137 ; 0.0156778 ; 0.00501691 ; 0.00517219 ; 0.0033102
Te138 ; 0.00550107 ; 0.00352068 ; 0.00506081 ; 0.00323892
Te139 ; 0.00120899 ; 7.73752E-4 ; 2.96731E-4 ; 1.89908E-4
Te140 ; 1.85877E-4 ; 1.18961E-4 ; 4.71212E-5 ; 3.01576E-5
Te141 ; 5.53774E-5 ; 3.54415E-5 ; 2.18439E-6 ; 1.39801E-6
Te142 ; 9.26971E-7 ; 5.93261E-7 ; 2.45951E-7 ; 1.57409E-7
Te143 ; 8.54847E-8 ; 5.47102E-8 ; 1.06852E-9 ; 6.83855E-10
Te144 ; 5.72884E-11 ; 3.66646E-11 ; 2.05347E-10 ; 1.31422E-10
Te145 ; 6.07812E-12 ; 3.89E-12 ; 2.35773E-11 ; 1.50894E-11
Te146 ; 4.36717E-13 ; 2.79499E-13 ;  ; 
I121 ; 0.0 ; 0.0 ; 0.0 ; 0.0
I123 ; 0.0 ; 0.0 ; 0.0 ; 0.0
I125 ; 9.98006E-14 ; 6.38724E-14 ; 2.79001E-12 ; 1.78561E-12
I126 ; 0.0 ; 0.0 ; 7.93003E-11 ; 5.07522E-11
I127 ; 0.0 ; 0.0 ; 1.61001E-10 ; 5.15202E-11
I128 ; 0.0 ; 0.0 ; 9.48004E-8 ; 6.06723E-8
I129 ; 0.0 ; 0.0 ; 9.24004E-7 ; 5.91363E-7
I130 ; 3.09002E-14 ; 1.97761E-14 ; 7.83003E-6 ; 5.01122E-6
I130m ; 1.14001E-14 ; 7.29605E-15 ; 1.72001E-6 ; 1.1008E-6
I131 ; 7.89005E-12 ; 5.04963E-12 ; 1.1572E-4 ; 7.40611E-5
I132 ; 9.93956E-5 ; 6.36132E-5 ; 9.27624E-4 ; 5.93679E-4
I132m ; 9.93956E-5 ; 6.36132E-5 ; 9.27624E-4 ; 5.93679E-4
I133 ; 9.44471E-4 ; 6.04461E-4 ; 0.00233871 ; 0.00149677
I133m ; 9.44471E-4 ; 6.04461E-4 ; 0.00233871 ; 0.00149677
I134 ; 0.00439153 ; 4.83068E-4 ; 0.00597328 ; 9.55724E-4
I134m ; 0.00318007 ; 0.00203525 ; 0.00934281 ; 0.0059794
I135 ; 0.0135457 ; 0.00433464 ; 0.0256887 ; 0.0059084
I136 ; 0.0132884 ; 0.00425229 ; 0.0158622 ; 0.0050759
I136m ; 0.0134483 ; 0.00430345 ; 0.0157956 ; 0.00505459
I137 ; 0.0353125 ; 0.00565 ; 0.0257618 ; 0.0041219
I138 ; 0.0311927 ; 0.00998166 ; 0.0226589 ; 0.00521154
I139 ; 0.0205561 ; 0.00657796 ; 0.00887151 ; 0.00567776
I140 ; 0.00869363 ; 0.00556392 ; 0.00349348 ; 0.00223583
I141 ; 0.00251496 ; 0.00160957 ; 7.98299E-4 ; 5.10911E-4
I142 ; 4.18853E-4 ; 2.68066E-4 ; 1.21671E-4 ; 7.78691E-5
I143 ; 7.47095E-5 ; 4.78141E-5 ; 5.29685E-6 ; 3.38999E-6
I144 ; 1.01743E-6 ; 6.51156E-7 ; 1.01794E-6 ; 6.51482E-7
I145 ; 1.16998E-7 ; 7.48789E-8 ; 1.16876E-7 ; 7.48009E-8
I146 ; 7.75601E-9 ; 4.96385E-9 ; 6.93807E-10 ; 4.44037E-10
I147 ; 6.72288E-12 ; 4.30264E-12 ; 5.74175E-11 ; 3.67472E-11
I148 ; 6.85992E-13 ; 4.39035E-13 ;  ; 
Xe124 ; 0.0 ; 0.0 ; 0.0 ; 0.0
Xe125 ; 0.0 ; 0.0 ; 0.0 ; 0.0
Xe125m ; 0.0 ; 0.0 ; 0.0 ; 0.0
Xe126 ; 0.0 ; 0.0 ; 0.0 ; 0.0
Xe127 ; 0.0 ; 0.0 ; 1.08E-13 ; 6.91203E-14
Xe127m ; 0.0 ; 0.0 ; 1.08E-13 ; 6.91203E-14
Xe128 ; 0.0 ; 0.0 ; 1.23001E-11 ; 7.87203E-12
Xe129 ; 0.0 ; 0.0 ; 1.36501E-10 ; 8.73604E-11
Xe129m ; 0.0 ; 0.0 ; 1.36501E-10 ; 8.73604E-11
Xe130 ; 0.0 ; 0.0 ; 5.88003E-9 ; 3.76322E-9
Xe131 ; 1.11001E-11 ; 3.55202E-12 ; 2.39001E-9 ; 7.64803E-10
Xe131m ; 3.16002E-11 ; 2.02241E-11 ; 1.09E-8 ; 6.97603E-9
Xe132 ; 1.79001E-8 ; 1.14561E-8 ; 4.14002E-6 ; 2.64961E-6
Xe133 ; 4.18003E-6 ; 2.67522E-6 ; 2.91001E-5 ; 9.31204E-6
Xe133m ; 1.22101E-5 ; 7.81445E-6 ; 1.44151E-4 ; 9.22564E-5
Xe134 ; 7.04005E-6 ; 4.50563E-6 ; 1.1118E-4 ; 7.11555E-5
Xe134m ; 1.90301E-5 ; 1.21793E-5 ; 5.06482E-4 ; 3.24149E-4
Xe135 ; 1.11541E-4 ; 7.13861E-5 ; 0.0013291 ; 1.46201E-4
Xe135m ; 1.57101E-4 ; 1.00545E-4 ; 0.00202021 ; 0.00129293
Xe136 ; 0.0024432 ; 0.00156365 ; 0.00804582 ; 0.00514933
Xe137 ; 0.0107737 ; 0.00344759 ; 0.0167348 ; 0.00133879
Xe138 ; 0.0203998 ; 0.00652792 ; 0.0184537 ; 0.00110722
Xe139 ; 0.0328326 ; 0.00525321 ; 0.0253406 ; 0.00202725
Xe140 ; 0.0403741 ; 0.00444115 ; 0.0239854 ; 0.00143912
Xe141 ; 0.0298271 ; 0.00238617 ; 0.0129445 ; 7.7667E-4
Xe142 ; 0.0152738 ; 0.00488763 ; 0.00482163 ; 2.89298E-4
Xe143 ; 0.00215725 ; 0.00138064 ; 9.67885E-4 ; 6.19447E-4
Xe143m ; 0.00215725 ; 0.00138064 ; 9.67885E-4 ; 6.19447E-4
Xe144 ; 0.00122552 ; 1.96083E-4 ; 3.72013E-4 ; 2.38089E-4
Xe145 ; 1.30024E-4 ; 8.32153E-5 ; 4.27133E-5 ; 2.73365E-5
Xe146 ; 9.3423E-6 ; 5.97907E-6 ; 3.43932E-6 ; 2.20117E-6
Xe147 ; 1.64559E-7 ; 1.05318E-7 ; 2.84628E-7 ; 1.82162E-7
Xe148 ; 1.81994E-8 ; 1.16476E-8 ; 5.30002E-9 ; 3.39201E-9
Xe149 ; 2.20828E-11 ; 1.4133E-11 ; 7.50916E-11 ; 4.80586E-11
Xe150 ; 2.89002E-12 ; 1.84961E-12 ; 1.51001E-12 ; 9.66404E-13
Xe151 ; 4.51302E-13 ; 2.88833E-13 ;  ; 
Cs127 ; 0.0 ; 0.0 ; 0.0 ; 0.0
Cs129 ; 0.0 ; 0.0 ; 0.0 ; 0.0
Cs131 ; 0.0 ; 0.0 ; 2.53001E-11 ; 1.61921E-11
Cs132 ; 2.85002E-13 ; 1.82401E-13 ; 1.51001E-9 ; 9.66404E-10
Cs133 ; 5.32003E-11 ; 3.40482E-11 ; 7.38003E-8 ; 4.72322E-8
Cs134 ; 3.23002E-9 ; 2.06721E-9 ; 1.025E-6 ; 6.56003E-7
Cs134m ; 3.23002E-9 ; 2.06721E-9 ; 1.025E-6 ; 6.56003E-7
Cs135 ; 1.85501E-7 ; 1.18721E-7 ; 1.33601E-5 ; 8.55044E-6
Cs135m ; 1.85501E-7 ; 1.18721E-7 ; 1.33601E-5 ; 8.55044E-6
Cs136 ; 4.80003E-6 ; 3.07202E-6 ; 1.0621E-4 ; 6.79747E-5
Cs136m ; 4.80003E-6 ; 3.07202E-6 ; 1.0621E-4 ; 6.79747E-5
Cs137 ; 1.12121E-4 ; 7.17573E-5 ; 0.00421145 ; 0.00189515
Cs138 ; 3.01662E-4 ; 1.93064E-4 ; 0.00174283 ; 1.91711E-4
Cs138m ; 3.01662E-4 ; 1.93064E-4 ; 0.00174283 ; 0.00111541
Cs139 ; 0.00347311 ; 0.00222279 ; 0.0138648 ; 0.00443672
Cs140 ; 0.00887264 ; 0.00204071 ; 0.0173037 ; 0.0055372
Cs141 ; 0.0191304 ; 0.00612174 ; 0.0249273 ; 0.00797674
Cs142 ; 0.022798 ; 0.00729537 ; 0.0238148 ; 0.00762074
Cs143 ; 0.023904 ; 0.00764927 ; 0.017825 ; 0.00570401
Cs144 ; 0.0174256 ; 0.0055762 ; 0.00898387 ; 0.00574968
Cs145 ; 0.00555617 ; 0.00355595 ; 0.00272945 ; 0.00174685
Cs146 ; 0.00117104 ; 7.49464E-4 ; 5.81872E-4 ; 3.72398E-4
Cs147 ; 1.43817E-4 ; 9.20426E-5 ; 1.04019E-4 ; 6.65724E-5
Cs148 ; 2.45502E-5 ; 1.57121E-5 ; 7.40003E-6 ; 4.73602E-6
Cs149 ; 4.25074E-7 ; 2.72047E-7 ; 3.72242E-7 ; 2.38235E-7
Cs150 ; 4.81003E-8 ; 3.07842E-8 ; 1.74001E-8 ; 1.1136E-8
Cs151 ; 8.68716E-9 ; 5.55978E-9 ; 9.72321E-11 ; 6.22285E-11
Cs152 ; 5.65378E-12 ; 3.61842E-12 ; 8.87428E-12 ; 5.67954E-12
Cs153 ; 3.03505E-13 ; 1.94243E-13 ;  ; 
Ba129 ; 0.0 ; 0.0 ; 0.0 ; 0.0
Ba131 ; 0.0 ; 0.0 ; 0.0 ; 0.0
Ba132 ; 0.0 ; 0.0 ; 3.87002E-14 ; 2.47681E-14
Ba133 ; 0.0 ; 0.0 ; 5.80002E-12 ; 3.71202E-12
Ba134 ; 1.05001E-13 ; 6.72004E-14 ; 5.03002E-10 ; 3.21921E-10
Ba135 ; 1.13001E-11 ; 7.23205E-12 ; 9.65004E-9 ; 6.17603E-9
Ba135m ; 1.13001E-11 ; 7.23205E-12 ; 9.65004E-9 ; 6.17603E-9
Ba136 ; 1.48001E-9 ; 9.47206E-10 ; 2.21001E-7 ; 1.41441E-7
Ba136m ; 1.48001E-9 ; 9.47206E-10 ; 2.21001E-7 ; 1.41441E-7
Ba137 ; 2.31001E-8 ; 1.47841E-8 ; 1.01E-6 ; 6.46403E-7
Ba137m ; 6.56004E-8 ; 4.19843E-8 ; 4.59002E-6 ; 2.93761E-6
Ba138 ; 2.04001E-6 ; 1.30561E-6 ; 4.18302E-5 ; 2.67713E-5
Ba139 ; 2.77102E-5 ; 1.77345E-5 ; 0.00271478 ; 8.6873E-4
Ba140 ; 2.66392E-4 ; 1.70491E-4 ; 0.00137531 ; 8.80196E-4
Ba141 ; 0.00225784 ; 0.00144502 ; 0.00519248 ; 0.00332319
Ba142 ; 0.00688605 ; 0.00440707 ; 0.0110822 ; 0.00354631
Ba143 ; 0.0174256 ; 0.00400789 ; 0.0174886 ; 0.00559634
Ba144 ; 0.0245659 ; 0.00565015 ; 0.0217618 ; 0.00696378
Ba145 ; 0.0258033 ; 0.00825706 ; 0.0162091 ; 0.00518692
Ba146 ; 0.0198462 ; 0.0063508 ; 0.00851559 ; 0.00544998
Ba147 ; 0.00830546 ; 0.0053155 ; 0.00313316 ; 0.00200522
Ba148 ; 0.00249054 ; 0.00159394 ; 7.95213E-4 ; 5.08937E-4
Ba149 ; 4.72398E-4 ; 3.02335E-4 ; 1.36038E-4 ; 8.70645E-5
Ba150 ; 5.43203E-5 ; 3.4765E-5 ; 1.44501E-5 ; 9.24804E-6
Ba151 ; 9.65431E-6 ; 6.17876E-6 ; 4.81996E-7 ; 3.08477E-7
Ba152 ; 1.49995E-7 ; 9.5997E-8 ; 4.39913E-8 ; 2.81544E-8
Ba153 ; 7.42903E-9 ; 4.75458E-9 ; 3.65056E-10 ; 2.33636E-10
Ba154 ; 7.11005E-11 ; 4.55043E-11 ; 2.72001E-11 ; 1.74081E-11
Ba155 ; 3.95587E-13 ; 2.53176E-13 ; 1.57439E-12 ; 1.00761E-12
Ba156 ; 2.54557E-14 ; 1.62916E-14 ;  ; 
La133 ; 0.0 ; 0.0 ; 0.0 ; 0.0
La135 ; 0.0 ; 0.0 ; 9.89004E-13 ; 6.32963E-13
La137 ; 2.45002E-12 ; 1.56801E-12 ; 2.21001E-9 ; 1.41441E-9
La138 ; 1.76001E-10 ; 1.12641E-10 ; 4.34002E-8 ; 2.77761E-8
La139 ; 8.10005E-9 ; 5.18403E-9 ; 8.66004E-7 ; 5.54242E-7
La140 ; 2.48002E-7 ; 1.58721E-7 ; 4.12102E-5 ; 2.63745E-5
La141 ; 4.45003E-6 ; 2.84802E-6 ; 7.98503E-5 ; 5.11042E-5
La142 ; 5.26303E-5 ; 3.36834E-5 ; 4.62402E-4 ; 2.95937E-4
La143 ; 4.48063E-4 ; 2.8676E-4 ; 0.0018791 ; 0.00120262
La144 ; 0.00211319 ; 0.00135244 ; 0.00588549 ; 0.00376671
La145 ; 0.00708877 ; 0.00453681 ; 0.0106205 ; 0.00339857
La146 ; 0.00635709 ; 0.00406854 ; 0.00656174 ; 0.00419951
La146m ; 0.00635709 ; 0.00406854 ; 0.00656174 ; 0.00419951
La147 ; 0.0148093 ; 0.00473898 ; 0.012274 ; 0.00392766
La148 ; 0.0108987 ; 0.00697519 ; 0.00764972 ; 0.00489582
La149 ; 0.00664064 ; 0.00425001 ; 0.00336439 ; 0.00215321
La150 ; 0.00213975 ; 0.00136944 ; 9.43694E-4 ; 6.03964E-4
La151 ; 4.3845E-4 ; 2.80608E-4 ; 1.76149E-4 ; 1.12735E-4
La152 ; 5.81304E-5 ; 3.72034E-5 ; 2.17601E-5 ; 1.39265E-5
La153 ; 6.49261E-6 ; 4.15527E-6 ; 1.80964E-6 ; 1.15817E-6
La154 ; 2.83002E-7 ; 1.81121E-7 ; 1.0E-7 ; 6.40003E-8
La155 ; 7.61469E-9 ; 4.8734E-9 ; 7.8045E-9 ; 4.99488E-9
La156 ; 4.52088E-10 ; 2.89337E-10 ; 4.75984E-11 ; 3.0463E-11
La157 ; 8.9467E-13 ; 5.72589E-13 ; 2.76313E-12 ; 1.7684E-12
La158 ; 1.87706E-14 ; 1.20132E-14 ; 7.84567E-14 ; 5.02123E-14
La159 ; 1.01791E-15 ; 6.51462E-16 ;  ; 
Ce135 ; 0.0 ; 0.0 ; 0.0 ; 0.0
Ce137 ; 0.0 ; 0.0 ; 6.14003E-14 ; 3.92962E-14
Ce138 ; 0.0 ; 0.0 ; 3.24001E-12 ; 2.07361E-12
Ce139 ; 3.60002E-14 ; 2.30401E-14 ; 3.10001E-11 ; 1.98401E-11
Ce139m ; 1.02001E-13 ; 6.52804E-14 ; 1.41001E-10 ; 9.02404E-11
Ce140 ; 1.53001E-11 ; 9.79206E-12 ; 5.92003E-9 ; 1.89441E-9
Ce141 ; 9.05006E-10 ; 5.79204E-10 ; 1.1E-7 ; 7.04003E-8
Ce142 ; 3.64002E-8 ; 2.32961E-8 ; 1.68001E-6 ; 1.0752E-6
Ce143 ; 9.01006E-7 ; 5.76644E-7 ; 1.81601E-5 ; 1.16224E-5
Ce144 ; 1.43101E-5 ; 9.15846E-6 ; 1.56511E-4 ; 1.00167E-4
Ce145 ; 1.27351E-4 ; 8.15045E-5 ; 7.30823E-4 ; 4.67727E-4
Ce146 ; 8.70536E-4 ; 5.57143E-4 ; 0.0021868 ; 0.00139955
Ce147 ; 0.00264376 ; 0.001692 ; 0.00517747 ; 0.00331358
Ce148 ; 0.00745761 ; 0.00335592 ; 0.00791811 ; 0.00506759
Ce149 ; 0.00842758 ; 0.00379241 ; 0.00858326 ; 0.00386247
Ce150 ; 0.00860432 ; 0.00387194 ; 0.00574093 ; 0.0036742
Ce151 ; 0.00455945 ; 0.00291805 ; 0.00270943 ; 0.00173404
Ce152 ; 0.00184458 ; 0.00118053 ; 8.70374E-4 ; 5.57039E-4
Ce153 ; 5.57684E-4 ; 3.56917E-4 ; 1.89941E-4 ; 1.21562E-4
Ce154 ; 8.00205E-5 ; 5.12131E-5 ; 2.75201E-5 ; 1.76129E-5
Ce155 ; 8.46244E-6 ; 5.41596E-6 ; 2.85221E-6 ; 1.82541E-6
Ce156 ; 5.44551E-7 ; 3.48513E-7 ; 2.35953E-7 ; 1.5101E-7
Ce157 ; 2.18992E-8 ; 1.40155E-8 ; 1.36973E-8 ; 8.76627E-9
Ce158 ; 4.97984E-10 ; 3.1871E-10 ; 3.88923E-10 ; 2.48911E-10
Ce159 ; 2.49158E-11 ; 1.59461E-11 ; 5.02204E-12 ; 3.2141E-12
Ce160 ; 6.06004E-14 ; 3.87842E-14 ; 1.43001E-13 ; 9.15204E-14
Ce161 ; 8.12658E-16 ; 5.20101E-16 ;  ; 
Pr139 ; 0.0 ; 0.0 ; 0.0 ; 0.0
Pr140 ; 0.0 ; 0.0 ; 1.84001E-13 ; 1.17761E-13
Pr141 ; 0.0 ; 0.0 ; 1.1E-11 ; 7.04003E-12
Pr142 ; 3.73002E-13 ; 2.38722E-13 ; 2.29501E-10 ; 1.46881E-10
Pr142m ; 3.73002E-13 ; 2.38722E-13 ; 2.29501E-10 ; 1.46881E-10
Pr143 ; 6.36004E-11 ; 4.07043E-11 ; 1.23001E-8 ; 7.87203E-9
Pr144 ; 3.00002E-10 ; 1.92001E-10 ; 1.98001E-8 ; 1.26721E-8
Pr144m ; 3.03002E-9 ; 1.93921E-9 ; 3.11001E-7 ; 1.99041E-7
Pr145 ; 1.14001E-7 ; 7.29605E-8 ; 4.35002E-6 ; 2.78401E-6
Pr146 ; 2.15001E-6 ; 1.37601E-6 ; 3.56702E-5 ; 2.28289E-5
Pr147 ; 2.48302E-5 ; 1.58913E-5 ; 2.21811E-4 ; 1.41959E-4
Pr148 ; 8.75106E-5 ; 5.60068E-5 ; 4.43922E-4 ; 2.8411E-4
Pr148m ; 8.75106E-5 ; 5.60068E-5 ; 4.43922E-4 ; 2.8411E-4
Pr149 ; 7.70335E-4 ; 4.93014E-4 ; 0.00246703 ; 0.0015789
Pr150 ; 0.00190823 ; 0.00122127 ; 0.00384473 ; 0.00246062
Pr151 ; 0.00280758 ; 0.00179685 ; 0.00434752 ; 0.00278241
Pr152 ; 0.00285781 ; 0.001829 ; 0.00337433 ; 0.00215957
Pr153 ; 0.00244147 ; 0.00156254 ; 0.00178554 ; 0.00114274
Pr154 ; 8.81756E-4 ; 5.64324E-4 ; 6.31833E-4 ; 4.04373E-4
Pr155 ; 2.96492E-4 ; 1.89755E-4 ; 1.61081E-4 ; 1.03092E-4
Pr156 ; 5.24703E-5 ; 3.3581E-5 ; 3.42501E-5 ; 2.19201E-5
Pr157 ; 7.04005E-6 ; 4.50563E-6 ; 5.11002E-6 ; 3.27041E-6
Pr158 ; 4.66003E-7 ; 2.98242E-7 ; 3.87002E-7 ; 2.47681E-7
Pr159 ; 2.17752E-8 ; 1.39361E-8 ; 2.48951E-8 ; 1.59329E-8
Pr160 ; 5.76004E-10 ; 3.68642E-10 ; 1.02E-9 ; 6.52803E-10
Pr161 ; 1.56429E-11 ; 1.00115E-11 ; 7.765E-12 ; 4.9696E-12
Pr162 ; 1.66975E-14 ; 1.06864E-14 ; 5.10271E-13 ; 3.26574E-13
Pr163 ; 6.37299E-16 ; 4.07871E-16 ; 1.92007E-14 ; 1.22885E-14
Pr164 ; 1.46245E-17 ; 9.35965E-18 ;  ; 
Nd140 ; 0.0 ; 0.0 ; 0.0 ; 0.0
Nd141 ; 0.0 ; 0.0 ; 0.0 ; 0.0
Nd142 ; 0.0 ; 0.0 ; 0.0 ; 0.0
Nd143 ; 0.0 ; 0.0 ; 7.00003E-13 ; 4.48002E-13
Nd144 ; 5.10003E-14 ; 3.26402E-14 ; 5.18002E-11 ; 3.31521E-11
Nd145 ; 5.34003E-12 ; 3.41762E-12 ; 1.94001E-9 ; 1.24161E-9
Nd146 ; 3.90003E-10 ; 2.49602E-10 ; 4.44002E-8 ; 2.84161E-8
Nd147 ; 1.43001E-8 ; 9.15206E-9 ; 7.94003E-7 ; 5.08162E-7
Nd148 ; 3.59002E-7 ; 2.29761E-7 ; 8.96004E-6 ; 5.73442E-6
Nd149 ; 4.97003E-6 ; 3.18082E-6 ; 6.27903E-5 ; 4.01858E-5
Nd150 ; 4.26103E-5 ; 2.72706E-5 ; 2.70471E-4 ; 1.73102E-4
Nd151 ; 1.78401E-4 ; 1.14177E-4 ; 7.68403E-4 ; 4.91778E-4
Nd152 ; 5.37383E-4 ; 3.43925E-4 ; 0.00145736 ; 9.32708E-4
Nd153 ; 0.00111364 ; 7.12728E-4 ; 0.00174185 ; 0.00111478
Nd154 ; 0.00112524 ; 7.20152E-4 ; 0.00147075 ; 9.41278E-4
Nd155 ; 9.21766E-4 ; 5.8993E-4 ; 8.55404E-4 ; 5.47458E-4
Nd156 ; 4.68743E-4 ; 2.99996E-4 ; 4.35552E-4 ; 2.78753E-4
Nd157 ; 1.60891E-4 ; 1.0297E-4 ; 1.56621E-4 ; 1.00237E-4
Nd158 ; 3.34602E-5 ; 2.14145E-5 ; 3.00401E-5 ; 1.92257E-5
Nd159 ; 4.37003E-6 ; 2.79682E-6 ; 4.89002E-6 ; 3.12961E-6
Nd160 ; 3.77002E-7 ; 2.41282E-7 ; 5.33002E-7 ; 3.41121E-7
Nd161 ; 1.73845E-8 ; 1.11261E-8 ; 3.84924E-8 ; 2.46351E-8
Nd162 ; 4.42986E-10 ; 2.83511E-10 ; 2.5295E-9 ; 1.61888E-9
Nd163 ; 1.55995E-11 ; 9.98366E-12 ; 9.51812E-11 ; 6.0916E-11
Nd164 ; 3.87988E-13 ; 2.48312E-13 ; 2.80001E-12 ; 1.79201E-12
Nd165 ; 1.83896E-15 ; 1.17694E-15 ; 4.69933E-14 ; 3.00757E-14
Nd166 ; 8.17385E-17 ; 5.23126E-17 ; 3.93046E-15 ; 2.51549E-15
Nd167 ; 6.16499E-18 ; 3.94559E-18 ;  ; 
Pm141 ; 0.0 ; 0.0 ; 0.0 ; 0.0
Pm143 ; 0.0 ; 0.0 ; 0.0 ; 0.0
Pm144 ; 0.0 ; 0.0 ; 0.0 ; 0.0
Pm145 ; 0.0 ; 0.0 ; 6.15003E-14 ; 3.93602E-14
Pm146 ; 0.0 ; 0.0 ; 3.99002E-12 ; 2.55361E-12
Pm147 ; 2.85002E-13 ; 1.82401E-13 ; 6.05003E-10 ; 3.87202E-10
Pm148 ; 6.13004E-12 ; 3.92323E-12 ; 1.26001E-9 ; 8.06403E-10
Pm148m ; 1.66001E-11 ; 1.06241E-11 ; 5.73002E-9 ; 3.66722E-9
Pm149 ; 1.18001E-9 ; 7.55205E-10 ; 1.56001E-7 ; 9.98404E-8
Pm150 ; 3.29002E-8 ; 2.10561E-8 ; 2.52001E-7 ; 1.61281E-7
Pm151 ; 4.85003E-7 ; 3.10402E-7 ; 1.27401E-5 ; 8.15363E-6
Pm152 ; 1.42001E-6 ; 9.08806E-7 ; 2.12801E-5 ; 1.36193E-5
Pm152m ; 1.42001E-6 ; 9.08806E-7 ; 2.12801E-5 ; 1.36193E-5
Pm152n ; 1.42001E-6 ; 9.08806E-7 ; 2.12801E-5 ; 1.36193E-5
Pm153 ; 2.85602E-5 ; 1.82785E-5 ; 1.98131E-4 ; 1.26804E-4
Pm154 ; 3.75402E-5 ; 2.40258E-5 ; 1.90711E-4 ; 1.22055E-4
Pm154m ; 3.75402E-5 ; 2.40258E-5 ; 1.90711E-4 ; 1.22055E-4
Pm155 ; 1.85301E-4 ; 1.18593E-4 ; 5.02382E-4 ; 3.21525E-4
Pm156 ; 2.26481E-4 ; 1.44948E-4 ; 5.86212E-4 ; 3.75176E-4
Pm157 ; 2.16001E-4 ; 1.38241E-4 ; 4.75312E-4 ; 3.042E-4
Pm158 ; 1.07601E-4 ; 6.88644E-5 ; 2.14321E-4 ; 1.37165E-4
Pm159 ; 4.09803E-5 ; 2.62274E-5 ; 8.24804E-5 ; 5.27874E-5
Pm160 ; 8.95006E-6 ; 5.72804E-6 ; 2.23701E-5 ; 1.43169E-5
Pm161 ; 1.28001E-6 ; 8.19205E-7 ; 4.03002E-6 ; 2.57921E-6
Pm162 ; 9.18006E-8 ; 5.87524E-8 ; 6.77003E-7 ; 4.33282E-7
Pm163 ; 1.06001E-8 ; 6.78404E-9 ; 6.59003E-8 ; 4.21762E-8
Pm164 ; 7.57005E-10 ; 4.84483E-10 ; 4.95002E-9 ; 3.16801E-9
Pm165 ; 3.53984E-11 ; 2.2655E-11 ; 2.32954E-10 ; 1.49091E-10
Pm166 ; 1.45166E-12 ; 9.29062E-13 ; 1.9484E-11 ; 1.24697E-11
Pm167 ; 1.1867E-13 ; 7.59491E-14 ; 9.84238E-14 ; 6.29913E-14
Pm168 ; 2.3972E-16 ; 1.53421E-16 ; 4.13461E-15 ; 2.64615E-15
Pm169 ; 1.10196E-17 ; 7.05252E-18 ; 4.59104E-16 ; 2.93827E-16
Sm143 ; 0.0 ; 0.0 ; 0.0 ; 0.0
Sm143m ; 0.0 ; 0.0 ; 0.0 ; 0.0
Sm144 ; 0.0 ; 0.0 ; 0.0 ; 0.0
Sm145 ; 0.0 ; 0.0 ; 0.0 ; 0.0
Sm146 ; 0.0 ; 0.0 ; 0.0 ; 0.0
Sm147 ; 0.0 ; 0.0 ; 0.0 ; 0.0
Sm148 ; 0.0 ; 0.0 ; 3.89002E-13 ; 2.48961E-13
Sm149 ; 1.57001E-14 ; 1.00481E-14 ; 2.29001E-11 ; 1.46561E-11
Sm150 ; 1.71001E-12 ; 1.09441E-12 ; 7.62003E-10 ; 4.87682E-10
Sm151 ; 7.76005E-11 ; 4.96643E-11 ; 1.68001E-8 ; 1.0752E-8
Sm152 ; 2.50002E-9 ; 1.60001E-9 ; 2.34001E-7 ; 1.49761E-7
Sm153 ; 4.94003E-8 ; 3.16162E-8 ; 1.95001E-6 ; 1.24801E-6
Sm154 ; 4.39003E-7 ; 2.80962E-7 ; 9.59004E-6 ; 6.13763E-6
Sm155 ; 3.12002E-6 ; 1.99681E-6 ; 3.06901E-5 ; 1.96417E-5
Sm156 ; 1.20701E-5 ; 7.72485E-6 ; 8.64704E-5 ; 5.5341E-5
Sm157 ; 2.96002E-5 ; 1.89441E-5 ; 1.61001E-4 ; 1.0304E-4
Sm158 ; 4.25703E-5 ; 2.7245E-5 ; 1.67221E-4 ; 1.07021E-4
Sm159 ; 3.86202E-5 ; 2.4717E-5 ; 1.44321E-4 ; 9.23652E-5
Sm160 ; 2.28801E-5 ; 1.46433E-5 ; 9.07104E-5 ; 5.80546E-5
Sm161 ; 7.74005E-6 ; 4.95363E-6 ; 3.79302E-5 ; 2.42753E-5
Sm162 ; 1.64001E-6 ; 1.04961E-6 ; 1.51701E-5 ; 9.70884E-6
Sm163 ; 4.87003E-7 ; 3.11682E-7 ; 3.62002E-6 ; 2.31681E-6
Sm164 ; 1.09001E-7 ; 6.97604E-8 ; 6.67003E-7 ; 4.26882E-7
Sm165 ; 1.45001E-8 ; 9.28006E-9 ; 8.02003E-8 ; 5.13282E-8
Sm166 ; 1.74856E-9 ; 1.11908E-9 ; 7.12054E-9 ; 4.55715E-9
Sm167 ; 1.31882E-10 ; 8.44046E-11 ; 4.87904E-10 ; 3.12258E-10
Sm168 ; 6.3598E-12 ; 4.07027E-12 ; 2.0496E-11 ; 1.31174E-11
Sm169 ; 2.69731E-13 ; 1.72628E-13 ; 2.27586E-12 ; 1.45655E-12
Sm170 ; 0.0 ; 0.0 ; 1.37001E-14 ; 8.76804E-15
Sm171 ; 1.59729E-17 ; 1.02227E-17 ; 5.06446E-16 ; 3.24125E-16
Sm172 ; 3.79734E-18 ; 2.4303E-18 ;  ; 
Eu147 ; 0.0 ; 0.0 ; 0.0 ; 0.0
Eu149 ; 0.0 ; 0.0 ; 0.0 ; 0.0
Eu151 ; 0.0 ; 0.0 ; 1.59001E-12 ; 1.0176E-12
Eu152 ; 1.46001E-14 ; 9.34406E-15 ; 2.13334E-11 ; 1.36534E-11
Eu152m ; 1.46001E-14 ; 9.34406E-15 ; 2.13334E-11 ; 1.36534E-11
Eu152n ; 1.46001E-14 ; 9.34406E-15 ; 2.13334E-11 ; 1.36534E-11
Eu153 ; 3.03002E-12 ; 1.93921E-12 ; 1.39001E-9 ; 8.89604E-10
Eu154 ; 4.12503E-11 ; 2.64002E-11 ; 9.75004E-9 ; 6.24003E-9
Eu154m ; 4.12503E-11 ; 2.64002E-11 ; 9.75004E-9 ; 6.24003E-9
Eu155 ; 2.11001E-9 ; 1.35041E-9 ; 1.61001E-7 ; 1.0304E-7
Eu156 ; 2.38002E-8 ; 1.52321E-8 ; 9.69004E-7 ; 6.20163E-7
Eu157 ; 1.96001E-7 ; 1.25441E-7 ; 5.42002E-6 ; 3.46881E-6
Eu158 ; 7.76005E-7 ; 4.96643E-7 ; 1.38601E-5 ; 8.87044E-6
Eu159 ; 2.19001E-6 ; 1.40161E-6 ; 2.79501E-5 ; 1.78881E-5
Eu160 ; 3.20002E-6 ; 2.04801E-6 ; 4.09402E-5 ; 2.62017E-5
Eu161 ; 3.01002E-6 ; 1.92641E-6 ; 3.84402E-5 ; 2.46017E-5
Eu162 ; 1.51001E-6 ; 9.66406E-7 ; 3.45401E-5 ; 2.21057E-5
Eu163 ; 1.22001E-6 ; 7.80805E-7 ; 1.88001E-5 ; 1.20321E-5
Eu164 ; 6.51004E-7 ; 4.16643E-7 ; 7.90003E-6 ; 5.05602E-6
Eu165 ; 2.60002E-7 ; 1.66401E-7 ; 2.28001E-6 ; 1.45921E-6
Eu166 ; 8.16005E-8 ; 5.22243E-8 ; 5.02002E-7 ; 3.21281E-7
Eu167 ; 2.01001E-8 ; 1.28641E-8 ; 8.46004E-8 ; 5.41442E-8
Eu168 ; 2.70002E-9 ; 1.72801E-9 ; 9.14004E-9 ; 5.84962E-9
Eu169 ; 2.35732E-10 ; 1.50868E-10 ; 8.31727E-10 ; 5.32305E-10
Eu170 ; 1.16001E-11 ; 7.42405E-12 ; 4.08002E-11 ; 2.61121E-11
Eu171 ; 3.07464E-13 ; 1.96777E-13 ; 2.51054E-12 ; 1.60674E-12
Eu172 ; 6.744E-14 ; 4.31616E-14 ; 1.62964E-14 ; 1.04297E-14
Gd147 ; 0.0 ; 0.0 ; 0.0 ; 0.0
Gd149 ; 0.0 ; 0.0 ; 0.0 ; 0.0
Gd151 ; 0.0 ; 0.0 ; 0.0 ; 0.0
Gd152 ; 0.0 ; 0.0 ; 0.0 ; 0.0
Gd153 ; 0.0 ; 0.0 ; 7.55003E-14 ; 4.83202E-14
Gd154 ; 0.0 ; 0.0 ; 2.90001E-12 ; 1.85601E-12
Gd155 ; 8.04005E-14 ; 5.14563E-14 ; 6.35003E-11 ; 4.06402E-11
Gd156 ; 3.57002E-12 ; 2.28481E-12 ; 1.01E-9 ; 6.46403E-10
Gd157 ; 8.04005E-11 ; 5.14563E-11 ; 1.53001E-8 ; 9.79204E-9
Gd158 ; 1.11001E-9 ; 7.10405E-10 ; 1.01E-7 ; 6.46403E-8
Gd159 ; 9.06006E-9 ; 5.79844E-9 ; 5.12002E-7 ; 3.27681E-7
Gd160 ; 4.25003E-8 ; 2.72002E-8 ; 1.88001E-6 ; 1.20321E-6
Gd161 ; 1.06001E-7 ; 6.78404E-8 ; 4.21002E-6 ; 2.69441E-6
Gd162 ; 1.63001E-7 ; 1.04321E-7 ; 8.76004E-6 ; 5.60642E-6
Gd163 ; 3.20002E-7 ; 2.04801E-7 ; 1.08E-5 ; 6.91203E-6
Gd164 ; 4.70003E-7 ; 3.00802E-7 ; 9.96004E-6 ; 6.37443E-6
Gd165 ; 4.44003E-7 ; 2.84162E-7 ; 6.49003E-6 ; 4.15362E-6
Gd166 ; 3.82002E-7 ; 2.44482E-7 ; 3.27001E-6 ; 2.09281E-6
Gd167 ; 2.34002E-7 ; 1.49761E-7 ; 1.27001E-6 ; 8.12803E-7
Gd168 ; 9.32006E-8 ; 5.96484E-8 ; 3.32001E-7 ; 2.12481E-7
Gd169 ; 2.15001E-8 ; 1.37601E-8 ; 7.52003E-8 ; 4.81282E-8
Gd170 ; 3.48002E-9 ; 2.22721E-9 ; 9.13004E-9 ; 5.84322E-9
Gd171 ; 3.41695E-10 ; 2.18685E-10 ; 9.17493E-10 ; 5.87195E-10
Gd172 ; 8.12331E-11 ; 5.19892E-11 ; 8.0784E-11 ; 5.17018E-11
Tb151 ; 0.0 ; 0.0 ; 0.0 ; 0.0
Tb153 ; 0.0 ; 0.0 ; 0.0 ; 0.0
Tb155 ; 0.0 ; 0.0 ; 0.0 ; 0.0
Tb156 ; 0.0 ; 0.0 ; 7.28003E-14 ; 4.65922E-14
Tb156m ; 0.0 ; 0.0 ; 0.0 ; 0.0
Tb157 ; 0.0 ; 0.0 ; 3.13001E-12 ; 2.00321E-12
Tb158 ; 4.38003E-14 ; 2.80322E-14 ; 5.26002E-11 ; 3.36641E-11
Tb158m ; 0.0 ; 0.0 ; 3.36001E-12 ; 2.15041E-12
Tb159 ; 1.45001E-12 ; 9.28006E-13 ; 7.36003E-10 ; 4.71042E-10
Tb160 ; 1.89001E-11 ; 1.20961E-11 ; 2.11001E-7 ; 1.35041E-7
Tb161 ; 1.58001E-10 ; 1.01121E-10 ; 4.14002E-8 ; 2.64961E-8
Tb162 ; 3.49002E-10 ; 2.23361E-10 ; 1.08E-7 ; 6.91203E-8
Tb162m ; 3.49002E-10 ; 2.23361E-10 ; 1.08E-7 ; 6.91203E-8
Tb163 ; 4.37003E-9 ; 2.79682E-9 ; 6.44003E-7 ; 4.12162E-7
Tb164 ; 1.68001E-8 ; 1.07521E-8 ; 1.37001E-6 ; 8.76804E-7
Tb165 ; 4.78003E-8 ; 3.05922E-8 ; 2.06001E-6 ; 1.31841E-6
Tb166 ; 9.87006E-8 ; 6.31684E-8 ; 2.34001E-6 ; 1.49761E-6
Tb167 ; 1.69001E-7 ; 1.08161E-7 ; 1.99001E-6 ; 1.27361E-6
Tb168 ; 1.56001E-7 ; 9.98406E-8 ; 1.18001E-6 ; 7.55203E-7
Tb169 ; 9.93006E-8 ; 6.35524E-8 ; 6.16003E-7 ; 3.94242E-7
Tb170 ; 4.05003E-8 ; 2.59202E-8 ; 1.73001E-7 ; 1.1072E-7
Tb171 ; 1.20001E-8 ; 7.68005E-9 ; 4.26002E-8 ; 2.72641E-8
Tb172 ; 7.60005E-9 ; 4.86403E-9 ; 9.13004E-9 ; 5.84322E-9
Dy155 ; 0.0 ; 0.0 ; 0.0 ; 0.0
Dy156 ; 0.0 ; 0.0 ; 0.0 ; 0.0
Dy157 ; 0.0 ; 0.0 ; 0.0 ; 0.0
Dy158 ; 0.0 ; 0.0 ; 0.0 ; 0.0
Dy159 ; 0.0 ; 0.0 ; 7.75003E-14 ; 4.96002E-14
Dy160 ; 0.0 ; 0.0 ; 2.09001E-12 ; 1.33761E-12
Dy161 ; 1.37001E-14 ; 8.76806E-15 ; 3.11001E-11 ; 1.99041E-11
Dy162 ; 2.15001E-13 ; 1.37601E-13 ; 4.27002E-10 ; 2.73281E-10
Dy163 ; 3.87002E-12 ; 2.47682E-12 ; 3.30001E-9 ; 2.11201E-9
Dy164 ; 4.94003E-11 ; 3.16162E-11 ; 1.73001E-8 ; 1.1072E-8
Dy165 ; 3.54002E-10 ; 2.26561E-10 ; 5.98003E-8 ; 3.82722E-8
Dy165m ; 4.82003E-11 ; 3.08482E-11 ; 4.50002E-9 ; 2.88001E-9
Dy166 ; 2.61002E-9 ; 1.67041E-9 ; 1.77001E-7 ; 1.1328E-7
Dy167 ; 1.19001E-8 ; 7.61605E-9 ; 3.44001E-7 ; 2.20161E-7
Dy168 ; 3.16002E-8 ; 2.02241E-8 ; 4.65002E-7 ; 2.97601E-7
Dy169 ; 4.78003E-8 ; 3.05922E-8 ; 5.48002E-7 ; 3.50721E-7
Dy170 ; 5.43003E-8 ; 3.47522E-8 ; 3.38001E-7 ; 2.16321E-7
Dy171 ; 3.72002E-8 ; 2.38082E-8 ; 1.89001E-7 ; 1.20961E-7
Dy172 ; 6.61004E-8 ; 4.23043E-8 ; 9.20004E-8 ; 5.88803E-8
Ho159 ; 0.0 ; 0.0 ; 0.0 ; 0.0
Ho159m ; 0.0 ; 0.0 ; 0.0 ; 0.0
Ho161 ; 0.0 ; 0.0 ; 0.0 ; 0.0
Ho161m ; 0.0 ; 0.0 ; 0.0 ; 0.0
Ho162 ; 0.0 ; 0.0 ; 1.11E-14 ; 7.10403E-15
Ho162m ; 0.0 ; 0.0 ; 5.06002E-14 ; 3.23841E-14
Ho163 ; 0.0 ; 0.0 ; 1.18001E-12 ; 7.55203E-13
Ho163m ; 0.0 ; 0.0 ; 8.86004E-14 ; 5.67042E-14
Ho164 ; 0.0 ; 0.0 ; 3.07001E-12 ; 1.96481E-12
Ho164m ; 0.0 ; 0.0 ; 1.40001E-11 ; 8.96004E-12
Ho165 ; 1.30001E-13 ; 8.32005E-14 ; 1.65001E-10 ; 1.056E-10
Ho166 ; 6.54004E-13 ; 4.18563E-13 ; 2.07001E-10 ; 1.32481E-10
Ho166m ; 1.77001E-12 ; 1.13281E-12 ; 9.42004E-10 ; 6.02883E-10
Ho167 ; 3.75002E-11 ; 2.40002E-11 ; 5.56002E-9 ; 3.55842E-9
Ho168 ; 2.74002E-10 ; 1.75361E-10 ; 1.85001E-8 ; 1.18401E-8
Ho169 ; 1.29001E-9 ; 8.25605E-10 ; 5.22002E-8 ; 3.34081E-8
Ho170 ; 1.91001E-9 ; 1.22241E-9 ; 3.66002E-8 ; 2.34241E-8
Ho170m ; 1.91001E-9 ; 1.22241E-9 ; 3.66002E-8 ; 2.34241E-8
Ho171 ; 7.48005E-9 ; 4.78723E-9 ; 9.30004E-8 ; 5.95203E-8
Ho172 ; 3.12002E-8 ; 1.99681E-8 ; 9.96004E-8 ; 6.37443E-8
Er161 ; 0.0 ; 0.0 ; 0.0 ; 0.0
Er162 ; 0.0 ; 0.0 ; 0.0 ; 0.0
Er163 ; 0.0 ; 0.0 ; 0.0 ; 0.0
Er164 ; 0.0 ; 0.0 ; 0.0 ; 0.0
Er165 ; 0.0 ; 0.0 ; 3.11001E-14 ; 1.99041E-14
Er166 ; 0.0 ; 0.0 ; 5.74002E-13 ; 3.67362E-13
Er167 ; 0.0 ; 0.0 ; 6.61003E-12 ; 4.23042E-12
Er167m ; 0.0 ; 0.0 ; 4.97002E-13 ; 3.18081E-13
Er168 ; 1.76001E-13 ; 1.12641E-13 ; 6.14003E-11 ; 3.92962E-11
Er169 ; 2.37002E-12 ; 1.51681E-12 ; 4.42002E-10 ; 2.82881E-10
Er170 ; 2.37002E-11 ; 1.51681E-11 ; 1.52001E-9 ; 9.72804E-10
Er171 ; 1.26001E-10 ; 8.06405E-11 ; 4.70002E-9 ; 3.00801E-9
Er172 ; 1.62001E-9 ; 1.03681E-9 ; 1.17E-8 ; 7.48803E-9
Tm165 ; 0.0 ; 0.0 ; 0.0 ; 0.0
Tm166 ; 0.0 ; 0.0 ; 0.0 ; 0.0
Tm167 ; 0.0 ; 0.0 ; 0.0 ; 0.0
Tm168 ; 0.0 ; 0.0 ; 1.51001E-14 ; 9.66404E-15
Tm169 ; 0.0 ; 0.0 ; 2.84001E-13 ; 1.81761E-13
Tm170 ; 0.0 ; 0.0 ; 2.51001E-12 ; 1.60641E-12
Tm171 ; 8.52005E-14 ; 5.45283E-14 ; 2.01001E-11 ; 1.28641E-11
Tm172 ; 3.09002E-12 ; 1.97761E-12 ; 1.24001E-10 ; 7.93603E-11
Yb166 ; 0.0 ; 0.0 ; 0.0 ; 0.0
Yb167 ; 0.0 ; 0.0 ; 0.0 ; 0.0
Yb168 ; 0.0 ; 0.0 ; 0.0 ; 0.0
Yb169 ; 0.0 ; 0.0 ; 0.0 ; 0.0
Yb169m ; 0.0 ; 0.0 ; 0.0 ; 0.0
Yb170 ; 0.0 ; 0.0 ; 0.0 ; 0.0
Yb171 ; 0.0 ; 0.0 ; 0.0 ; 0.0
Yb172 ; 0.0 ; 0.0 ; 1.02E-13 ; 6.52803E-14
Lu169 ; 0.0 ; 0.0 ; 0.0 ; 0.0
Lu169m ; 0.0 ; 0.0 ; 0.0 ; 0.0
Lu171 ; 0.0 ; 0.0 ; 0.0 ; 0.0
Lu171m ; 0.0 ; 0.0 ; 0.0 ; 0.0
Lu172 ; 0.0 ; 0.0 ; 0.0 ; 0.0
Lu172m ; 0.0 ; 0.0 ; 0.0 ; 0.0
Hf171 ; 0.0 ; 0.0 ; 0.0 ; 0.0
Hf172 ; 0.0 ; 0.0 ; 0.0 ; 0.0
