Product , Th232  Fast (500 keV) 
Product ,  
Product , Yield 
Ti66 ,1.81562E-20
V66 ,9.64206E-16
V67 ,5.95247E-18
V68 ,7.11979E-19
V69 ,1.604E-19
Cr66 ,3.17896E-12
Cr67 ,5.55982E-13
Cr68 ,7.82975E-14
Cr69 ,1.49819E-14
Cr70 ,0
Cr71 ,2.78272E-18
Cr72 ,  
Mn66 ,5.14988E-10
Mn67 ,3.81991E-10
Mn68 ,1.62996E-10
Mn69 ,2.80844E-11
Mn70 ,2.28995E-12
Mn71 ,1.73993E-13
Mn72 ,1.66401E-15
Mn73 ,1.03847E-16
Mn74 ,4.37372E-18
Fe66 ,0.00000000742983
Fe67 ,0.0000000146997
Fe68 ,0.0000000240995
Fe69 ,0.0000000123997
Fe70 ,0.00000000416991
Fe71 ,9.99977E-10
Fe72 ,1.82994E-10
Fe73 ,9.69968E-12
Fe74 ,4.80985E-13
Fe75 ,5.08567E-15
Fe76 ,0
Fe77 ,6.45139E-17
Co66 ,0.00000000321993
Co67 ,0.0000000210995
Co68 ,0.0000000813982
Co69 ,0.000000148997
Co70 ,0.000000132997
Co71 ,0.000000128997
Co72 ,0.0000000686984
Co73 ,0.0000000156996
Co74 ,0.00000000238995
Co75 ,3.17988E-10
Co76 ,2.07995E-11
Co77 ,4.03381E-12
Co78 ,1.49125E-14
Co79 ,1.84945E-15
Ni66 ,1.61996E-10
Ni67 ,0.00000000281994
Ni68 ,0.0000000367992
Ni69 ,0.000000161996
Ni70 ,0.000000465989
Ni71 ,0.00000110997
Ni72 ,0.00000208995
Ni73 ,0.00000133997
Ni74 ,0.000000802982
Ni75 ,0.000000325993
Ni76 ,0.0000000926979
Ni77 ,0.0000000112957
Ni78 ,0.00000000163995
Ni79 ,1.72745E-10
Ni80 ,2.33995E-12
Ni81 ,4.78181E-14
Ni82 ,0
Cu66 ,1.48997E-13
Cu67 ,1.09998E-11
Cu68 ,1.09998E-10
Cu68m ,2.96993E-10
Cu69 ,0.00000000687984
Cu70 ,0.0000000109998
Cu70m ,0.0000000391991
Cu71 ,0.000000408991
Cu72 ,0.00000178996
Cu73 ,0.00000379991
Cu74 ,0.00000558987
Cu75 ,0.00000841981
Cu76 ,0.00000681985
Cu77 ,0.00000342992
Cu78 ,0.00000154997
Cu79 ,0.00000032382
Cu80 ,0.0000000344992
Cu81 ,0.00000000298988
Cu82 ,9.09979E-11
Cu83 ,1.06631E-12
Cu84 ,3.25528E-14
Zn66 ,0
Zn67 ,0
Zn68 ,3.29993E-13
Zn69 ,2.94993E-12
Zn69m ,1.43997E-11
Zn70 ,5.11988E-10
Zn71 ,0.00000000203995
Zn71m ,0.00000000996978
Zn72 ,0.000000191996
Zn73 ,0.00000103998
Zn74 ,0.00000501989
Zn75 ,0.0000179896
Zn76 ,0.0000491789
Zn77 ,0.0000636286
Zn78 ,0.000109188
Zn79 ,0.0000686085
Zn80 ,0.0000328193
Zn81 ,0.00000921979
Zn82 ,0.00000137997
Zn83 ,0.0000000995967
Zn84 ,0.00000000357989
Zn85 ,1.47932E-11
Zn86 ,5.23988E-13
Zn87 ,4.7786E-14
Ga66 ,0
Ga67 ,0
Ga68 ,0
Ga69 ,0
Ga70 ,8.43981E-14
Ga71 ,8.6598E-12
Ga72 ,2.29495E-10
Ga72m ,2.29495E-10
Ga73 ,0.00000000922979
Ga74 ,0.0000000609986
Ga74m ,0.0000000609986
Ga75 ,0.00000160996
Ga76 ,0.0000110398
Ga77 ,0.0000474689
Ga78 ,0.000194576
Ga79 ,0.0004324
Ga80 ,0.000580267
Ga81 ,0.000657445
Ga82 ,0.000322263
Ga83 ,0.000106668
Ga84 ,0.0000130097
Ga85 ,0.000000924964
Ga86 ,0.0000000317993
Ga87 ,0.00000000298788
Ga88 ,3.228E-12
Ga89 ,1.85516E-13
Ge66 ,0
Ge67 ,0
Ge68 ,0
Ge69 ,0
Ge70 ,0
Ge71 ,0
Ge71m ,0
Ge72 ,6.53985E-14
Ge73 ,4.11991E-12
Ge73m ,8.42981E-13
Ge74 ,2.32995E-10
Ge75 ,0.00000000112997
Ge75m ,0.00000000826981
Ge76 ,0.000000260994
Ge77 ,0.00000273994
Ge77m ,0.000000372992
Ge78 ,0.000045999
Ge79 ,0.000128977
Ge79m ,0.000128977
Ge80 ,0.00117951
Ge81 ,0.00326986
Ge82 ,0.00641465
Ge83 ,0.00619135
Ge84 ,0.00323928
Ge85 ,0.000773033
Ge86 ,0.000119507
Ge87 ,0.00000836682
Ge88 ,0.000000354989
Ge89 ,0.0000000173278
Ge90 ,8.46148E-12
Ge91 ,7.71084E-13
Ge92 ,4.80169E-14
As69 ,0
As71 ,0
As72 ,0
As73 ,0
As74 ,0
As74m ,0
As75 ,1.19997E-12
As76 ,1.05998E-10
As77 ,0.00000000543988
As78 ,0.000000241995
As79 ,0.00000556987
As80 ,0.0000747983
As81 ,0.000760163
As82 ,0.00187787
As82m ,0.00187883
As83 ,0.0126662
As84 ,0.00865663
As84m ,0.00865663
As85 ,0.0165978
As86 ,0.0074772
As87 ,0.00230478
As88 ,0.000323283
As89 ,0.0000324819
As90 ,0.000000449357
As91 ,0.000000048213
As92 ,0.00000000254999
As93 ,1.86601E-12
As94 ,6.41963E-14
Se72 ,0
Se73 ,0
Se73m ,0
Se74 ,0
Se75 ,0
Se76 ,0
Se77 ,5.70987E-14
Se77m ,4.18991E-13
Se78 ,8.53981E-11
Se79 ,0.00000000610986
Se79m ,8.32981E-10
Se80 ,0.000000406991
Se81 ,0.00000150997
Se81m ,0.0000110797
Se82 ,0.000264834
Se83 ,0.0021685
Se83m ,0.000419221
Se84 ,0.0108995
Se85 ,0.0150604
Se85m ,0.0150604
Se86 ,0.0468245
Se87 ,0.0390855
Se88 ,0.0220921
Se89 ,0.00687398
Se90 ,0.00148152
Se91 ,0.000135009
Se92 ,0.00000840726
Se93 ,0.000000174291
Se94 ,0.00000000705978
Se95 ,5.66255E-12
Se96 ,5.87987E-13
Se97 ,4.162E-14
Br75 ,0
Br77 ,0
Br77m ,0
Br78 ,0
Br79 ,3.56992E-14
Br79m ,1.33997E-13
Br80 ,7.59983E-12
Br80m ,2.68994E-11
Br81 ,0.0000000044599
Br82 ,0.000000838981
Br82m ,0.000000148997
Br83 ,0.0000147597
Br84 ,0.0000714884
Br84m ,0.000151917
Br85 ,0.00226435
Br86 ,0.00457201
Br86m ,0.00457201
Br87 ,0.0265675
Br88 ,0.0381986
Br89 ,0.0432875
Br90 ,0.0261963
Br91 ,0.00994884
Br92 ,0.00196719
Br93 ,0.000326718
Br94 ,0.0000247694
Br95 ,0.000000354058
Br96 ,0.0000000320993
Br97 ,0.00000000260235
Br98 ,2.85519E-12
Br99 ,2.04571E-13
Br100 ,  
Kr77 ,0
Kr78 ,0
Kr79 ,0
Kr79m ,0
Kr80 ,0
Kr81 ,6.81985E-14
Kr81m ,0
Kr82 ,3.09993E-11
Kr83 ,0.00000000374992
Kr83m ,7.68983E-10
Kr84 ,0.000000313993
Kr85 ,0.00000994978
Kr85m ,0.00000203995
Kr86 ,0.000165916
Kr87 ,0.00154161
Kr88 ,0.00846922
Kr89 ,0.0245087
Kr90 ,0.0533862
Kr91 ,0.0523627
Kr92 ,0.0392251
Kr93 ,0.0183833
Kr94 ,0.0059695
Kr95 ,0.000991454
Kr96 ,0.000108668
Kr97 ,0.00000728723
Kr98 ,0.00000031399
Kr99 ,0.0000000191076
Kr100 ,0
Kr101 ,0
Kr102 ,0
Kr103 ,0
Kr104 ,0
Rb79 ,0
Rb81 ,0
Rb83 ,2.67994E-14
Rb84 ,6.52985E-12
Rb85 ,0.00000000129997
Rb86 ,0.0000000283494
Rb86m ,0.0000000283494
Rb87 ,0.00000242995
Rb88 ,0.000045349
Rb89 ,0.000558177
Rb90 ,0.000550988
Rb90m ,0.00267283
Rb91 ,0.0119714
Rb92 ,0.0256298
Rb93 ,0.0382276
Rb94 ,0.0310245
Rb95 ,0.0200241
Rb96 ,0.00617122
Rb97 ,0.00175505
Rb98 ,0.000232475
Rb99 ,0.0000358183
Rb100 ,2.71994E-11
Rb101 ,5.02469E-14
Rb102 ,2.10261E-15
Rb103 ,2.18086E-16
Rb104 ,1.41562E-18
Rb105 ,0
Rb106 ,4.8521E-15
Sr83 ,0
Sr84 ,0
Sr85 ,0
Sr85m ,0
Sr86 ,1.19997E-12
Sr87 ,1.49997E-10
Sr87m ,3.05993E-11
Sr88 ,0.0000000159996
Sr89 ,0.000000685985
Sr90 ,0.0000176096
Sr91 ,0.000208025
Sr92 ,0.00200978
Sr93 ,0.00717213
Sr94 ,0.0203915
Sr95 ,0.0340647
Sr96 ,0.0353758
Sr97 ,0.0264104
Sr98 ,0.013152
Sr99 ,0.00349992
Sr100 ,0.0000221695
Sr101 ,0.00000122997
Sr102 ,0.0000000605986
Sr103 ,0.00000000533844
Sr104 ,4.07991E-11
Sr105 ,1.40765E-15
Sr106 ,5.33594E-10
Sr107 ,1.93752E-14
Sr108 ,9.42068E-15
Sr109 ,1.79562E-15
Y85 ,0
Y87 ,0
Y88 ,8.06982E-14
Y89 ,2.83994E-12
Y89m ,1.38997E-11
Y90 ,7.14984E-10
Y90m ,7.14984E-10
Y91 ,0.000000042249
Y91m ,0.000000042249
Y92 ,0.00000234995
Y93 ,0.0000223845
Y93m ,0.0000223845
Y94 ,0.000378571
Y95 ,0.00243444
Y96 ,0.000574087
Y96m ,0.00580395
Y97 ,0.00781331
Y97m ,0.00781331
Y98 ,0.00966979
Y98m ,0.00966754
Y99 ,0.0176994
Y100 ,0.00494263
Y101 ,0.00141849
Y102 ,0.000258034
Y103 ,0.0000367138
Y104 ,0.0000042699
Y105 ,0.0000000230665
Y106 ,0.000000849552
Y107 ,0.00000000121146
Y108 ,5.00296E-10
Y109 ,1.12274E-10
Y110 ,1.61855E-14
Y111 ,2.17309E-15
Zr87 ,0
Zr88 ,0
Zr89 ,0
Zr90 ,0
Zr90m ,0
Zr91 ,1.50997E-12
Zr92 ,2.01995E-10
Zr93 ,0.0000000131997
Zr94 ,0.000000523988
Zr95 ,0.0000108898
Zr96 ,0.000116677
Zr97 ,0.000863551
Zr98 ,0.00371189
Zr99 ,0.008454
Zr100 ,0.00874783
Zr101 ,0.00561358
Zr102 ,0.003259
Zr103 ,0.00129743
Zr104 ,0.000634206
Zr105 ,0.000236972
Zr106 ,0.0000977377
Zr107 ,0.00000339239
Zr108 ,0.00000164946
Zr109 ,0.000000314395
Zr110 ,0.00000000177994
Zr111 ,2.02974E-10
Zr112 ,2.69489E-14
Zr113 ,4.07885E-15
Nb89 ,0
Nb90 ,0
Nb91 ,0
Nb92 ,0
Nb93 ,6.25986E-14
Nb93m ,1.27997E-14
Nb94 ,6.62985E-12
Nb94m ,3.88991E-12
Nb95 ,8.7898E-10
Nb95m ,1.79996E-10
Nb96 ,0.00000177996
Nb97 ,0.000000952978
Nb97m ,0.000000194996
Nb98 ,0.0000121697
Nb98m ,0.00000342992
Nb99 ,0.0000113897
Nb99m ,0.000130937
Nb100 ,0.0000176196
Nb100m ,0.0000176196
Nb101 ,0.000101968
Nb102 ,0.0000803182
Nb102m ,0.0000803182
Nb103 ,0.000219005
Nb104 ,0.000125657
Nb104m ,0.000125657
Nb105 ,0.000285784
Nb106 ,0.000281834
Nb107 ,0.000221901
Nb108 ,0.0000850481
Nb109 ,0.000020565
Nb110 ,0.00000212995
Nb111 ,0.000000380485
Nb112 ,0.00000000143115
Nb113 ,2.55035E-10
Nb114 ,9.54761E-14
Nb115 ,5.82267E-15
Nb116 ,  
Mo90 ,0
Mo91 ,0
Mo92 ,0
Mo93 ,0
Mo93m ,0
Mo94 ,0
Mo95 ,0
Mo96 ,6.84985E-13
Mo97 ,7.53983E-11
Mo98 ,0.0000000044799
Mo99 ,0.000000128997
Mo100 ,1.82996E-10
Mo101 ,0.00000000228995
Mo102 ,0.0000000194996
Mo103 ,0.000000106998
Mo104 ,0.000000654985
Mo105 ,0.00000263994
Mo106 ,0.000107778
Mo107 ,0.000272324
Mo108 ,0.00045012
Mo109 ,0.000364862
Mo110 ,0.000187706
Mo111 ,0.0000371785
Mo112 ,0.00000471846
Mo113 ,0.000000714164
Mo114 ,0.0000000104997
Mo115 ,5.43858E-10
Mo116 ,4.14991E-12
Mo117 ,1.93542E-14
Mo118 ,1.53586E-15
Mo119 ,  
Tc93 ,0
Tc95 ,0
Tc95m ,0
Tc97 ,0
Tc97m ,0
Tc98 ,1.81996E-14
Tc99 ,1.94996E-12
Tc99m ,3.99991E-13
Tc100 ,0
Tc101 ,0
Tc102 ,0
Tc102m ,0
Tc103 ,1.64996E-14
Tc104 ,4.3499E-13
Tc105 ,1.05998E-11
Tc106 ,0.000000982978
Tc107 ,0.0000130797
Tc108 ,0.0000743083
Tc109 ,0.000257854
Tc110 ,0.000405911
Tc111 ,0.000356702
Tc112 ,0.000155806
Tc113 ,0.0000467145
Tc114 ,0.00000632986
Tc115 ,0.00000101949
Tc116 ,0.0000000387991
Tc117 ,0.00000000121014
Tc118 ,8.15634E-11
Tc119 ,1.43459E-13
Tc120 ,4.40099E-15
Tc121 ,2.98538E-16
Tc122 ,  
Ru95 ,0
Ru96 ,0
Ru97 ,0
Ru98 ,0
Ru99 ,0
Ru100 ,0
Ru101 ,0
Ru102 ,0
Ru103 ,0
Ru104 ,0
Ru105 ,0
Ru106 ,6.48985E-10
Ru107 ,0.0000000377991
Ru108 ,0.00000122997
Ru109 ,0.00000795482
Ru109m ,0.00000795482
Ru110 ,0.000117137
Ru111 ,0.000311513
Ru112 ,0.000559367
Ru113 ,0.000501609
Ru114 ,0.000296903
Ru115 ,0.0000996177
Ru116 ,0.0000237795
Ru117 ,0.00000338871
Ru118 ,0.000000268912
Ru119 ,0.0000000133996
Ru120 ,4.83985E-10
Ru121 ,2.78845E-11
Ru122 ,4.4299E-14
Ru123 ,4.01416E-16
Ru124 ,0
Ru125 ,  
Rh99 ,0
Rh101 ,0
Rh101m ,0
Rh102 ,0
Rh102m ,0
Rh103 ,0
Rh103m ,0
Rh104 ,0
Rh104m ,0
Rh105 ,0
Rh105m ,0
Rh106 ,0
Rh106m ,0
Rh107 ,2.30995E-12
Rh108 ,1.70996E-10
Rh108m ,1.70996E-10
Rh109 ,0.0000000129997
Rh109m ,0.0000000129997
Rh110 ,0.000000386991
Rh110m ,0.000000386991
Rh111 ,0.0000103898
Rh112 ,0.0000620586
Rh113 ,0.000223435
Rh114 ,0.000370592
Rh115 ,0.00046238
Rh116 ,0.000282964
Rh117 ,0.000149707
Rh118 ,0.0000356692
Rh119 ,0.00000748983
Rh120 ,0.000000846981
Rh121 ,0.0000000522709
Rh122 ,0.00000000127997
Rh123 ,2.5099E-11
Rh124 ,2.37995E-13
Rh125 ,2.13047E-15
Rh126 ,  
Rh127 ,  
Rh128 ,  
Pd99 ,0
Pd101 ,0
Pd102 ,0
Pd103 ,0
Pd104 ,0
Pd105 ,0
Pd106 ,0
Pd107 ,0
Pd107m ,0
Pd108 ,0
Pd109 ,6.17986E-13
Pd109m ,1.36997E-12
Pd110 ,3.60992E-10
Pd111 ,0.00000000619986
Pd111m ,0.0000000137997
Pd112 ,0.000000652985
Pd113 ,0.00000816982
Pd114 ,0.0000601686
Pd115 ,0.000203885
Pd116 ,0.000413751
Pd117 ,0.000509698
Pd118 ,0.0004314
Pd119 ,0.000240075
Pd120 ,0.000106198
Pd121 ,0.0000207995
Pd122 ,0.00000232995
Pd123 ,0.000000154997
Pd124 ,0.00000000727984
Pd125 ,1.98993E-10
Pd126 ,0
Pd127 ,0
Pd128 ,0
Pd129 ,0
Pd130 ,0
Pd131 ,3.1058E-14
Ag103 ,0
Ag105 ,0
Ag105m ,0
Ag106 ,0
Ag106m ,0
Ag107 ,0
Ag107m ,0
Ag108 ,0
Ag108m ,0
Ag109 ,0
Ag109m ,0
Ag110 ,0
Ag110m ,0
Ag111 ,9.61978E-14
Ag111m ,7.05984E-13
Ag112 ,1.25997E-10
Ag113 ,8.9798E-10
Ag113m ,0.00000000658985
Ag114 ,0.000000205995
Ag115 ,0.00000155996
Ag115m ,0.00000155996
Ag116 ,0.0000086998
Ag116m ,0.0000086998
Ag117 ,0.0000373192
Ag117m ,0.0000373192
Ag118 ,0.0000794082
Ag118m ,0.0000794082
Ag119 ,0.000291653
Ag120 ,0.000156126
Ag120m ,0.000156126
Ag121 ,0.000229135
Ag122 ,0.0000372392
Ag122m ,0.0000372392
Ag123 ,0.0000212495
Ag124 ,0.00000334992
Ag125 ,0.00000045599
Ag126 ,3.73992E-11
Ag127 ,4.4199E-12
Ag128 ,2.35995E-13
Ag129 ,3.69294E-15
Ag130 ,0
Ag131 ,0.00000000194194
Ag132 ,5.62854E-12
Ag133 ,2.5527E-13
Cd105 ,0
Cd106 ,0
Cd107 ,0
Cd108 ,0
Cd109 ,0
Cd110 ,0
Cd111 ,0
Cd111m ,0
Cd112 ,0
Cd113 ,6.61985E-14
Cd113m ,2.48994E-13
Cd114 ,4.78989E-11
Cd115 ,5.34988E-10
Cd115m ,0.00000000200995
Cd116 ,0.0000000611986
Cd117 ,0.000000159996
Cd117m ,0.000000600986
Cd118 ,0.00000662985
Cd119 ,0.0000163796
Cd119m ,0.0000163796
Cd120 ,0.000122797
Cd121 ,0.000114577
Cd121m ,0.000114577
Cd122 ,0.000260144
Cd123 ,0.000194366
Cd124 ,0.000122527
Cd125 ,0.0000534888
Cd126 ,0.00000550988
Cd127 ,0.00000223995
Cd128 ,0.000000625986
Cd129 ,0.000000090398
Cd130 ,0.0000000295993
Cd131 ,0.00000543794
Cd132 ,0.00000061898
Cd133 ,0.0000000238431
Cd134 ,1.97996E-10
Cd135 ,9.2666E-13
Cd136 ,0
In107 ,0
In109 ,0
In111 ,0
In112 ,0
In112m ,0
In113 ,0
In113m ,0
In114 ,0
In114m ,0
In115 ,3.44992E-14
In115m ,0
In116 ,1.09998E-12
In116m ,1.09998E-12
In116n ,1.09998E-12
In117 ,1.37997E-10
In117m ,2.82994E-11
In118 ,0.00000000388991
In118m ,5.49988E-10
In118n ,5.49988E-10
In119 ,0.000000086798
In119m ,0.0000000177996
In120 ,0.000000385325
In120m ,0.000000385325
In120n ,0.000000385325
In121 ,0.00000738983
In121m ,0.00000150997
In122 ,0.00000934646
In122m ,0.00000934646
In122n ,0.00000934646
In123 ,0.0000626786
In123m ,0.0000128397
In124 ,0.0000615186
In124m ,0.0000615186
In125 ,0.000100758
In125m ,0.000100758
In126 ,0.000143482
In126m ,0.000143482
In127 ,0.000224045
In127m ,0.000224045
In128 ,0.000199381
In128m ,0.000199381
In129 ,0.000134797
In129m ,0.000134797
In130 ,0.000103394
In130m ,0.000103394
In130n ,0.000103394
In131 ,0.000485979
In131m ,0.000485979
In132 ,0.000348642
In133 ,0.0000446951
In134 ,0.00000205995
In135 ,0.0000000579406
In136 ,7.19984E-10
In137 ,1.69153E-12
In138 ,9.91133E-14
Sn111 ,0
Sn112 ,0
Sn113 ,0
Sn113m ,0
Sn114 ,0
Sn115 ,0
Sn116 ,0
Sn117 ,0
Sn117m ,0
Sn118 ,2.38995E-13
Sn119 ,3.39992E-12
Sn119m ,1.27997E-11
Sn120 ,7.89982E-10
Sn121 ,0.00000000527988
Sn121m ,0.0000000149997
Sn122 ,0.000000285994
Sn123 ,0.00000174996
Sn123m ,0.000000613986
Sn124 ,0.0000157896
Sn125 ,0.0000541488
Sn125m ,0.0000190296
Sn126 ,0.000187146
Sn127 ,0.000416181
Sn127m ,0.000146227
Sn128 ,0.000695944
Sn128m ,0.000695944
Sn129 ,0.00164828
Sn129m ,0.000524418
Sn130 ,0.00421451
Sn130m ,0.00421451
Sn131 ,0.00559507
Sn131m ,0.00559507
Sn132 ,0.0153674
Sn133 ,0.00617616
Sn134 ,0.0013946
Sn135 ,0.000162248
Sn136 ,0.00000947979
Sn137 ,0.000000157995
Sn138 ,0.0000000108997
Sn139 ,2.97464E-11
Sn140 ,1.11233E-12
Sn141 ,2.50196E-13
Sb113 ,0
Sb115 ,0
Sb117 ,0
Sb118 ,0
Sb118m ,0
Sb119 ,0
Sb120 ,0
Sb120m ,0
Sb121 ,9.70978E-13
Sb122 ,2.02995E-11
Sb122m ,2.68994E-11
Sb123 ,0.00000000181996
Sb124 ,0.0000000137997
Sb124m ,0.0000000137997
Sb124n ,0.0000000137997
Sb125 ,0.00000089398
Sb126 ,0.0000000695984
Sb126m ,0.0000000480489
Sb126n ,0.0000000480489
Sb127 ,0.00000203995
Sb128 ,0.0000223395
Sb128m ,0.0000086498
Sb129 ,0.0000790282
Sb130 ,0.000294573
Sb130m ,0.000406791
Sb131 ,0.00389329
Sb132 ,0.00506379
Sb132m ,0.0044855
Sb133 ,0.0224118
Sb134 ,0.00908465
Sb134m ,0.00908465
Sb135 ,0.00954165
Sb136 ,0.00193875
Sb137 ,0.000147097
Sb138 ,0.0000345592
Sb139 ,0.00000185993
Sb140 ,0.0000000590713
Sb141 ,0.0000000156438
Sb142 ,5.56489E-12
Sb143 ,4.06715E-13
Te115 ,0
Te117 ,0
Te118 ,0
Te119 ,0
Te120 ,0
Te121 ,0
Te121m ,0
Te122 ,0
Te123 ,1.34997E-14
Te123m ,5.08989E-14
Te124 ,7.28984E-12
Te125 ,1.20997E-10
Te125m ,4.5399E-10
Te126 ,1.53997E-13
Te127 ,1.64996E-12
Te127m ,4.68989E-12
Te128 ,2.47994E-10
Te129 ,0.00000000167996
Te129m ,0.00000000478989
Te130 ,0.000000254994
Te131 ,0.0000383091
Te131m ,0.000109038
Te132 ,0.003466
Te133 ,0.00295736
Te133m ,0.00845549
Te134 ,0.0311429
Te135 ,0.037851
Te136 ,0.0343629
Te137 ,0.00752594
Te138 ,0.00754581
Te139 ,0.00131162
Te140 ,0.000194757
Te141 ,0.0000438068
Te142 ,0.000000611981
Te143 ,0.0000000379886
Te144 ,1.33804E-11
Te145 ,1.12871E-12
Te146 ,7.63932E-14
I121 ,0
I123 ,0
I125 ,0
I126 ,0
I127 ,0
I128 ,0
I129 ,0
I130 ,1.15997E-14
I130m ,0
I131 ,0.000000197996
I132 ,0.000487254
I132m ,0.000487254
I133 ,0.0000801082
I133m ,0.0000801082
I134 ,0.000704874
I134m ,0.000621406
I135 ,0.0083893
I136 ,0.00900682
I136m ,0.00900682
I137 ,0.0136318
I138 ,0.035962
I139 ,0.0241538
I140 ,0.0103731
I141 ,0.00286546
I142 ,0.00042332
I143 ,0.0000712116
I144 ,0.000000710584
I145 ,0.0000000705739
I146 ,0.00000000405694
I147 ,6.56648E-13
I148 ,8.10183E-14
Xe124 ,0
Xe125 ,0
Xe125m ,0
Xe126 ,0
Xe127 ,0
Xe127m ,0
Xe128 ,0
Xe129 ,0
Xe129m ,0
Xe130 ,0
Xe131 ,2.25995E-12
Xe131m ,6.41986E-12
Xe132 ,0.00000000156996
Xe133 ,0.0000000312993
Xe133m ,0.000000089098
Xe134 ,0.00000136997
Xe134m ,0.00000370992
Xe135 ,0.0000265294
Xe135m ,0.0000755083
Xe136 ,0.00112264
Xe137 ,0.00238892
Xe138 ,0.0208291
Xe139 ,0.0447613
Xe140 ,0.0572887
Xe141 ,0.0412373
Xe142 ,0.0224944
Xe143 ,0.00347916
Xe143m ,0.00347916
Xe144 ,0.00234278
Xe145 ,0.000197625
Xe146 ,0.0000133756
Xe147 ,0.0000000613332
Xe148 ,0.00000000890972
Xe149 ,1.98429E-12
Xe150 ,2.81994E-13
Xe151 ,1.83811E-14
Cs127 ,0
Cs129 ,0
Cs131 ,0
Cs132 ,0
Cs133 ,1.82996E-12
Cs134 ,1.51997E-10
Cs134m ,1.51997E-10
Cs135 ,0.0000000157996
Cs135m ,0.0000000157996
Cs136 ,0.000000814982
Cs136m ,0.000000814982
Cs137 ,0.0336017
Cs138 ,0.000183236
Cs138m ,0.000183236
Cs139 ,0.00233923
Cs140 ,0.0110644
Cs141 ,0.0290297
Cs142 ,0.0352723
Cs143 ,0.0407129
Cs144 ,0.0296205
Cs145 ,0.00990344
Cs146 ,0.00202793
Cs147 ,0.000114972
Cs148 ,0.0000198796
Cs149 ,0.00000012407
Cs150 ,0.0000000103998
Cs151 ,0.0000000011493
Cs152 ,1.25483E-13
Cs153 ,2.02641E-15
Cs154 ,4.95566E-18
Ba129 ,0
Ba131 ,0
Ba132 ,0
Ba133 ,0
Ba134 ,0
Ba135 ,2.21995E-13
Ba135m ,2.21995E-13
Ba136 ,2.35995E-10
Ba136m ,2.35995E-10
Ba137 ,0.00000000110997
Ba137m ,0.00000000316993
Ba138 ,0.00000044899
Ba139 ,0.0000101398
Ba140 ,0.000166266
Ba141 ,0.00192148
Ba142 ,0.00641639
Ba143 ,0.0183028
Ba144 ,0.0448877
Ba145 ,0.0378613
Ba146 ,0.0275656
Ba147 ,0.0112343
Ba148 ,0.00312883
Ba149 ,0.000347428
Ba150 ,0.0000241895
Ba151 ,0.00000321833
Ba152 ,0.0000000137996
Ba153 ,1.89273E-10
Ba154 ,5.44983E-13
Ba155 ,1.00482E-15
Ba156 ,6.96559E-17
La133 ,0
La135 ,0
La137 ,2.19995E-14
La138 ,8.10982E-12
La139 ,8.7298E-10
La140 ,0.0000000484989
La141 ,0.00000180996
La142 ,0.0000250094
La143 ,0.000296663
La144 ,0.00203214
La145 ,0.00645251
La146 ,0.00783587
La146m ,0.00783587
La147 ,0.0162398
La148 ,0.0112106
La149 ,0.00472319
La150 ,0.000965628
La151 ,0.000210516
La152 ,0.00000753983
La153 ,0.000000354803
La154 ,0.0000000045799
La155 ,6.28276E-11
La156 ,3.69916E-12
La157 ,2.52659E-15
La158 ,4.54648E-17
La159 ,8.04855E-19
Ce135 ,0
Ce137 ,0
Ce138 ,0
Ce139 ,0
Ce139m ,0
Ce140 ,8.42981E-13
Ce141 ,1.07998E-10
Ce142 ,0.00000000649985
Ce143 ,0.000000238995
Ce144 ,0.00000767983
Ce145 ,0.0000717584
Ce146 ,0.000534658
Ce147 ,0.00218828
Ce148 ,0.00557099
Ce149 ,0.00553944
Ce150 ,0.00409085
Ce151 ,0.00231716
Ce152 ,0.000322103
Ce153 ,0.000045949
Ce154 ,0.00000253994
Ce155 ,0.000000175933
Ce156 ,0.000000012196
Ce157 ,2.35992E-10
Ce158 ,4.99984E-12
Ce159 ,7.51762E-14
Ce160 ,0
Ce161 ,7.42196E-19
Pr139 ,0
Pr140 ,0
Pr141 ,0
Pr142 ,1.22997E-14
Pr142m ,1.22997E-14
Pr143 ,4.13991E-12
Pr144 ,3.93991E-11
Pr144m ,3.97991E-10
Pr145 ,0.0000000189996
Pr146 ,0.00000046099
Pr147 ,0.00000847981
Pr148 ,0.0000329393
Pr148m ,0.0000329393
Pr149 ,0.000274354
Pr150 ,0.000538658
Pr151 ,0.00106538
Pr152 ,0.000370512
Pr153 ,0.000188406
Pr154 ,0.0000275894
Pr155 ,0.00000751983
Pr156 ,0.00000156996
Pr157 ,0.000000127997
Pr158 ,0.00000000817982
Pr159 ,1.40922E-10
Pr160 ,4.12991E-12
Pr161 ,4.64067E-14
Pr162 ,5.10115E-17
Pr163 ,1.34894E-18
Nd140 ,0
Nd141 ,0
Nd142 ,0
Nd143 ,0
Nd144 ,0
Nd145 ,2.32995E-13
Nd146 ,3.24993E-11
Nd147 ,0.00000000161996
Nd148 ,0.0000000572987
Nd149 ,0.000000791982
Nd150 ,0.00000689984
Nd151 ,0.0000401791
Nd152 ,0.0000551088
Nd153 ,0.0000743683
Nd154 ,0.0000371892
Nd155 ,0.0000248994
Nd156 ,0.0000184496
Nd157 ,0.00000397991
Nd158 ,0.000000960978
Nd159 ,0.0000000491989
Nd160 ,0.00000000611986
Nd161 ,1.29951E-10
Nd162 ,5.60982E-12
Nd163 ,1.25996E-13
Nd164 ,0
Nd165 ,1.04912E-18
Nd166 ,1.67288E-20
Nd167 ,8.96344E-22
Pm141 ,0
Pm143 ,0
Pm144 ,0
Pm145 ,0
Pm146 ,0
Pm147 ,0
Pm148 ,1.95996E-13
Pm148m ,5.29988E-13
Pm149 ,4.70989E-11
Pm150 ,0.00000000144997
Pm151 ,0.0000000380991
Pm152 ,0.000000056932
Pm152m ,0.000000056932
Pm152n ,0.000000056932
Pm153 ,0.000000999977
Pm154 ,0.000000713984
Pm154m ,0.000000713984
Pm155 ,0.00000353992
Pm156 ,0.00000660985
Pm157 ,0.00000469989
Pm158 ,0.00000266994
Pm159 ,0.000000480989
Pm160 ,0.000000161996
Pm161 ,0.0000000136997
Pm162 ,0.00000000171996
Pm163 ,1.65996E-10
Pm164 ,6.49985E-12
Pm165 ,6.55975E-14
Pm166 ,8.88404E-16
Pm167 ,5.6045E-17
Pm168 ,  
Pm169 ,1.19301E-21
Sm143 ,0
Sm143m ,0
Sm144 ,0
Sm145 ,0
Sm146 ,0
Sm147 ,0
Sm148 ,0
Sm149 ,0
Sm150 ,1.86996E-14
Sm151 ,1.21997E-12
Sm152 ,3.57992E-11
Sm153 ,7.12984E-10
Sm154 ,0.0000000045399
Sm155 ,0.0000000349992
Sm156 ,0.000000266994
Sm157 ,0.000000512988
Sm158 ,0.000000993978
Sm159 ,0.00000043199
Sm160 ,0.000000479989
Sm161 ,0.0000000992978
Sm162 ,0.000000043599
Sm163 ,0.0000000116997
Sm164 ,0.00000000178996
Sm165 ,5.48988E-11
Sm166 ,2.92905E-12
Sm167 ,1.5694E-13
Sm168 ,0
Sm169 ,1.11431E-16
Sm170 ,0
Sm171 ,1.09046E-21
Sm172 ,5.7666E-23
Eu147 ,0
Eu149 ,0
Eu151 ,0
Eu152 ,0
Eu152m ,0
Eu152n ,0
Eu153 ,1.10997E-14
Eu154 ,1.09998E-13
Eu154m ,1.09998E-13
Eu155 ,7.79982E-12
Eu156 ,2.02995E-10
Eu157 ,0.00000000157996
Eu158 ,0.0000000087798
Eu159 ,0.0000000147997
Eu160 ,0.000000043499
Eu161 ,0.0000000309993
Eu162 ,0.0000000315993
Eu163 ,0.0000000280994
Eu164 ,0.0000000103998
Eu165 ,0.00000000117997
Eu166 ,1.71996E-10
Eu167 ,3.77991E-11
Eu168 ,3.54992E-12
Eu169 ,2.08884E-13
Eu170 ,0
Eu171 ,6.81822E-17
Eu172 ,3.06242E-18
Gd147 ,0
Gd149 ,0
Gd151 ,0
Gd152 ,0
Gd153 ,0
Gd154 ,0
Gd155 ,0
Gd156 ,0
Gd157 ,2.36995E-13
Gd158 ,5.59987E-12
Gd159 ,2.94993E-11
Gd160 ,3.63992E-10
Gd161 ,7.51983E-10
Gd162 ,0.00000000283994
Gd163 ,0.00000000649985
Gd164 ,0.00000000795982
Gd165 ,0.00000000213995
Gd166 ,0.00000000101998
Gd167 ,5.68987E-10
Gd168 ,1.94996E-10
Gd169 ,3.28993E-11
Gd170 ,3.28993E-12
Gd171 ,1.90928E-13
Gd172 ,1.00967E-14
Tb151 ,0
Tb153 ,0
Tb155 ,0
Tb156 ,0
Tb156m ,0
Tb157 ,0
Tb158 ,0
Tb158m ,0
Tb159 ,0
Tb160 ,4.86989E-14
Tb161 ,4.4199E-13
Tb162 ,2.48994E-12
Tb162m ,2.48994E-12
Tb163 ,4.72989E-11
Tb164 ,1.59996E-10
Tb165 ,1.60996E-10
Tb166 ,1.87996E-10
Tb167 ,3.50992E-10
Tb168 ,2.78994E-10
Tb169 ,1.59996E-10
Tb170 ,4.02991E-11
Tb171 ,8.9598E-12
Tb172 ,1.34997E-12
Dy155 ,0
Dy156 ,0
Dy157 ,0
Dy158 ,0
Dy159 ,0
Dy160 ,0
Dy161 ,0
Dy162 ,0
Dy163 ,1.74996E-14
Dy164 ,2.49994E-13
Dy165 ,6.74985E-13
Dy165m ,9.19979E-14
Dy166 ,3.54992E-12
Dy167 ,1.85996E-11
Dy168 ,5.23988E-11
Dy169 ,7.45983E-11
Dy170 ,6.05986E-11
Dy171 ,3.21993E-11
Dy172 ,1.62996E-11
Ho159 ,0
Ho159m ,0
Ho161 ,0
Ho161m ,0
Ho162 ,0
Ho162m ,0
Ho163 ,0
Ho163m ,0
Ho164 ,0
Ho164m ,0
Ho165 ,0
Ho166 ,0
Ho166m ,0
Ho167 ,2.55994E-14
Ho168 ,2.10995E-13
Ho169 ,1.20997E-12
Ho170 ,1.30997E-12
Ho170m ,1.30997E-12
Ho171 ,4.99989E-12
Ho172 ,5.98986E-12
Er161 ,0
Er162 ,0
Er163 ,0
Er164 ,0
Er165 ,0
Er166 ,0
Er167 ,0
Er167m ,0
Er168 ,0
Er169 ,0
Er170 ,0
Er171 ,5.43988E-14
Er172 ,2.49994E-13
Tm165 ,0
Tm166 ,0
Tm167 ,0
Tm168 ,0
Tm169 ,0
Tm170 ,0
Tm171 ,0
Tm172 ,0
Yb166 ,0
Yb167 ,0
Yb168 ,0
Yb169 ,0
Yb169m ,0
Yb170 ,0
Yb171 ,0
Yb172 ,0
Lu169 ,0
Lu169m ,0
Lu171 ,0
Lu171m ,0
Lu172 ,0
Lu172m ,0
Hf171 ,0
Hf172 ,0
