Janis-endf-friendly-name,z,n,massExcess(keV)
Neutron,0,1,8070
H1,1,0,7280
H2,1,1,13100
H3,1,2,14900
H4,1,3,24600
H5,1,4,32800
H6,1,5,41800
H7,1,6,49100
He3,2,1,14900
He4,2,2,2420
He5,2,3,11200
He6,2,4,17500
He7,2,5,26000
He8,2,6,31600
He9,2,7,40900
He10,2,8,49100
Li4,3,1,25300
Li5,3,2,11600
Li6,3,3,14000
Li7,3,4,14900
Li8,3,5,20900
Li9,3,6,24900
Li10,3,7,33000
Li11,3,8,40700
Li12,3,9,49000
Li13,3,10,56900
Be6,4,2,18300
Be7,4,3,15700
Be8,4,4,4940
Be9,4,5,11300
Be10,4,6,12600
Be11,4,7,20100
Be12,4,8,25000
Be13,4,9,33600
Be15,4,11,49800
Be16,4,12,57400
Be14,4,10,39900
B17,5,12,43700
B18,5,13,51700
B19,5,14,59700
B20,5,15,69400
B21,5,16,78300
B15,5,10,28900
B16,5,11,37100
B7,5,2,27600
B8,5,3,22900
B9,5,4,12400
B10,5,5,12000
B11,5,6,8660
B12,5,7,13300
B13,5,8,16500
B14,5,9,23600
C8,6,2,35000
C9,6,3,28900
C10,6,4,15600
C11,6,5,10600
C12,6,6,0
C13,6,7,3120
C14,6,8,3010
C15,6,9,9870
C20,6,14,37500
C19,6,13,32400
C22,6,16,53600
C16,6,10,13600
C18,6,12,24900
C17,6,11,21000
N22,7,15,31700
N21,7,14,25200
N24,7,17,46900
N23,7,16,36700
N18,7,11,13100
N17,7,10,7870
N20,7,13,21700
N19,7,12,15800
N10,7,3,38800
N11,7,4,24300
N12,7,5,17300
N13,7,6,5340
N14,7,7,2860
N15,7,8,101
N16,7,9,5680
O25,8,17,27300
O26,8,18,34600
O23,8,15,14600
O24,8,16,18500
O18,8,10,-782
O21,8,13,8060
O22,8,14,9280
O19,8,11,3330
O20,8,12,3790
O28,8,20,52000
O11,8,3,
O12,8,4,32000
O13,8,5,23100
O14,8,6,8000
O15,8,7,2850
O16,8,8,-4730
O17,8,9,-808
F27,9,18,25100
F28,9,19,33400
F25,9,16,11300
F26,9,17,18600
F26,9,17,19300
F19,9,10,-1480
F20,9,11,-17.4
F23,9,14,3280
F24,9,15,7540
F21,9,12,-47.6
F22,9,13,2790
F30,9,21,48900
F31,9,22,56800
F29,9,20,40100
F14,9,5,31900
F15,9,6,16500
F16,9,7,10600
F17,9,8,1950
F18,9,9,873
Ne20,10,10,-7040
Ne21,10,11,-5730
Ne22,10,12,-8020
Ne23,10,13,-5150
Ne24,10,14,-5950
Ne25,10,15,-2030
Ne26,10,16,481
Ne27,10,17,7050
Ne28,10,18,11200
Ne29,10,19,18300
Ne30,10,20,23200
Ne31,10,21,31100
Ne32,10,22,36900
Ne33,10,23,46100
Ne34,10,24,52800
Ne19,10,9,1750
Ne17,10,7,16500
Ne18,10,8,5310
Ne15,10,5,
Ne16,10,6,23900
Na20,11,9,6850
Na19,11,8,12900
Na18,11,7,25000
Na17,11,6,34700
Na32,11,21,18600
Na31,11,20,12200
Na34,11,23,31600
Na33,11,22,23700
Na35,11,24,37800
Na37,11,26,53100
Na21,11,10,-2180
Na23,11,12,-9520
Na22,11,11,-5180
Na25,11,14,-9350
Na24,11,13,-8410
Na27,11,16,-5510
Na26,11,15,-6860
Na29,11,18,2670
Na28,11,17,-988
Na30,11,19,8470
Mg23,12,11,-5470
Mg22,12,10,-399
Mg25,12,13,-13100
Mg24,12,12,-13900
Mg27,12,15,-14500
Mg26,12,14,-16200
Mg29,12,17,-10600
Mg28,12,16,-15000
Mg31,12,19,-3120
Mg30,12,18,-8880
Mg32,12,20,-828
Mg34,12,22,8320
Mg33,12,21,4960
Mg36,12,24,20300
Mg35,12,23,15600
Mg38,12,26,34000
Mg37,12,25,28200
Mg40,12,28,49500
Mg21,12,9,10900
Mg20,12,8,17400
Mg19,12,7,31800
Mg18,12,6,
Al22,13,9,18200
Al21,13,8,27000
Al35,13,22,-223
Al36,13,23,5950
Al33,13,20,-8490
Al34,13,21,-2990
Al34,13,21,-2950
Al39,13,26,21400
Al40,13,27,28800
Al37,13,24,9800
Al38,13,25,16400
Al41,13,28,34500
Al42,13,29,41900
Al43,13,30,48200
Al24,13,11,-48.8
Al24,13,11,377
Al25,13,12,-8910
Al23,13,10,6740
Al28,13,15,-16800
Al29,13,16,-18200
Al26,13,13,-12200
Al26,13,13,-12000
Al27,13,14,-17100
Al32,13,19,-11000
Al30,13,17,-15800
Al31,13,18,-14900
Si44,14,30,29300
Si26,14,12,-7140
Si27,14,13,-12300
Si24,14,10,10700
Si25,14,11,3820
Si30,14,16,-24400
Si31,14,17,-22900
Si28,14,14,-21400
Si29,14,15,-21800
Si32,14,18,-24000
Si33,14,19,-20500
Si37,14,23,-6570
Si38,14,24,-4170
Si35,14,21,-14300
Si36,14,22,-12400
Si41,14,27,13200
Si42,14,28,16800
Si39,14,25,2320
Si40,14,26,5660
Si34,14,20,-19900
Si43,14,29,24300
Si23,14,9,23900
Si22,14,8,33600
P40,15,25,-8130
P39,15,24,-12700
P38,15,23,-14600
P37,15,22,-18900
P44,15,29,11100
P43,15,28,5040
P42,15,27,1090
P41,15,26,-4970
P36,15,21,-20200
P35,15,20,-24800
P47,15,32,28800
P46,15,31,22800
P45,15,30,15900
P29,15,14,-16900
P28,15,13,-7140
P27,15,12,-659
P26,15,11,10900
P33,15,18,-26300
P32,15,17,-24300
P31,15,16,-24400
P30,15,15,-20200
P25,15,10,20100
P34,15,19,-24500
S49,16,33,20300
S48,16,32,12300
S47,16,31,7200
S46,16,30,640
S31,16,15,-19000
S30,16,14,-14000
S29,16,13,-3090
S28,16,12,4070
S35,16,19,-28800
S34,16,18,-29900
S33,16,17,-26500
S32,16,16,-26000
S27,16,11,17400
S26,16,10,27600
S42,16,26,-17600
S41,16,25,-19000
S40,16,24,-22800
S39,16,23,-23100
S45,16,29,-3340
S44,16,28,-9200
S43,16,27,-12100
S38,16,22,-26800
S37,16,21,-26800
S36,16,20,-30600
Cl45,17,28,-18200
Cl46,17,29,-13700
Cl41,17,24,-27300
Cl42,17,25,-24800
Cl43,17,26,-24100
Cl44,17,27,-20400
Cl37,17,20,-31700
Cl38,17,21,-29700
Cl38,17,21,-29100
Cl39,17,22,-29800
Cl40,17,23,-27500
Cl52,17,35,22300
Cl48,17,31,-4280
Cl49,17,32,740
Cl50,17,33,7700
Cl51,17,34,14200
Cl47,17,30,-9580
Cl34,17,17,-24400
Cl34,17,17,-24300
Cl35,17,18,-29000
Cl36,17,19,-29500
Cl30,17,13,4670
Cl31,17,14,-7030
Cl32,17,15,-13300
Cl33,17,16,-21000
Cl28,17,11,28200
Cl29,17,12,14000
Ar54,18,36,12500
Ar50,18,32,-13200
Ar51,18,33,-6490
Ar52,18,34,-1380
Ar53,18,35,6790
Ar48,18,30,-22300
Ar49,18,31,-17000
Ar36,18,18,-30200
Ar37,18,19,-30900
Ar32,18,14,-2200
Ar33,18,15,-9380
Ar34,18,16,-18300
Ar35,18,17,-23000
Ar29,18,11,37900
Ar30,18,12,22000
Ar31,18,13,11300
Ar47,18,29,-25300
Ar43,18,25,-32000
Ar44,18,26,-32600
Ar45,18,27,-29700
Ar46,18,28,-29700
Ar39,18,21,-33200
Ar40,18,22,-35000
Ar41,18,23,-33000
Ar42,18,24,-34400
Ar38,18,20,-34700
K59,19,40,28700
K46,19,27,-35400
K45,19,26,-36600
K48,19,29,-32200
K47,19,28,-35700
K42,19,23,-35000
K41,19,22,-35500
K44,19,25,-35700
K43,19,24,-36500
K40,19,21,-33500
K39,19,20,-33800
K57,19,38,14100
K56,19,37,7980
K53,19,34,-12200
K52,19,33,-17100
K55,19,36,470
K54,19,35,-5150
K49,19,30,-29600
K51,19,32,-22500
K50,19,31,-25700
K38,19,19,-28800
K38,19,19,-28700
K35,19,16,-11100
K37,19,18,-24800
K36,19,17,-17400
K31,19,12,
Ca59,20,39,5810
Ca58,20,38,-1530
Ca57,20,37,-6560
Ca56,20,36,-13500
Ca55,20,35,-18600
Ca54,20,34,-25100
Ca53,20,33,-29300
Ca52,20,32,-34200
Ca51,20,31,-36300
Ca50,20,30,-39500
Ca60,20,40,11000
Ca39,20,19,-27200
Ca38,20,18,-22000
Ca37,20,17,-13100
Ca36,20,16,-6450
Ca35,20,15,5190
Ca49,20,29,-41300
Ca48,20,28,-44200
Ca47,20,27,-42300
Ca46,20,26,-43100
Ca45,20,25,-40800
Ca44,20,24,-41400
Ca43,20,23,-38400
Ca42,20,22,-38500
Ca41,20,21,-35100
Ca40,20,20,-34800
Sc50,21,29,-44500
Sc50,21,29,-44300
Sc49,21,28,-46500
Sc48,21,27,-44500
Sc47,21,26,-44300
Sc46,21,25,-41700
Sc46,21,25,-41600
Sc45,21,24,-41000
Sc45,21,24,-41100
Sc44,21,23,-37800
Sc44,21,23,-37500
Sc43,21,22,-36100
Sc42,21,21,-32100
Sc42,21,21,-31500
Sc41,21,20,-28600
Sc60,21,39,-4550
Sc59,21,38,-10800
Sc58,21,37,-15400
Sc57,21,36,-21300
Sc56,21,35,-25500
Sc55,21,34,-30800
Sc54,21,33,-34400
Sc53,21,32,-38700
Sc52,21,31,-40500
Sc51,21,30,-43200
Sc40,21,19,-20500
Sc39,21,18,-14100
Sc62,21,41,7310
Sc61,21,40,500
Ti61,22,39,-16300
Ti60,22,38,-22000
Ti59,22,37,-25800
Ti58,22,36,-30900
Ti57,22,35,-34400
Ti56,22,34,-39400
Ti55,22,33,-41800
Ti54,22,32,-45700
Ti53,22,31,-46800
Ti52,22,30,-49400
Ti64,22,42,-1480
Ti63,22,41,-5860
Ti62,22,40,-12200
Ti41,22,19,-15600
Ti40,22,18,-8990
Ti39,22,17,2500
Ti51,22,29,-49700
Ti50,22,28,-51400
Ti49,22,27,-48500
Ti48,22,26,-48400
Ti47,22,25,-44900
Ti46,22,24,-44100
Ti45,22,23,-39000
Ti44,22,22,-37500
Ti43,22,21,-29300
Ti42,22,20,-25100
V64,23,41,-16300
V65,23,42,-12100
V66,23,43,-6300
V67,23,44,-1740
V63,23,40,-21700
V50,23,27,-49200
V51,23,28,-52200
V52,23,29,-51400
V43,23,20,-17900
V44,23,21,-23800
V44,23,21,-23500
V45,23,22,-31800
V46,23,23,-37000
V47,23,24,-42000
V48,23,25,-44400
V49,23,26,-47900
V61,23,38,-30100
V62,23,39,-25200
V53,23,30,-51800
V54,23,31,-49800
V55,23,32,-49100
V56,23,33,-46100
V57,23,34,-44400
V58,23,35,-40400
V59,23,36,-37600
V60,23,37,-33000
V60,23,37,-33000
V42,23,19,-7620
Cr63,24,39,-36100
Cr55,24,31,-55100
Cr56,24,32,-55200
Cr57,24,33,-52500
Cr58,24,34,-51900
Cr59,24,35,-48100
Cr60,24,36,-46900
Cr61,24,37,-42400
Cr62,24,38,-40800
Cr54,24,30,-56900
Cr66,24,42,-25100
Cr67,24,43,-19200
Cr68,24,44,-15600
Cr69,24,45,-9630
Cr70,24,46,-5640
Cr64,24,40,-33600
Cr65,24,41,-28300
Cr42,24,18,7060
Cr43,24,19,-1970
Cr52,24,28,-55400
Cr53,24,29,-55200
Cr44,24,20,-13400
Cr45,24,21,-19500
Cr46,24,22,-29400
Cr47,24,23,-34500
Cr48,24,24,-42800
Cr49,24,25,-45300
Cr50,24,26,-50200
Cr51,24,27,-51400
Mn69,25,44,-25300
Mn68,25,43,-28900
Mn71,25,46,-16600
Mn70,25,45,-20400
Mn73,25,48,-6700
Mn72,25,47,-11100
Mn65,25,40,-40900
Mn67,25,42,-33500
Mn66,25,41,-36700
Mn54,25,29,-55500
Mn47,25,22,-22500
Mn46,25,21,-12400
Mn49,25,24,-37600
Mn48,25,23,-29200
Mn51,25,26,-48200
Mn50,25,25,-42600
Mn50,25,25,-42400
Mn53,25,28,-54600
Mn52,25,27,-50700
Mn52,25,27,-50300
Mn58,25,33,-55800
Mn58,25,33,-55800
Mn57,25,32,-57400
Mn60,25,35,-52900
Mn60,25,35,-52700
Mn59,25,34,-55500
Mn62,25,37,-48500
Mn62,25,37,-48200
Mn61,25,36,-51700
Mn64,25,39,-42900
Mn63,25,38,-46800
Mn56,25,31,-56900
Mn55,25,30,-57700
Mn44,25,19,7460
Fe60,26,34,-61400
Fe59,26,33,-60600
Fe62,26,36,-58800
Fe61,26,35,-58900
Fe64,26,38,-54900
Fe63,26,37,-55600
Fe65,26,39,-51200
Fe65,26,39,-50800
Fe56,26,30,-60600
Fe58,26,32,-62100
Fe57,26,31,-60100
Fe71,26,45,-31900
Fe70,26,44,-36800
Fe73,26,47,-23900
Fe72,26,46,-29200
Fe75,26,49,-14700
Fe74,26,48,-20600
Fe67,26,41,-45700
Fe66,26,40,-50000
Fe69,26,43,-39100
Fe68,26,42,-43800
Fe45,26,19,14400
Fe49,26,23,-24700
Fe48,26,22,-18000
Fe51,26,25,-40100
Fe50,26,24,-34400
Fe53,26,27,-50900
Fe53,26,27,-47900
Fe52,26,26,-48300
Fe52,26,26,-41400
Fe55,26,29,-57400
Fe54,26,28,-56200
Fe47,26,21,-7130
Fe46,26,20,1210
Fe76,26,50,-10500
Co74,27,47,-33500
Co75,27,48,-30500
Co72,27,45,-40300
Co72,27,45,-40300
Co72,27,45,-40300
Co73,27,46,-37900
Co76,27,49,-25600
Co76,27,49,-25600
Co67,27,40,-55300
Co67,27,40,-54800
Co70,27,43,-46500
Co70,27,43,-46500
Co71,27,44,-44300
Co68,27,41,-51600
Co68,27,41,-51600
Co69,27,42,-50300
Co69,27,42,-50200
Co77,27,50,-21900
Co78,27,51,-15300
Co52,27,25,-34300
Co52,27,25,-34000
Co53,27,26,-42600
Co53,27,26,-39500
Co50,27,23,-17500
Co51,27,24,-27300
Co56,27,29,-56000
Co54,27,27,-48000
Co54,27,27,-47800
Co55,27,28,-54000
Co63,27,36,-61800
Co64,27,37,-59700
Co64,27,37,-59700
Co61,27,34,-62800
Co62,27,35,-61400
Co62,27,35,-61400
Co65,27,38,-59100
Co66,27,39,-56400
Co59,27,32,-62200
Co60,27,33,-61600
Co60,27,33,-61600
Co57,27,30,-59300
Co58,27,31,-59800
Co58,27,31,-59800
Ni79,28,51,-28100
Ni80,28,52,-23200
Ni78,28,50,-34800
Ni81,28,53,-16000
Ni82,28,54,-10700
Ni65,28,37,-65100
Ni66,28,38,-66000
Ni63,28,35,-65500
Ni64,28,36,-67000
Ni67,28,39,-63700
Ni58,28,30,-60200
Ni61,28,33,-64200
Ni62,28,34,-66700
Ni59,28,31,-61100
Ni60,28,32,-64400
Ni76,28,48,-42100
Ni77,28,49,-37300
Ni74,28,46,-48700
Ni75,28,47,-44200
Ni68,28,40,-63400
Ni69,28,41,-59900
Ni69,28,41,-59700
Ni72,28,44,-54200
Ni73,28,45,-50100
Ni70,28,42,-59200
Ni71,28,43,-55400
Ni71,28,43,-54900
Ni54,28,26,-39200
Ni55,28,27,-45300
Ni52,28,24,-22500
Ni53,28,25,-29600
Ni56,28,28,-53900
Ni57,28,29,-56000
Ni50,28,22,-3460
Ni51,28,23,-11600
Ni48,28,20,18100
Ni49,28,21,8530
Cu57,29,28,-47300
Cu56,29,27,-38600
Cu55,29,26,-31600
Cu54,29,25,-21200
Cu58,29,29,-51600
Cu53,29,24,-13100
Cu68,29,39,-65500
Cu68,29,39,-64800
Cu67,29,38,-67300
Cu66,29,37,-66200
Cu65,29,36,-67200
Cu60,29,31,-58300
Cu59,29,30,-56300
Cu64,29,35,-65400
Cu63,29,34,-65500
Cu62,29,33,-62700
Cu61,29,32,-61900
Cu78,29,49,-44700
Cu77,29,48,-48800
Cu76,29,47,-50900
Cu71,29,42,-62700
Cu70,29,41,-62900
Cu70,29,41,-62900
Cu70,29,41,-62700
Cu69,29,40,-65700
Cu75,29,46,-54400
Cu74,29,45,-56000
Cu73,29,44,-58900
Cu72,29,43,-59700
Cu82,29,53,-25700
Cu81,29,52,-31900
Cu80,29,51,-36600
Cu79,29,50,-42400
Cu83,29,54,-20300
Zn58,30,28,-42200
Zn57,30,27,-32500
Zn59,30,29,-47200
Zn54,30,24,-5700
Zn56,30,26,-25300
Zn55,30,25,-14200
Zn83,30,53,-36200
Zn82,30,52,-42300
Zn85,30,55,-25100
Zn84,30,54,-31800
Zn81,30,51,-46100
Zn80,30,50,-51600
Zn72,30,42,-68100
Zn71,30,41,-67300
Zn71,30,41,-67200
Zn74,30,44,-65700
Zn73,30,43,-65500
Zn70,30,40,-69500
Zn79,30,49,-53400
Zn79,30,49,-52300
Zn76,30,46,-62300
Zn75,30,45,-62500
Zn78,30,48,-57400
Zn77,30,47,-58700
Zn77,30,47,-58000
Zn61,30,31,-56300
Zn60,30,30,-54100
Zn63,30,33,-62200
Zn62,30,32,-61100
Zn69,30,39,-68400
Zn69,30,39,-68000
Zn68,30,38,-70000
Zn65,30,35,-65900
Zn64,30,34,-66000
Zn67,30,37,-67800
Zn66,30,36,-68800
Ga85,31,54,-39700
Ga84,31,53,-44000
Ga87,31,56,-28800
Ga86,31,55,-33700
Ga81,31,50,-57600
Ga83,31,52,-49200
Ga82,31,51,-52900
Ga74,31,43,-68000
Ga74,31,43,-68000
Ga73,31,42,-69600
Ga76,31,45,-66200
Ga75,31,44,-68400
Ga72,31,41,-68500
Ga71,31,40,-70100
Ga78,31,47,-63700
Ga77,31,46,-65900
Ga80,31,49,-59200
Ga80,31,49,-59200
Ga79,31,48,-62500
Ga63,31,32,-56500
Ga62,31,31,-51900
Ga65,31,34,-62600
Ga64,31,33,-58800
Ga61,31,30,-47100
Ga70,31,39,-68900
Ga67,31,36,-66800
Ga66,31,35,-63700
Ga69,31,38,-69300
Ga68,31,37,-67000
Ga60,31,29,-39500
Ga59,31,28,-33700
Ge77,32,45,-71200
Ge77,32,45,-71100
Ge78,32,46,-71800
Ge75,32,43,-71800
Ge75,32,43,-71700
Ge76,32,44,-73200
Ge73,32,41,-71200
Ge73,32,41,-71200
Ge74,32,42,-73400
Ge72,32,40,-72500
Ge81,32,49,-66200
Ge81,32,49,-65600
Ge79,32,47,-69500
Ge79,32,47,-69300
Ge80,32,48,-69500
Ge66,32,34,-61600
Ge67,32,35,-62600
Ge64,32,32,-54300
Ge65,32,33,-56400
Ge62,32,30,-42100
Ge63,32,31,-46900
Ge70,32,38,-70500
Ge71,32,39,-69900
Ge68,32,36,-66900
Ge69,32,37,-67100
Ge61,32,29,-33700
Ge59,32,27,-16300
Ge60,32,28,-27500
Ge88,32,56,-39500
Ge89,32,57,-33000
Ge86,32,54,-49300
Ge87,32,55,-43500
Ge84,32,52,-58100
Ge85,32,53,-53100
Ge82,32,50,-65400
Ge83,32,51,-60900
Ge90,32,58,-28400
As83,33,50,-69600
As90,33,57,-40900
As91,33,58,-36500
As88,33,55,-50400
As89,33,56,-46500
As86,33,53,-58900
As87,33,54,-55600
As84,33,51,-65800
As85,33,52,-63100
As92,33,59,-30300
As79,33,46,-73600
As80,33,47,-72200
As77,33,44,-73900
As78,33,45,-72800
As75,33,42,-73000
As76,33,43,-72200
As73,33,40,-70900
As74,33,41,-70800
As81,33,48,-72500
As82,33,49,-70100
As82,33,49,-70000
As68,33,35,-58800
As69,33,36,-63100
As66,33,33,-52000
As67,33,34,-56500
As64,33,31,-39500
As65,33,32,-46900
As63,33,30,-33500
As72,33,39,-68200
As70,33,37,-64300
As71,33,38,-67800
Se95,34,61,-30400
Se94,34,60,-36800
Se84,34,50,-75900
Se85,34,51,-72400
Se92,34,58,-46700
Se93,34,59,-40800
Se90,34,56,-55800
Se91,34,57,-50500
Se88,34,54,-63800
Se89,34,55,-58900
Se86,34,52,-70500
Se87,34,53,-66400
Se74,34,40,-72200
Se81,34,47,-76300
Se81,34,47,-76300
Se82,34,48,-77500
Se79,34,45,-75900
Se79,34,45,-75800
Se80,34,46,-77700
Se77,34,43,-74500
Se77,34,43,-74400
Se78,34,44,-77000
Se75,34,41,-72100
Se76,34,42,-75200
Se83,34,49,-75300
Se83,34,49,-75100
Se70,34,36,-61900
Se71,34,37,-63100
Se68,34,34,-54100
Se69,34,35,-56400
Se66,34,32,-41600
Se67,34,33,-46500
Se64,34,30,-26800
Se65,34,31,-33000
Se72,34,38,-67800
Se73,34,39,-68200
Se73,34,39,-68200
Se63,34,29,-16800
Br98,35,63,-28000
Br97,35,62,-34000
Br96,35,61,-38200
Br95,35,60,-43800
Br87,35,52,-73800
Br86,35,51,-75600
Br85,35,50,-78500
Br94,35,59,-47600
Br93,35,58,-52800
Br92,35,57,-56200
Br91,35,56,-61100
Br90,35,55,-64000
Br89,35,54,-68200
Br88,35,53,-70700
Br76,35,41,-70200
Br76,35,41,-70200
Br75,35,40,-69100
Br84,35,49,-77700
Br84,35,49,-77500
Br83,35,48,-79000
Br82,35,47,-77400
Br82,35,47,-77500
Br81,35,46,-77900
Br80,35,45,-75800
Br80,35,45,-75800
Br79,35,44,-76000
Br79,35,44,-75900
Br78,35,43,-73400
Br77,35,42,-73200
Br77,35,42,-73100
Br73,35,38,-63600
Br72,35,37,-59000
Br72,35,37,-59000
Br71,35,36,-56500
Br70,35,35,-51400
Br70,35,35,-49100
Br69,35,34,-46200
Br68,35,33,-38700
Br74,35,39,-65200
Br74,35,39,-65300
Kr100,36,64,-34400
Kr99,36,63,-38400
Kr98,36,62,-44100
Kr97,36,61,-47400
Kr96,36,60,-53000
Kr101,36,65,-28500
Kr89,36,53,-76500
Kr88,36,52,-79600
Kr87,36,51,-80700
Kr86,36,50,-83200
Kr95,36,59,-56100
Kr94,36,58,-61300
Kr93,36,57,-64100
Kr92,36,56,-68700
Kr91,36,55,-70900
Kr90,36,54,-74900
Kr78,36,42,-74100
Kr77,36,41,-70100
Kr76,36,40,-69000
Kr85,36,49,-81400
Kr85,36,49,-81200
Kr84,36,48,-82400
Kr83,36,47,-79900
Kr83,36,47,-79900
Kr82,36,46,-80500
Kr81,36,45,-77600
Kr81,36,45,-77500
Kr80,36,44,-77800
Kr79,36,43,-74400
Kr79,36,43,-74300
Kr67,36,31,-15500
Kr75,36,39,-64300
Kr74,36,38,-62300
Kr73,36,37,-56500
Kr72,36,36,-53900
Kr71,36,35,-46300
Kr70,36,34,-41100
Kr69,36,33,-32100
Kr68,36,32,-25600
Rb92,37,55,-74700
Rb93,37,56,-72600
Rb94,37,57,-68500
Rb95,37,58,-65800
Rb96,37,59,-61300
Rb87,37,50,-84500
Rb88,37,51,-82600
Rb89,37,52,-81700
Rb90,37,53,-79300
Rb90,37,53,-79300
Rb91,37,54,-77700
Rb81,37,44,-75400
Rb81,37,44,-75400
Rb82,37,45,-76100
Rb82,37,45,-76100
Rb83,37,46,-79000
Rb84,37,47,-79700
Rb84,37,47,-79300
Rb85,37,48,-82100
Rb86,37,49,-82700
Rb86,37,49,-82200
Rb77,37,40,-64800
Rb78,37,41,-66900
Rb78,37,41,-66800
Rb79,37,42,-70800
Rb80,37,43,-72100
Rb72,37,35,-38300
Rb73,37,36,-46000
Rb74,37,37,-51900
Rb75,37,38,-57200
Rb76,37,39,-60400
Rb103,37,66,-33100
Rb104,37,67,-27400
Rb97,37,60,-58500
Rb98,37,61,-54300
Rb98,37,61,-54300
Rb99,37,62,-51100
Rb100,37,63,-46200
Rb101,37,64,-42500
Rb102,37,65,-37200
Sr105,38,67,-38100
Sr106,38,68,-34300
Sr107,38,69,-28200
Sr98,38,60,-66400
Sr99,38,61,-62500
Sr100,38,62,-59800
Sr101,38,63,-55300
Sr102,38,64,-52100
Sr103,38,65,-47200
Sr104,38,66,-43700
Sr94,38,56,-78800
Sr95,38,57,-75100
Sr96,38,58,-72900
Sr97,38,59,-68500
Sr88,38,50,-87900
Sr89,38,51,-86200
Sr90,38,52,-85900
Sr91,38,53,-83600
Sr92,38,54,-82800
Sr93,38,55,-80000
Sr83,38,45,-76700
Sr83,38,45,-76500
Sr84,38,46,-80600
Sr85,38,47,-81100
Sr85,38,47,-80900
Sr86,38,48,-84500
Sr87,38,49,-84800
Sr87,38,49,-84500
Sr78,38,40,-63100
Sr79,38,41,-65400
Sr80,38,42,-70300
Sr81,38,43,-71500
Sr82,38,44,-76000
Sr73,38,35,-31900
Sr74,38,36,-40800
Sr75,38,37,-46600
Sr76,38,38,-54200
Sr77,38,39,-57800
Y108,39,69,-36700
Y107,39,68,-41900
Y100,39,61,-67300
Y100,39,61,-67200
Y99,39,60,-70600
Y102,39,63,-61100
Y102,39,63,-61100
Y101,39,62,-65000
Y104,39,65,-54000
Y103,39,64,-58400
Y106,39,67,-45700
Y105,39,66,-50500
Y109,39,70,-32400
Y97,39,58,-76100
Y97,39,58,-75400
Y97,39,58,-72600
Y96,39,57,-78300
Y96,39,57,-76800
Y98,39,59,-72200
Y98,39,59,-71800
Y89,39,50,-87700
Y89,39,50,-86800
Y91,39,52,-86300
Y91,39,52,-85800
Y90,39,51,-86400
Y90,39,51,-85800
Y93,39,54,-84200
Y93,39,54,-83500
Y92,39,53,-84800
Y95,39,56,-81200
Y94,39,55,-82300
Y86,39,47,-79200
Y86,39,47,-79100
Y85,39,46,-77800
Y85,39,46,-77800
Y88,39,49,-84200
Y87,39,48,-83000
Y87,39,48,-82600
Y80,39,41,-61100
Y80,39,41,-60900
Y79,39,40,-57800
Y82,39,43,-68000
Y81,39,42,-65700
Y84,39,45,-73800
Y84,39,45,-73800
Y83,39,44,-72200
Y83,39,44,-72100
Y77,39,38,-46400
Y76,39,37,-38200
Y78,39,39,-52100
Y78,39,39,-52100
Zr109,40,69,-45700
Zr108,40,68,-50900
Zr107,40,67,-54000
Zr106,40,66,-58700
Zr101,40,61,-73100
Zr100,40,60,-76300
Zr105,40,65,-61400
Zr104,40,64,-65700
Zr103,40,63,-67800
Zr102,40,62,-71500
Zr98,40,58,-81200
Zr97,40,57,-82900
Zr96,40,56,-85400
Zr95,40,55,-85600
Zr99,40,59,-77600
Zr90,40,50,-88700
Zr90,40,50,-86500
Zr94,40,54,-87200
Zr93,40,53,-87100
Zr92,40,52,-88400
Zr91,40,51,-87800
Zr87,40,47,-79300
Zr87,40,47,-79000
Zr86,40,46,-77900
Zr85,40,45,-73100
Zr85,40,45,-72900
Zr84,40,44,-71400
Zr89,40,49,-84800
Zr89,40,49,-84300
Zr88,40,48,-83600
Zr83,40,43,-65900
Zr82,40,42,-63600
Zr81,40,41,-57500
Zr80,40,40,-54700
Zr79,40,39,-46700
Zr78,40,38,-40800
Zr77,40,37,-31600
Zr112,40,72,-32400
Zr111,40,71,-36400
Zr110,40,70,-42200
Zr113,40,73,-26300
Nb114,41,73,-34900
Nb113,41,72,-40200
Nb112,41,71,-44000
Nb111,41,70,-48900
Nb116,41,75,-25200
Nb115,41,74,-30800
Nb110,41,69,-52300
Nb110,41,69,-52300
Nb109,41,68,-56600
Nb108,41,67,-59500
Nb103,41,62,-75000
Nb102,41,61,-76200
Nb102,41,61,-76200
Nb101,41,60,-78800
Nb107,41,66,-63700
Nb106,41,65,-66200
Nb105,41,64,-69900
Nb104,41,63,-71800
Nb104,41,63,-71600
Nb100,41,59,-79700
Nb100,41,59,-79500
Nb99,41,58,-82300
Nb99,41,58,-82000
Nb98,41,57,-83500
Nb98,41,57,-83400
Nb97,41,56,-85600
Nb97,41,56,-84900
Nb92,41,51,-86400
Nb92,41,51,-86300
Nb91,41,50,-86600
Nb91,41,50,-86500
Nb96,41,55,-85600
Nb95,41,54,-86700
Nb95,41,54,-86600
Nb94,41,53,-86300
Nb94,41,53,-86300
Nb93,41,52,-87200
Nb93,41,52,-87200
Nb89,41,48,-80600
Nb89,41,48,-80600
Nb88,41,47,-76100
Nb88,41,47,-76100
Nb87,41,46,-73800
Nb87,41,46,-73900
Nb86,41,45,-69100
Nb90,41,49,-82600
Nb90,41,49,-82500
Nb81,41,40,-46300
Nb85,41,44,-66200
Nb85,41,44,-66200
Nb84,41,43,-61100
Nb83,41,42,-57600
Nb82,41,41,-51800
Mo112,42,70,-57400
Mo117,42,75,-35600
Mo118,42,76,-32300
Mo119,42,77,-26500
Mo113,42,71,-52600
Mo114,42,72,-49600
Mo115,42,73,-44500
Mo116,42,74,-41200
Mo110,42,68,-64500
Mo111,42,69,-59900
Mo111,42,69,-59900
Mo106,42,64,-76100
Mo107,42,65,-72500
Mo108,42,66,-70700
Mo109,42,67,-66600
Mo102,42,60,-83500
Mo103,42,61,-80900
Mo104,42,62,-80300
Mo105,42,63,-77300
Mo99,42,57,-85900
Mo100,42,58,-86100
Mo101,42,59,-83500
Mo95,42,53,-87700
Mo96,42,54,-88700
Mo97,42,55,-87500
Mo98,42,56,-88100
Mo92,42,50,-86800
Mo93,42,51,-86800
Mo93,42,51,-84400
Mo94,42,52,-88400
Mo88,42,46,-72600
Mo89,42,47,-75000
Mo89,42,47,-74600
Mo90,42,48,-80100
Mo91,42,49,-82200
Mo91,42,49,-81600
Mo84,42,42,-54100
Mo85,42,43,-57500
Mo86,42,44,-64100
Mo87,42,45,-66800
Mo87,42,45,-66600
Mo82,42,40,-40300
Mo83,42,41,-46300
Mo81,42,39,-31400
Tc101,43,58,-86300
Tc102,43,59,-84500
Tc102,43,59,-84500
Tc97,43,54,-87200
Tc97,43,54,-87100
Tc98,43,55,-86400
Tc99,43,56,-87300
Tc99,43,56,-87200
Tc100,43,57,-86000
Tc93,43,50,-83600
Tc93,43,50,-83200
Tc94,43,51,-84100
Tc94,43,51,-84100
Tc95,43,52,-86000
Tc95,43,52,-86000
Tc96,43,53,-85800
Tc96,43,53,-85800
Tc90,43,47,-70700
Tc90,43,47,-70600
Tc91,43,48,-75900
Tc91,43,48,-75800
Tc92,43,49,-78900
Tc86,43,43,-51500
Tc87,43,44,-57600
Tc88,43,45,-61600
Tc88,43,45,-61600
Tc89,43,46,-67300
Tc89,43,46,-67300
Tc85,43,42,-45800
Tc113,43,70,-62800
Tc114,43,71,-58600
Tc114,43,71,-58600
Tc119,43,76,-40100
Tc120,43,77,-35000
Tc121,43,78,-31500
Tc122,43,79,-26300
Tc115,43,72,-55700
Tc116,43,73,-51200
Tc117,43,74,-48100
Tc118,43,75,-43200
Tc112,43,69,-65200
Tc103,43,60,-84600
Tc108,43,65,-75900
Tc109,43,66,-74200
Tc110,43,67,-71000
Tc111,43,68,-69000
Tc104,43,61,-82400
Tc105,43,62,-82200
Tc106,43,63,-79700
Tc107,43,64,-78700
Ru125,44,81,-28300
Ru124,44,80,-33500
Ru114,44,70,-70200
Ru116,44,72,-64000
Ru115,44,71,-66100
Ru122,44,78,-41700
Ru121,44,77,-44600
Ru123,44,79,-36500
Ru118,44,74,-57000
Ru117,44,73,-59400
Ru120,44,76,-49700
Ru119,44,75,-52000
Ru105,44,61,-85900
Ru104,44,60,-88000
Ru111,44,67,-76700
Ru110,44,66,-80000
Ru113,44,69,-71800
Ru113,44,69,-71700
Ru112,44,68,-75600
Ru107,44,63,-83800
Ru106,44,62,-86300
Ru109,44,65,-80700
Ru108,44,64,-83600
Ru103,44,59,-87200
Ru94,44,50,-82500
Ru100,44,56,-89200
Ru99,44,55,-87600
Ru102,44,58,-89100
Ru101,44,57,-87900
Ru96,44,52,-86000
Ru95,44,51,-83400
Ru98,44,54,-88200
Ru97,44,53,-86100
Ru93,44,49,-77200
Ru93,44,49,-76500
Ru92,44,48,-74300
Ru89,44,45,-58300
Ru88,44,44,-54300
Ru91,44,47,-68200
Ru91,44,47,-67800
Ru90,44,46,-64800
Ru85,44,41,-30600
Ru87,44,43,-45700
Ru86,44,42,-39700
Rh127,45,82,-33700
Rh126,45,81,-37200
Rh128,45,83,-27300
Rh125,45,80,-41800
Rh116,45,71,-70700
Rh116,45,71,-70600
Rh115,45,70,-74200
Rh118,45,73,-64800
Rh118,45,73,-64700
Rh117,45,72,-68800
Rh124,45,79,-44700
Rh123,45,78,-49100
Rh120,45,75,-58600
Rh119,45,74,-62800
Rh122,45,77,-51800
Rh121,45,76,-56200
Rh105,45,60,-87800
Rh105,45,60,-87700
Rh107,45,62,-86800
Rh106,45,61,-86300
Rh106,45,61,-86200
Rh113,45,68,-78700
Rh112,45,67,-79700
Rh112,45,67,-79700
Rh114,45,69,-75700
Rh114,45,69,-75600
Rh109,45,64,-84900
Rh108,45,63,-85000
Rh108,45,63,-85000
Rh111,45,66,-82300
Rh110,45,65,-82800
Rh110,45,65,-82800
Rh96,45,51,-79600
Rh96,45,51,-79600
Rh95,45,50,-78300
Rh95,45,50,-77800
Rh102,45,57,-86700
Rh102,45,57,-86600
Rh101,45,56,-87400
Rh101,45,56,-87300
Rh104,45,59,-86900
Rh104,45,59,-86800
Rh103,45,58,-88000
Rh103,45,58,-88000
Rh98,45,53,-83100
Rh98,45,53,-83100
Rh97,45,52,-82500
Rh97,45,52,-82300
Rh100,45,55,-85500
Rh100,45,55,-85500
Rh99,45,54,-85500
Rh99,45,54,-85500
Rh94,45,49,-72900
Rh94,45,49,-72900
Rh91,45,46,-58500
Rh91,45,46,-58400
Rh90,45,45,-51600
Rh90,45,45,-51600
Rh93,45,48,-69000
Rh93,45,48,-68700
Rh92,45,47,-62900
Rh92,45,47,-62900
Rh89,45,44,-45600
Pd129,46,83,-37800
Pd128,46,82,-44300
Pd131,46,85,-25700
Pd130,46,84,-32700
Pd127,46,81,-47200
Pd126,46,80,-51700
Pd126,46,80,-49400
Pd118,46,72,-75300
Pd117,46,71,-76400
Pd120,46,74,-70200
Pd119,46,73,-71400
Pd119,46,73,-71000
Pd116,46,70,-79800
Pd125,46,79,-53900
Pd122,46,76,-64600
Pd121,46,75,-66100
Pd124,46,78,-58400
Pd123,46,77,-60400
Pd123,46,77,-60400
Pd107,46,61,-88300
Pd107,46,61,-88200
Pd106,46,60,-89900
Pd109,46,63,-87600
Pd109,46,63,-87400
Pd108,46,62,-89500
Pd115,46,69,-80400
Pd115,46,69,-80300
Pd114,46,68,-83400
Pd111,46,65,-85900
Pd111,46,65,-85800
Pd110,46,64,-88300
Pd113,46,67,-83500
Pd113,46,67,-83500
Pd112,46,66,-86300
Pd96,46,50,-76100
Pd98,46,52,-81300
Pd97,46,51,-77800
Pd104,46,58,-89300
Pd103,46,57,-87400
Pd105,46,59,-88400
Pd100,46,54,-85200
Pd99,46,53,-82100
Pd102,46,56,-87900
Pd101,46,55,-85400
Pd93,46,47,-58900
Pd92,46,46,-54700
Pd95,46,49,-69900
Pd95,46,49,-68100
Pd95,46,49,-69200
Pd94,46,48,-66100
Pd91,46,45,-46100
Pd90,46,44,-39700
Ag132,47,85,-34400
Ag130,47,83,-45800
Ag131,47,84,-40700
Ag128,47,81,-54700
Ag129,47,82,-51800
Ag129,47,82,-51800
Ag127,47,80,-58600
Ag127,47,80,-56700
Ag121,47,74,-74400
Ag122,47,75,-71100
Ag122,47,75,-71000
Ag119,47,72,-78600
Ag119,47,72,-78600
Ag120,47,73,-75600
Ag120,47,73,-75400
Ag120,47,73,-75600
Ag117,47,70,-82100
Ag117,47,70,-82200
Ag118,47,71,-79500
Ag118,47,71,-79400
Ag125,47,78,-64500
Ag125,47,78,-64400
Ag126,47,79,-60700
Ag126,47,79,-60700
Ag123,47,76,-69500
Ag124,47,77,-66200
Ag124,47,77,-66200
Ag110,47,63,-87400
Ag110,47,63,-87300
Ag111,47,64,-88200
Ag111,47,64,-88200
Ag108,47,61,-87600
Ag108,47,61,-87500
Ag109,47,62,-88700
Ag109,47,62,-88600
Ag107,47,60,-88400
Ag107,47,60,-88300
Ag116,47,69,-82500
Ag116,47,69,-82500
Ag116,47,69,-82400
Ag114,47,67,-84900
Ag115,47,68,-84900
Ag115,47,68,-84900
Ag112,47,65,-86500
Ag113,47,66,-87000
Ag113,47,66,-87000
Ag99,47,52,-76700
Ag99,47,52,-76200
Ag100,47,53,-78100
Ag100,47,53,-78100
Ag97,47,50,-70900
Ag98,47,51,-73000
Ag105,47,58,-87000
Ag105,47,58,-87000
Ag106,47,59,-86900
Ag106,47,59,-86900
Ag103,47,56,-84800
Ag103,47,56,-84700
Ag104,47,57,-85100
Ag104,47,57,-85100
Ag101,47,54,-81300
Ag101,47,54,-81100
Ag102,47,55,-82200
Ag102,47,55,-82200
Ag96,47,49,-64500
Ag96,47,49,-64500
Ag94,47,47,-52400
Ag94,47,47,-52400
Ag94,47,47,-45700
Ag95,47,48,-59900
Ag92,47,45,-37500
Ag93,47,46,-46400
Cd112,48,64,-90500
Cd113,48,65,-89000
Cd113,48,65,-88800
Cd110,48,62,-90300
Cd111,48,63,-89200
Cd111,48,63,-88900
Cd108,48,60,-89200
Cd109,48,61,-88500
Cd116,48,68,-88700
Cd117,48,69,-86400
Cd117,48,69,-86300
Cd114,48,66,-90000
Cd115,48,67,-88000
Cd115,48,67,-87900
Cd101,48,53,-75800
Cd102,48,54,-79600
Cd99,48,51,-69900
Cd100,48,52,-74100
Cd98,48,50,-67600
Cd107,48,59,-86900
Cd105,48,57,-84300
Cd106,48,58,-87100
Cd103,48,55,-80600
Cd104,48,56,-83900
Cd96,48,48,-55500
Cd96,48,48,-49800
Cd97,48,49,-60700
Cd97,48,49,-58100
Cd97,48,49,-60700
Cd94,48,46,-40400
Cd95,48,47,-47000
Cd134,48,86,-39400
Cd132,48,84,-50400
Cd133,48,85,-44100
Cd130,48,82,-61100
Cd131,48,83,-55200
Cd128,48,80,-67200
Cd129,48,81,-63100
Cd129,48,81,-62800
Cd123,48,75,-77400
Cd123,48,75,-77300
Cd124,48,76,-76600
Cd121,48,73,-81000
Cd121,48,73,-80900
Cd122,48,74,-80600
Cd119,48,71,-83900
Cd119,48,71,-83800
Cd120,48,72,-83900
Cd118,48,70,-86700
Cd127,48,79,-68700
Cd127,48,79,-68500
Cd125,48,77,-73300
Cd125,48,77,-73200
Cd126,48,78,-72200
In137,49,88,-35800
In136,49,87,-40900
In135,49,86,-47100
In134,49,85,-51900
In133,49,84,-57600
In133,49,84,-57000
In132,49,83,-62400
In131,49,82,-68000
In131,49,82,-67700
In131,49,82,-64300
In130,49,81,-69900
In130,49,81,-69800
In130,49,81,-69500
In129,49,80,-72800
In129,49,80,-72400
In129,49,80,-71200
In129,49,80,-70900
In126,49,77,-77800
In126,49,77,-77700
In125,49,76,-80400
In125,49,76,-80100
In124,49,75,-80800
In124,49,75,-80800
In123,49,74,-83400
In123,49,74,-83100
In122,49,73,-83500
In122,49,73,-83500
In122,49,73,-83300
In121,49,72,-85800
In121,49,72,-85500
In120,49,71,-85700
In120,49,71,-85700
In120,49,71,-85700
In119,49,70,-87600
In119,49,70,-87400
In128,49,79,-74100
In128,49,79,-73900
In128,49,79,-72400
In127,49,78,-76800
In127,49,78,-76500
In127,49,78,-75100
In115,49,66,-89500
In115,49,66,-89200
In114,49,65,-88500
In114,49,65,-88400
In113,49,64,-89300
In113,49,64,-89000
In112,49,63,-87900
In112,49,63,-87800
In111,49,62,-88300
In111,49,62,-87900
In110,49,61,-86400
In110,49,61,-86400
In109,49,60,-86400
In109,49,60,-85800
In109,49,60,-84400
In118,49,69,-87200
In118,49,69,-87200
In118,49,69,-87000
In117,49,68,-88900
In117,49,68,-88600
In116,49,67,-88200
In116,49,67,-88100
In116,49,67,-88000
In104,49,55,-76100
In104,49,55,-76100
In103,49,54,-74600
In103,49,54,-74000
In102,49,53,-70600
In101,49,52,-68500
In101,49,52,-67900
In100,49,51,-64100
In99,49,50,-61300
In108,49,59,-84100
In108,49,59,-84100
In107,49,58,-83500
In107,49,58,-82900
In106,49,57,-80600
In106,49,57,-80600
In105,49,56,-79600
In105,49,56,-79000
In98,49,49,-53900
In98,49,49,-53100
In97,49,48,-47300
In96,49,47,-38000
Sn99,50,49,-47900
Sn101,50,51,-60300
Sn100,50,50,-57100
Sn103,50,53,-67000
Sn102,50,52,-64900
Sn105,50,55,-73300
Sn104,50,54,-71600
Sn107,50,57,-78500
Sn106,50,56,-77300
Sn109,50,59,-82600
Sn108,50,58,-82000
Sn110,50,60,-85800
Sn112,50,62,-88600
Sn111,50,61,-85900
Sn114,50,64,-90500
Sn113,50,63,-88300
Sn113,50,63,-88300
Sn116,50,66,-91500
Sn115,50,65,-90000
Sn118,50,68,-91600
Sn117,50,67,-90300
Sn117,50,67,-90100
Sn119,50,69,-90000
Sn119,50,69,-90000
Sn121,50,71,-89100
Sn121,50,71,-89200
Sn120,50,70,-91000
Sn123,50,73,-87800
Sn123,50,73,-87800
Sn122,50,72,-89900
Sn125,50,75,-85800
Sn125,50,75,-85900
Sn124,50,74,-88200
Sn127,50,77,-83400
Sn127,50,77,-83500
Sn126,50,76,-86000
Sn129,50,79,-80500
Sn129,50,79,-80600
Sn128,50,78,-83300
Sn128,50,78,-81300
Sn130,50,80,-80100
Sn130,50,80,-60700
Sn132,50,82,-76500
Sn131,50,81,-77200
Sn131,50,81,-77200
Sn134,50,84,-66400
Sn133,50,83,-70800
Sn136,50,86,-56100
Sn135,50,85,-60600
Sn138,50,88,-45500
Sn137,50,87,-50100
Sn139,50,89,-39300
Sn140,50,90,-34400
Sb105,51,54,-64000
Sb104,51,53,-59200
Sb107,51,56,-70600
Sb106,51,55,-66400
Sb109,51,58,-76200
Sb108,51,57,-72400
Sb110,51,59,-77400
Sb112,51,61,-81500
Sb111,51,60,-80800
Sb114,51,63,-84400
Sb113,51,62,-84400
Sb116,51,65,-86800
Sb116,51,65,-86400
Sb115,51,64,-87000
Sb118,51,67,-87900
Sb118,51,67,-87700
Sb117,51,66,-88600
Sb120,51,69,-88400
Sb120,51,69,-88400
Sb119,51,68,-89400
Sb119,51,68,-86700
Sb121,51,70,-89500
Sb123,51,72,-89200
Sb122,51,71,-88300
Sb122,51,71,-88200
Sb125,51,74,-88200
Sb124,51,73,-87600
Sb124,51,73,-87600
Sb124,51,73,-87600
Sb127,51,76,-86600
Sb126,51,75,-86300
Sb126,51,75,-86400
Sb126,51,75,-86400
Sb129,51,78,-84600
Sb129,51,78,-82800
Sb128,51,77,-84600
Sb128,51,77,-84600
Sb130,51,79,-82200
Sb130,51,79,-82300
Sb132,51,81,-79600
Sb132,51,81,-79400
Sb131,51,80,-81900
Sb134,51,83,-74000
Sb134,51,83,-73700
Sb133,51,82,-78900
Sb136,51,85,-64500
Sb135,51,84,-69600
Sb138,51,87,-54600
Sb137,51,86,-60000
Sb140,51,89,-44300
Sb139,51,88,-50000
Sb141,51,90,-39500
Sb142,51,91,-33600
Te106,52,54,-58200
Te107,52,55,-60600
Te104,52,52,-49600
Te105,52,53,-52800
Te110,52,58,-72200
Te111,52,59,-73500
Te108,52,56,-65700
Te109,52,57,-67700
Te113,52,61,-78300
Te114,52,62,-81800
Te112,52,60,-77500
Te117,52,65,-85000
Te117,52,65,-84800
Te118,52,66,-87600
Te115,52,63,-82000
Te115,52,63,-82100
Te116,52,64,-85200
Te121,52,69,-88500
Te121,52,69,-88200
Te119,52,67,-87100
Te119,52,67,-86900
Te120,52,68,-89300
Te124,52,72,-90500
Te125,52,73,-89000
Te125,52,73,-88900
Te122,52,70,-90300
Te123,52,71,-89100
Te123,52,71,-88900
Te128,52,76,-88900
Te129,52,77,-87000
Te129,52,77,-86900
Te126,52,74,-90000
Te127,52,75,-88200
Te127,52,75,-88200
Te130,52,78,-87300
Te131,52,79,-85200
Te131,52,79,-85000
Te131,52,79,-83300
Te132,52,80,-85100
Te135,52,83,-77700
Te136,52,84,-74400
Te133,52,81,-82900
Te133,52,81,-82600
Te134,52,82,-82500
Te139,52,87,-60200
Te140,52,88,-56300
Te137,52,85,-69300
Te138,52,86,-65600
Te141,52,89,-50600
Te142,52,90,-46500
Te143,52,91,-40500
Te144,52,92,-36200
Te145,52,93,-30000
I108,53,55,-52700
I109,53,56,-57600
I112,53,59,-67000
I110,53,57,-60400
I111,53,58,-64900
I115,53,62,-76300
I116,53,63,-77400
I113,53,60,-71100
I114,53,61,-72600
I114,53,61,-72400
I119,53,66,-83700
I120,53,67,-83700
I120,53,67,-83400
I117,53,64,-80400
I118,53,65,-80900
I118,53,65,-80800
I121,53,68,-86200
I122,53,69,-86000
I123,53,70,-87900
I126,53,73,-87900
I127,53,74,-88900
I124,53,71,-87300
I125,53,72,-88800
I130,53,77,-86900
I130,53,77,-86900
I131,53,78,-87400
I128,53,75,-87700
I129,53,76,-88500
I132,53,79,-85700
I132,53,79,-85600
I133,53,80,-85800
I133,53,80,-84200
I134,53,81,-84000
I134,53,81,-83700
I137,53,84,-76300
I138,53,85,-71900
I135,53,82,-83700
I136,53,83,-79500
I136,53,83,-79300
I141,53,88,-59900
I142,53,89,-54800
I139,53,86,-68400
I140,53,87,-63600
I140,53,87,-63600
I140,53,87,-63600
I144,53,91,-45300
I145,53,92,-41100
I143,53,90,-50700
I146,53,93,-35500
I147,53,94,-31200
Xe125,54,71,-87100
Xe125,54,71,-86900
Xe124,54,70,-87600
Xe129,54,75,-88600
Xe129,54,75,-88500
Xe128,54,74,-89800
Xe127,54,73,-88300
Xe127,54,73,-88000
Xe126,54,72,-89100
Xe133,54,79,-87600
Xe133,54,79,-87400
Xe132,54,78,-89200
Xe131,54,77,-88400
Xe131,54,77,-88200
Xe130,54,76,-89800
Xe136,54,82,-86400
Xe135,54,81,-86400
Xe135,54,81,-85900
Xe134,54,80,-88100
Xe134,54,80,-86200
Xe140,54,86,-72900
Xe139,54,85,-75600
Xe138,54,84,-79900
Xe137,54,83,-82300
Xe143,54,89,-60200
Xe142,54,88,-65200
Xe141,54,87,-68100
Xe147,54,93,-42400
Xe146,54,92,-47900
Xe145,54,91,-51400
Xe144,54,90,-56800
Xe150,54,96,-28900
Xe149,54,95,-33000
Xe148,54,94,-38600
Xe111,54,57,-54500
Xe110,54,56,-51900
Xe109,54,55,-46100
Xe108,54,54,-42600
Xe113,54,59,-62200
Xe112,54,58,-60000
Xe114,54,60,-67000
Xe118,54,64,-78000
Xe117,54,63,-74100
Xe116,54,62,-73000
Xe115,54,61,-68600
Xe122,54,68,-85300
Xe121,54,67,-82400
Xe120,54,66,-82100
Xe119,54,65,-78700
Xe123,54,69,-85200
Cs113,55,58,-51700
Cs112,55,57,-46400
Cs114,55,59,-54600
Cs116,55,61,-62000
Cs116,55,61,-62000
Cs115,55,60,-59600
Cs120,55,65,-73800
Cs120,55,65,-73800
Cs119,55,64,-72300
Cs119,55,64,-72200
Cs118,55,63,-68400
Cs118,55,63,-68400
Cs117,55,62,-66400
Cs117,55,62,-66400
Cs124,55,69,-81700
Cs124,55,69,-81300
Cs123,55,68,-81000
Cs123,55,68,-80900
Cs122,55,67,-78100
Cs122,55,67,-78000
Cs122,55,67,-78000
Cs121,55,66,-77100
Cs121,55,66,-77000
Cs127,55,72,-86200
Cs126,55,71,-84300
Cs125,55,70,-84000
Cs131,55,76,-88000
Cs130,55,75,-86800
Cs130,55,75,-86700
Cs129,55,74,-87400
Cs128,55,73,-85900
Cs134,55,79,-86800
Cs134,55,79,-86800
Cs133,55,78,-88000
Cs132,55,77,-87100
Cs138,55,83,-82800
Cs138,55,83,-82800
Cs137,55,82,-86500
Cs136,55,81,-86300
Cs136,55,81,-85800
Cs135,55,80,-87500
Cs135,55,80,-85900
Cs142,55,87,-70500
Cs141,55,86,-74400
Cs140,55,85,-77000
Cs139,55,84,-80700
Cs144,55,89,-63200
Cs143,55,88,-67600
Cs145,55,90,-60000
Cs149,55,94,-43300
Cs148,55,93,-46900
Cs147,55,92,-51900
Cs146,55,91,-55300
Cs152,55,97,-29100
Cs151,55,96,-34200
Cs150,55,95,-38100
Ba148,56,92,-57500
Ba149,56,93,-52800
Ba150,56,94,-49800
Ba151,56,95,-44900
Ba146,56,90,-64800
Ba147,56,91,-60200
Ba152,56,96,-41600
Ba153,56,97,-36400
Ba154,56,98,-32900
Ba114,56,58,-45900
Ba115,56,59,-48900
Ba116,56,60,-54300
Ba117,56,61,-57400
Ba118,56,62,-62200
Ba123,56,67,-75600
Ba124,56,68,-79000
Ba125,56,69,-79600
Ba119,56,63,-64500
Ba120,56,64,-68800
Ba121,56,65,-70700
Ba122,56,66,-74600
Ba126,56,70,-82600
Ba127,56,71,-82800
Ba127,56,71,-82700
Ba128,56,72,-85300
Ba129,56,73,-85000
Ba129,56,73,-85100
Ba134,56,78,-88900
Ba135,56,79,-87800
Ba135,56,79,-87600
Ba130,56,74,-87200
Ba131,56,75,-86600
Ba131,56,75,-86500
Ba132,56,76,-88400
Ba133,56,77,-87500
Ba133,56,77,-87300
Ba137,56,81,-87700
Ba137,56,81,-87100
Ba138,56,82,-88200
Ba139,56,83,-84900
Ba140,56,84,-83200
Ba136,56,80,-88800
Ba136,56,80,-86900
Ba145,56,89,-67500
Ba141,56,85,-79700
Ba142,56,86,-77800
Ba143,56,87,-73900
Ba144,56,88,-71700
La117,57,60,-46200
La120,57,63,-57500
La125,57,68,-73700
La125,57,68,-73700
La126,57,69,-74900
La126,57,69,-74900
La121,57,64,-62100
La122,57,65,-64500
La123,57,66,-68600
La124,57,67,-70200
La124,57,67,-70200
La128,57,71,-78600
La128,57,71,-78600
La129,57,72,-81300
La129,57,72,-81200
La130,57,73,-81600
La131,57,74,-83700
La127,57,70,-77800
La127,57,70,-77900
La136,57,79,-86000
La136,57,79,-85800
La132,57,75,-83700
La132,57,75,-83500
La133,57,76,-85400
La134,57,77,-85200
La135,57,78,-86600
La139,57,82,-87200
La140,57,83,-84300
La141,57,84,-82900
La142,57,85,-80000
La137,57,80,-87100
La138,57,81,-86500
La143,57,86,-78100
La144,57,87,-74800
La145,57,88,-72800
La146,57,89,-69200
La146,57,89,-69100
La150,57,93,-56300
La151,57,94,-53300
La152,57,95,-49200
La153,57,96,-46000
La147,57,90,-66600
La148,57,91,-62700
La149,57,92,-60200
La154,57,97,-41500
La155,57,98,-37900
La156,57,99,-33000
La157,57,100,-29000
Ce158,58,100,-36500
Ce121,58,63,-52600
Ce122,58,64,-57800
Ce127,58,69,-71900
Ce127,58,69,-72000
Ce123,58,65,-60200
Ce124,58,66,-64900
Ce125,58,67,-66600
Ce125,58,67,-66600
Ce126,58,68,-70800
Ce130,58,72,-79400
Ce131,58,73,-79700
Ce131,58,73,-79600
Ce132,58,74,-82400
Ce133,58,75,-82400
Ce133,58,75,-82400
Ce128,58,70,-75500
Ce129,58,71,-76200
Ce134,58,76,-84800
Ce135,58,77,-84600
Ce135,58,77,-84200
Ce136,58,78,-86500
Ce137,58,79,-85900
Ce137,58,79,-85700
Ce141,58,83,-85400
Ce142,58,84,-84500
Ce143,58,85,-81600
Ce144,58,86,-80400
Ce138,58,80,-87500
Ce138,58,80,-85400
Ce139,58,81,-86900
Ce139,58,81,-86200
Ce140,58,82,-88000
Ce145,58,87,-77000
Ce146,58,88,-75600
Ce147,58,89,-72000
Ce152,58,94,-58900
Ce153,58,95,-54900
Ce154,58,96,-52200
Ce155,58,97,-47700
Ce148,58,90,-70300
Ce149,58,91,-66600
Ce150,58,92,-64800
Ce151,58,93,-61200
Ce156,58,98,-44800
Ce157,58,99,-39900
Pr159,59,100,-40700
Pr160,59,101,-36200
Pr161,59,102,-32400
Pr144,59,85,-80700
Pr144,59,85,-80700
Pr143,59,84,-83000
Pr146,59,87,-76600
Pr145,59,86,-79600
Pr140,59,81,-84600
Pr139,59,80,-84800
Pr142,59,83,-83700
Pr142,59,83,-83800
Pr141,59,82,-86000
Pr148,59,89,-72500
Pr148,59,89,-72500
Pr147,59,88,-75400
Pr149,59,90,-71000
Pr155,59,96,-55400
Pr154,59,95,-57800
Pr157,59,98,-48400
Pr156,59,97,-51400
Pr151,59,92,-66700
Pr150,59,91,-68300
Pr153,59,94,-61500
Pr152,59,93,-63700
Pr158,59,99,-44100
Pr121,59,62,-41500
Pr124,59,65,-53100
Pr126,59,67,-60300
Pr125,59,66,-58000
Pr128,59,69,-66300
Pr127,59,68,-64500
Pr133,59,74,-77900
Pr133,59,74,-77700
Pr132,59,73,-75200
Pr135,59,76,-80900
Pr134,59,75,-78500
Pr134,59,75,-78500
Pr129,59,70,-69700
Pr131,59,72,-74300
Pr131,59,72,-74100
Pr130,59,71,-71100
Pr130,59,71,-71100
Pr137,59,78,-83200
Pr136,59,77,-81300
Pr138,59,79,-83100
Pr138,59,79,-82800
Nd163,60,103,-34000
Nd161,60,101,-42200
Nd162,60,102,-39000
Nd160,60,100,-46700
Nd134,60,74,-75600
Nd133,60,73,-72300
Nd133,60,73,-72200
Nd132,60,72,-71400
Nd131,60,71,-67700
Nd130,60,70,-66500
Nd139,60,79,-82000
Nd139,60,79,-81800
Nd138,60,78,-82000
Nd137,60,77,-79500
Nd137,60,77,-79100
Nd136,60,76,-79100
Nd135,60,75,-76200
Nd135,60,75,-76100
Nd145,60,85,-81400
Nd144,60,84,-83700
Nd143,60,83,-84000
Nd142,60,82,-85900
Nd141,60,81,-84100
Nd141,60,81,-83400
Nd140,60,80,-84200
Nd149,60,89,-74300
Nd148,60,88,-77400
Nd147,60,87,-78100
Nd146,60,86,-80900
Nd156,60,96,-60200
Nd155,60,95,-62200
Nd154,60,94,-65500
Nd153,60,93,-67300
Nd152,60,92,-70100
Nd151,60,91,-70900
Nd150,60,90,-73600
Nd159,60,99,-49700
Nd158,60,98,-53800
Nd157,60,97,-56400
Nd129,60,69,-62300
Nd129,60,69,-62300
Nd128,60,68,-60500
Nd127,60,67,-55900
Nd126,60,66,-53300
Nd125,60,65,-48000
Pm130,61,69,-55400
Pm129,61,68,-53100
Pm128,61,67,-48200
Pm136,61,75,-71100
Pm136,61,75,-70900
Pm135,61,74,-70000
Pm135,61,74,-70000
Pm134,61,73,-66700
Pm134,61,73,-66700
Pm133,61,72,-65400
Pm133,61,72,-65300
Pm132,61,71,-61600
Pm131,61,70,-59700
Pm140,61,79,-78200
Pm140,61,79,-77800
Pm139,61,78,-77500
Pm139,61,78,-77300
Pm138,61,77,-74900
Pm137,61,76,-74000
Pm137,61,76,-73900
Pm147,61,86,-79000
Pm146,61,85,-79400
Pm145,61,84,-81200
Pm144,61,83,-81400
Pm143,61,82,-82900
Pm142,61,81,-81100
Pm141,61,80,-80500
Pm150,61,89,-73500
Pm149,61,88,-76000
Pm148,61,87,-76800
Pm148,61,87,-76700
Pm158,61,97,-59100
Pm157,61,96,-62200
Pm156,61,95,-64100
Pm156,61,95,-64000
Pm155,61,94,-66900
Pm154,61,93,-68200
Pm154,61,93,-68100
Pm153,61,92,-70600
Pm152,61,91,-71200
Pm152,61,91,-71100
Pm152,61,91,-71200
Pm151,61,90,-73300
Pm160,61,99,-52800
Pm160,61,99,-52700
Pm159,61,98,-56500
Pm165,61,104,-34600
Pm161,61,100,-50000
Pm162,61,101,-46000
Pm163,61,102,-42900
Pm164,61,103,-38300
Sm129,62,67,-42300
Sm130,62,68,-47700
Sm131,62,69,-50200
Sm139,62,77,-72300
Sm139,62,77,-71900
Sm140,62,78,-75400
Sm141,62,79,-75900
Sm141,62,79,-75800
Sm132,62,70,-55100
Sm133,62,71,-57200
Sm133,62,71,-57200
Sm134,62,72,-61300
Sm135,62,73,-62800
Sm136,62,74,-66800
Sm137,62,75,-67900
Sm138,62,76,-71400
Sm150,62,88,-77000
Sm151,62,89,-74500
Sm142,62,80,-78900
Sm143,62,81,-79500
Sm143,62,81,-78800
Sm144,62,82,-81900
Sm145,62,83,-80600
Sm146,62,84,-80900
Sm147,62,85,-79200
Sm148,62,86,-79300
Sm149,62,87,-77100
Sm164,62,102,-47900
Sm163,62,101,-50500
Sm162,62,100,-54300
Sm168,62,106,-31600
Sm167,62,105,-35300
Sm166,62,104,-40400
Sm165,62,103,-43500
Sm161,62,99,-56600
Sm152,62,90,-74700
Sm153,62,91,-72500
Sm154,62,92,-72400
Sm155,62,93,-70100
Sm156,62,94,-69300
Sm157,62,95,-66600
Sm158,62,96,-65200
Sm159,62,97,-62200
Sm160,62,98,-60200
Eu170,63,107,-30800
Eu169,63,106,-35600
Eu164,63,101,-53200
Eu163,63,100,-56500
Eu166,63,103,-46700
Eu165,63,102,-50700
Eu168,63,105,-39200
Eu167,63,104,-43700
Eu130,63,67,-33500
Eu131,63,68,-39400
Eu132,63,69,-42200
Eu141,63,78,-69900
Eu141,63,78,-69800
Eu142,63,79,-71300
Eu142,63,79,-70800
Eu134,63,71,-49800
Eu135,63,72,-54100
Eu136,63,73,-56200
Eu136,63,73,-56200
Eu137,63,74,-60100
Eu138,63,75,-61700
Eu139,63,76,-65300
Eu140,63,77,-66900
Eu140,63,77,-66800
Eu152,63,89,-72800
Eu152,63,89,-72800
Eu152,63,89,-72700
Eu143,63,80,-74200
Eu144,63,81,-75600
Eu145,63,82,-77900
Eu146,63,83,-77100
Eu147,63,84,-77500
Eu148,63,85,-76200
Eu149,63,86,-76400
Eu150,63,87,-74700
Eu150,63,87,-74800
Eu151,63,88,-74600
Eu153,63,90,-73300
Eu154,63,91,-71700
Eu154,63,91,-71600
Eu155,63,92,-71800
Eu156,63,93,-70000
Eu157,63,94,-69400
Eu158,63,95,-67200
Eu159,63,96,-66000
Eu160,63,97,-63400
Eu160,63,97,-63400
Eu161,63,98,-61700
Eu162,63,99,-58700
Eu162,63,99,-58600
Gd143,64,79,-68200
Gd143,64,79,-68100
Gd134,64,70,-41500
Gd136,64,72,-49000
Gd135,64,71,-44200
Gd138,64,74,-55600
Gd137,64,73,-51200
Gd140,64,76,-61700
Gd139,64,75,-57600
Gd139,64,75,-57400
Gd142,64,78,-66900
Gd141,64,77,-63200
Gd141,64,77,-62800
Gd145,64,81,-72900
Gd145,64,81,-72200
Gd144,64,80,-71700
Gd147,64,83,-75300
Gd146,64,82,-76000
Gd149,64,85,-75100
Gd148,64,84,-76200
Gd151,64,87,-74100
Gd150,64,86,-75700
Gd153,64,89,-72800
Gd152,64,88,-74700
Gd154,64,90,-73700
Gd156,64,92,-72500
Gd155,64,91,-72000
Gd158,64,94,-70600
Gd157,64,93,-70800
Gd160,64,96,-67900
Gd159,64,95,-68500
Gd162,64,98,-64200
Gd161,64,97,-65500
Gd163,64,99,-61300
Gd163,64,99,-61300
Gd168,64,104,-48100
Gd167,64,103,-50700
Gd166,64,102,-54300
Gd165,64,101,-56500
Gd164,64,100,-59600
Gd172,64,108,-32900
Gd171,64,107,-36200
Gd170,64,106,-40800
Gd169,64,105,-43800
Tb166,65,101,-57800
Tb165,65,100,-60500
Tb168,65,103,-52700
Tb167,65,102,-55800
Tb174,65,109,-31900
Tb173,65,108,-36500
Tb170,65,105,-46700
Tb169,65,104,-50400
Tb172,65,107,-39600
Tb171,65,106,-43700
Tb145,65,80,-66300
Tb147,65,82,-70700
Tb147,65,82,-70700
Tb146,65,81,-67700
Tb146,65,81,-67700
Tb149,65,84,-71400
Tb149,65,84,-71500
Tb148,65,83,-70500
Tb148,65,83,-70400
Tb151,65,86,-71600
Tb151,65,86,-71500
Tb150,65,85,-71100
Tb150,65,85,-70600
Tb153,65,88,-71300
Tb152,65,87,-70700
Tb152,65,87,-70200
Tb154,65,89,-70100
Tb154,65,89,-70100
Tb154,65,89,-70000
Tb156,65,91,-70000
Tb156,65,91,-70000
Tb156,65,91,-70000
Tb155,65,90,-71200
Tb158,65,93,-69400
Tb158,65,93,-69400
Tb157,65,92,-70700
Tb160,65,95,-67800
Tb159,65,94,-69500
Tb162,65,97,-65800
Tb162,65,97,-65600
Tb161,65,96,-67400
Tb164,65,99,-62100
Tb164,65,99,-62000
Tb163,65,98,-64500
Tb135,65,70,-33000
Tb138,65,73,-43600
Tb140,65,75,-50400
Tb139,65,74,-48100
Tb142,65,77,-56500
Tb142,65,77,-56300
Tb141,65,76,-54500
Tb144,65,79,-62300
Tb144,65,79,-62000
Tb143,65,78,-60400
Tb143,65,78,-60400
Dy141,66,75,-45300
Dy142,66,76,-50100
Dy139,66,73,-37700
Dy140,66,74,-42800
Dy145,66,79,-58200
Dy145,66,79,-58100
Dy143,66,77,-52100
Dy143,66,77,-51900
Dy144,66,78,-56500
Dy148,66,82,-67800
Dy149,66,83,-67600
Dy149,66,83,-65000
Dy146,66,80,-62500
Dy146,66,80,-59600
Dy147,66,81,-64100
Dy147,66,81,-63400
Dy152,66,86,-70100
Dy153,66,87,-69100
Dy150,66,84,-69300
Dy151,66,85,-68700
Dy154,66,88,-70300
Dy155,66,89,-69100
Dy156,66,90,-70500
Dy159,66,93,-69100
Dy160,66,94,-69600
Dy157,66,91,-69400
Dy158,66,92,-70400
Dy163,66,97,-66300
Dy164,66,98,-65900
Dy161,66,95,-68000
Dy162,66,96,-68100
Dy165,66,99,-63600
Dy165,66,99,-63500
Dy176,66,110,-33600
Dy168,66,102,-58500
Dy167,66,101,-59900
Dy166,66,100,-62500
Dy172,66,106,-47700
Dy172,66,106,-46500
Dy171,66,105,-50000
Dy170,66,104,-53700
Dy169,66,103,-55500
Dy175,66,109,-36700
Dy174,66,108,-41100
Dy173,66,107,-43700
Ho140,67,73,-29300
Ho143,67,76,-42000
Ho144,67,77,-44600
Ho141,67,74,-34300
Ho142,67,75,-37200
Ho145,67,78,-49100
Ho146,67,79,-51200
Ho147,67,80,-55700
Ho150,67,83,-61900
Ho150,67,83,-61900
Ho151,67,84,-63600
Ho151,67,84,-63600
Ho148,67,81,-57900
Ho148,67,81,-57700
Ho149,67,82,-61600
Ho149,67,82,-61600
Ho154,67,87,-64600
Ho154,67,87,-64400
Ho155,67,88,-66000
Ho152,67,85,-63600
Ho152,67,85,-63400
Ho153,67,86,-65000
Ho153,67,86,-64900
Ho156,67,89,-65500
Ho156,67,89,-65500
Ho156,67,89,-65500
Ho157,67,90,-66800
Ho158,67,91,-66100
Ho158,67,91,-66100
Ho158,67,91,-66000
Ho161,67,94,-67100
Ho161,67,94,-67000
Ho162,67,95,-66000
Ho162,67,95,-65900
Ho159,67,92,-67300
Ho159,67,92,-67100
Ho160,67,93,-66300
Ho160,67,93,-66300
Ho160,67,93,-66200
Ho165,67,98,-64800
Ho166,67,99,-63000
Ho166,67,99,-63100
Ho163,67,96,-66300
Ho163,67,96,-66100
Ho164,67,97,-64900
Ho164,67,97,-64800
Ho168,67,101,-60000
Ho168,67,101,-60000
Ho167,67,100,-62200
Ho170,67,103,-56200
Ho170,67,103,-56100
Ho169,67,102,-58700
Ho172,67,105,-51400
Ho171,67,104,-54500
Ho174,67,107,-45800
Ho173,67,106,-49300
Ho176,67,109,-39300
Ho175,67,108,-43300
Ho177,67,110,-36200
Ho178,67,111,-32100
Er176,68,108,-46600
Er175,68,107,-48600
Er174,68,106,-51900
Er174,68,106,-50800
Er173,68,105,-53600
Er172,68,104,-56400
Er171,68,103,-57700
Er170,68,102,-60100
Er169,68,101,-60900
Er168,68,100,-62900
Er177,68,109,-42800
Er180,68,112,-33100
Er179,68,111,-36000
Er178,68,110,-40200
Er146,68,78,-44300
Er145,68,77,-39200
Er145,68,77,-39000
Er144,68,76,-36600
Er143,68,75,-31100
Er147,68,79,-46600
Er147,68,79,-46500
Er149,68,81,-53700
Er149,68,81,-53000
Er148,68,80,-51400
Er153,68,85,-60400
Er152,68,84,-60500
Er151,68,83,-58200
Er151,68,83,-55700
Er150,68,82,-57800
Er157,68,89,-63400
Er156,68,88,-64200
Er155,68,87,-62200
Er154,68,86,-62600
Er160,68,92,-66000
Er159,68,91,-64500
Er158,68,90,-65300
Er164,68,96,-65900
Er163,68,95,-65100
Er162,68,94,-66300
Er161,68,93,-65200
Er167,68,99,-63200
Er167,68,99,-63100
Er166,68,98,-64900
Er165,68,97,-64500
Tm144,69,75,-22100
Tm148,69,79,-38700
Tm147,69,78,-35900
Tm146,69,77,-31000
Tm146,69,77,-30800
Tm146,69,77,-30600
Tm145,69,76,-27500
Tm151,69,82,-50700
Tm151,69,82,-50700
Tm150,69,81,-46400
Tm150,69,81,-46400
Tm149,69,80,-43900
Tm155,69,86,-56600
Tm155,69,86,-56600
Tm154,69,85,-54400
Tm154,69,85,-54400
Tm153,69,84,-53900
Tm153,69,84,-53900
Tm152,69,83,-51700
Tm152,69,83,-51700
Tm158,69,89,-58700
Tm157,69,88,-58700
Tm156,69,87,-56800
Tm162,69,93,-61400
Tm162,69,93,-61300
Tm161,69,92,-61800
Tm161,69,92,-61900
Tm160,69,91,-60300
Tm160,69,91,-60200
Tm159,69,90,-60500
Tm166,69,97,-61800
Tm166,69,97,-61800
Tm165,69,96,-62900
Tm164,69,95,-61900
Tm164,69,95,-61900
Tm163,69,94,-62700
Tm168,69,99,-61300
Tm167,69,98,-62500
Tm178,69,109,-44200
Tm177,69,108,-47500
Tm177,69,108,-47500
Tm174,69,105,-53800
Tm174,69,105,-53600
Tm173,69,104,-56200
Tm176,69,107,-49300
Tm175,69,106,-52300
Tm170,69,101,-59700
Tm169,69,100,-61200
Tm172,69,103,-57300
Tm171,69,102,-59200
Tm181,69,112,-35400
Tm180,69,111,-38100
Tm179,69,110,-41900
Yb149,70,79,-33300
Yb159,70,89,-55800
Yb156,70,86,-53200
Yb155,70,85,-50500
Yb158,70,88,-56000
Yb157,70,87,-53400
Yb152,70,82,-46200
Yb151,70,81,-41500
Yb151,70,81,-40900
Yb154,70,84,-49900
Yb153,70,83,-47100
Yb150,70,80,-38800
Yb167,70,97,-60500
Yb166,70,96,-61500
Yb169,70,99,-60300
Yb169,70,99,-60400
Yb168,70,98,-61500
Yb163,70,93,-59200
Yb162,70,92,-59800
Yb165,70,95,-60200
Yb164,70,94,-61000
Yb161,70,91,-57800
Yb160,70,90,-58100
Yb171,70,101,-59300
Yb170,70,100,-60700
Yb182,70,112,-38900
Yb181,70,111,-41000
Yb180,70,110,-44700
Yb175,70,105,-54600
Yb174,70,104,-56900
Yb173,70,103,-57500
Yb172,70,102,-59200
Yb179,70,109,-46600
Yb178,70,108,-49600
Yb177,70,107,-50900
Yb177,70,107,-50700
Yb176,70,106,-53400
Yb176,70,106,-52400
Yb185,70,115,-28400
Yb184,70,114,-32600
Yb183,70,113,-35000
Lu173,71,102,-56800
Lu172,71,101,-56700
Lu172,71,101,-56700
Lu175,71,104,-55100
Lu174,71,103,-55500
Lu174,71,103,-55400
Lu177,71,106,-52300
Lu177,71,106,-51400
Lu176,71,105,-53300
Lu176,71,105,-53300
Lu179,71,108,-49000
Lu178,71,107,-50300
Lu178,71,107,-50200
Lu180,71,109,-46600
Lu182,71,111,-41700
Lu181,71,110,-44700
Lu171,71,100,-57800
Lu171,71,100,-57800
Lu184,71,113,-36300
Lu183,71,112,-39700
Lu186,71,115,-30300
Lu185,71,114,-33900
Lu188,71,117,-23800
Lu187,71,116,-27700
Lu158,71,87,-47200
Lu157,71,86,-46400
Lu157,71,86,-46400
Lu160,71,89,-50200
Lu160,71,89,-50200
Lu159,71,88,-49700
Lu154,71,83,-39600
Lu154,71,83,-39600
Lu153,71,82,-38300
Lu156,71,85,-43600
Lu156,71,85,-43600
Lu155,71,84,-42500
Lu155,71,84,-42500
Lu152,71,81,-33400
Lu151,71,80,-30300
Lu151,71,80,-30200
Lu169,71,98,-58000
Lu169,71,98,-58100
Lu168,71,97,-57000
Lu168,71,97,-56900
Lu170,71,99,-57300
Lu170,71,99,-57200
Lu165,71,94,-56400
Lu164,71,93,-54600
Lu167,71,96,-57500
Lu167,71,96,-57500
Lu166,71,95,-56000
Lu166,71,95,-56000
Lu166,71,95,-56000
Lu161,71,90,-52500
Lu163,71,92,-54700
Lu162,71,91,-52800
Lu162,71,91,-52800
Lu162,71,91,-52800
Lu150,71,79,-24700
Hf161,72,89,-46300
Hf159,72,87,-42800
Hf160,72,88,-45900
Hf157,72,85,-38800
Hf158,72,86,-42100
Hf155,72,83,-34300
Hf156,72,84,-37800
Hf153,72,81,-27300
Hf154,72,82,-32700
Hf170,72,98,-56200
Hf171,72,99,-55400
Hf171,72,99,-55400
Hf168,72,96,-55300
Hf169,72,97,-54700
Hf166,72,94,-53800
Hf167,72,95,-53400
Hf164,72,92,-51800
Hf165,72,93,-51600
Hf162,72,90,-49100
Hf163,72,91,-49200
Hf181,72,109,-47400
Hf180,72,108,-49700
Hf180,72,108,-48600
Hf179,72,107,-50400
Hf179,72,107,-50100
Hf179,72,107,-49400
Hf178,72,106,-52400
Hf178,72,106,-51300
Hf178,72,106,-50000
Hf177,72,105,-52800
Hf177,72,105,-51600
Hf177,72,105,-50100
Hf176,72,104,-54500
Hf175,72,103,-54400
Hf174,72,102,-55800
Hf173,72,101,-55400
Hf172,72,100,-56400
Hf182,72,110,-46000
Hf182,72,110,-44900
Hf190,72,118,-24800
Hf189,72,117,-27100
Hf188,72,116,-30800
Hf187,72,115,-33000
Hf186,72,114,-36400
Hf186,72,114,-33500
Hf185,72,113,-38300
Hf184,72,112,-41400
Hf184,72,112,-40200
Hf184,72,112,-39000
Hf183,72,111,-43200
Ta161,73,88,-38700
Ta161,73,88,-38700
Ta162,73,89,-39700
Ta159,73,86,-34400
Ta159,73,86,-34400
Ta160,73,87,-35800
Ta160,73,87,-35800
Ta157,73,84,-29500
Ta158,73,85,-31100
Ta155,73,82,-23900
Ta156,73,83,-26000
Ta156,73,83,-25900
Ta172,73,99,-51300
Ta170,73,97,-50100
Ta171,73,98,-51700
Ta168,73,95,-48300
Ta169,73,96,-50200
Ta166,73,93,-46000
Ta167,73,94,-48300
Ta164,73,91,-43200
Ta165,73,92,-45800
Ta163,73,90,-42500
Ta181,73,108,-48400
Ta180,73,107,-48900
Ta180,73,107,-48900
Ta182,73,109,-46400
Ta182,73,109,-46400
Ta182,73,109,-45900
Ta177,73,104,-51700
Ta176,73,103,-51300
Ta179,73,106,-50300
Ta178,73,105,-50500
Ta178,73,105,-50500
Ta178,73,105,-50500
Ta173,73,100,-52300
Ta175,73,102,-52400
Ta174,73,101,-51700
Ta194,73,121,-17100
Ta193,73,120,-20800
Ta192,73,119,-23100
Ta191,73,118,-26500
Ta188,73,115,-33900
Ta188,73,115,-33800
Ta187,73,114,-36800
Ta187,73,114,-35100
Ta187,73,114,-34000
Ta190,73,117,-28700
Ta189,73,116,-31900
Ta184,73,111,-42800
Ta183,73,110,-45200
Ta186,73,113,-38600
Ta186,73,113,-38300
Ta186,73,113,-38300
Ta185,73,112,-41300
W191,74,117,-31100
W192,74,118,-29600
W193,74,119,-26100
W187,74,113,-39900
W188,74,114,-38600
W189,74,115,-35800
W190,74,116,-34300
W184,74,110,-45700
W185,74,111,-43300
W185,74,111,-43200
W186,74,112,-42500
W194,74,120,-24400
W195,74,121,-20700
W196,74,122,-18700
W197,74,123,-14800
W180,74,106,-49600
W181,74,107,-48200
W182,74,108,-48200
W183,74,109,-46300
W183,74,109,-46100
W176,74,102,-50600
W177,74,103,-49700
W178,74,104,-50400
W179,74,105,-49200
W179,74,105,-49100
W174,74,100,-50200
W175,74,101,-49600
W163,74,89,-34900
W162,74,88,-33900
W161,74,87,-30500
W160,74,86,-29300
W159,74,85,-25400
W158,74,84,-23600
W157,74,83,-19600
W173,74,99,-48700
W172,74,98,-49000
W171,74,97,-47000
W170,74,96,-47200
W169,74,95,-44900
W168,74,94,-44800
W167,74,93,-42000
W166,74,92,-41800
W165,74,91,-38800
W164,74,90,-38200
Re193,75,118,-30200
Re194,75,119,-27200
Re194,75,119,-27000
Re194,75,119,-26400
Re191,75,116,-34300
Re192,75,117,-31500
Re185,75,110,-43800
Re186,75,111,-41900
Re186,75,111,-41800
Re189,75,114,-37900
Re190,75,115,-35500
Re190,75,115,-35400
Re187,75,112,-41200
Re188,75,113,-39000
Re188,75,113,-38800
Re196,75,121,-22300
Re197,75,122,-20300
Re195,75,120,-25500
Re198,75,123,-16900
Re199,75,124,-14700
Re182,75,107,-45400
Re182,75,107,-45400
Re183,75,108,-45800
Re180,75,105,-45800
Re181,75,106,-46500
Re184,75,109,-44200
Re184,75,109,-44000
Re175,75,100,-45200
Re178,75,103,-45600
Re179,75,104,-46500
Re176,75,101,-45000
Re177,75,102,-46200
Re164,75,89,-27400
Re164,75,89,-27400
Re163,75,88,-26000
Re163,75,88,-25900
Re162,75,87,-22400
Re162,75,87,-22300
Re161,75,86,-20800
Re161,75,86,-20700
Re160,75,85,-16800
Re159,75,84,-14800
Re159,75,84,-14800
Re174,75,99,-43600
Re173,75,98,-43500
Re172,75,97,-41500
Re172,75,97,-41500
Re171,75,96,-41200
Re170,75,95,-38900
Re170,75,95,-38800
Re169,75,94,-38400
Re169,75,94,-38200
Re168,75,93,-35700
Re167,75,92,-34800
Re167,75,92,-34700
Re166,75,91,-31800
Re165,75,90,-30600
Re165,75,90,-30600
Os166,76,90,-25400
Os167,76,91,-26400
Os168,76,92,-29900
Os169,76,93,-30700
Os170,76,94,-33900
Os171,76,95,-34200
Os172,76,96,-37200
Os173,76,97,-37400
Os174,76,98,-39900
Os175,76,99,-40100
Os161,76,85,-10100
Os162,76,86,-14500
Os163,76,87,-16300
Os164,76,88,-20400
Os165,76,89,-21700
Os202,76,126,-12500
Os203,76,127,-7270
Os196,76,120,-28200
Os197,76,121,-25000
Os198,76,122,-23600
Os199,76,123,-20200
Os200,76,124,-18500
Os201,76,125,-14800
Os191,76,115,-36300
Os191,76,115,-36300
Os192,76,116,-35800
Os192,76,116,-33900
Os193,76,117,-33300
Os194,76,118,-32400
Os195,76,119,-29500
Os195,76,119,-29100
Os186,76,110,-43000
Os187,76,111,-41200
Os188,76,112,-41100
Os189,76,113,-38900
Os189,76,113,-39000
Os190,76,114,-38700
Os190,76,114,-37000
Os180,76,104,-44300
Os181,76,105,-43500
Os181,76,105,-43500
Os182,76,106,-44600
Os183,76,107,-43600
Os183,76,107,-43500
Os184,76,108,-44200
Os185,76,109,-42800
Os176,76,100,-42100
Os177,76,101,-41900
Os178,76,102,-43500
Os179,76,103,-43000
Ir200,77,123,-21500
Ir201,77,124,-19800
Ir198,77,121,-25700
Ir199,77,122,-24300
Ir197,77,120,-28200
Ir197,77,120,-28100
Ir204,77,127,-9570
Ir205,77,128,-5600
Ir202,77,125,-16600
Ir203,77,126,-14300
Ir189,77,112,-38400
Ir190,77,113,-36700
Ir190,77,113,-36700
Ir190,77,113,-36400
Ir187,77,110,-39500
Ir187,77,110,-39400
Ir188,77,111,-38300
Ir195,77,118,-31600
Ir195,77,118,-31600
Ir196,77,119,-29400
Ir196,77,119,-29000
Ir193,77,116,-34500
Ir193,77,116,-34500
Ir194,77,117,-32500
Ir194,77,117,-32200
Ir191,77,114,-36700
Ir191,77,114,-36500
Ir191,77,114,-34600
Ir192,77,115,-34800
Ir192,77,115,-34800
Ir192,77,115,-34700
Ir178,77,101,-36200
Ir179,77,102,-38000
Ir177,77,100,-36000
Ir186,77,109,-39100
Ir186,77,109,-39200
Ir184,77,107,-39600
Ir185,77,108,-40300
Ir182,77,105,-39000
Ir183,77,106,-40200
Ir180,77,103,-37900
Ir181,77,104,-39400
Ir167,77,90,-17000
Ir167,77,90,-16900
Ir168,77,91,-18600
Ir168,77,91,-18600
Ir169,77,92,-22000
Ir169,77,92,-21900
Ir170,77,93,-23100
Ir170,77,93,-23100
Ir171,77,94,-26400
Ir171,77,94,-26400
Ir172,77,95,-27300
Ir172,77,95,-27200
Ir173,77,96,-30200
Ir173,77,96,-30100
Ir174,77,97,-30700
Ir174,77,97,-30700
Ir175,77,98,-33300
Ir175,77,98,-33300
Ir176,77,99,-33800
Ir164,77,87,-7480
Ir165,77,88,-11500
Ir165,77,88,-11400
Ir166,77,89,-13300
Ir166,77,89,-13100
Pt208,78,130,-500
Pt178,78,100,-31900
Pt179,78,101,-32200
Pt184,78,106,-37300
Pt185,78,107,-36600
Pt185,78,107,-36600
Pt186,78,108,-37800
Pt187,78,109,-36600
Pt180,78,102,-34400
Pt181,78,103,-34300
Pt182,78,104,-36100
Pt183,78,105,-35700
Pt183,78,105,-35700
Pt188,78,110,-37800
Pt189,78,111,-36400
Pt190,78,112,-37300
Pt195,78,117,-32700
Pt195,78,117,-32500
Pt196,78,118,-32600
Pt197,78,119,-30400
Pt197,78,119,-30000
Pt191,78,113,-35600
Pt192,78,114,-36200
Pt193,78,115,-34400
Pt193,78,115,-34300
Pt194,78,116,-34700
Pt198,78,120,-29900
Pt199,78,121,-27300
Pt199,78,121,-27000
Pt200,78,122,-26500
Pt201,78,123,-23700
Pt206,78,128,-9240
Pt207,78,129,-4140
Pt202,78,124,-22600
Pt203,78,125,-19500
Pt203,78,125,-18100
Pt204,78,126,-17600
Pt205,78,127,-12800
Pt166,78,88,-4780
Pt165,78,87,-318
Pt167,78,89,-6750
Pt169,78,91,-12400
Pt168,78,90,-11000
Pt171,78,93,-17400
Pt170,78,92,-16200
Pt173,78,95,-21900
Pt172,78,94,-21100
Pt175,78,97,-25700
Pt174,78,96,-25300
Pt177,78,99,-29300
Pt176,78,98,-28900
Au171,79,92,-7560
Au171,79,92,-7300
Au170,79,91,-3700
Au170,79,91,-3420
Au173,79,94,-12800
Au173,79,94,-12600
Au172,79,93,-9310
Au172,79,93,-9310
Au175,79,96,-17400
Au175,79,96,-17400
Au174,79,95,-14000
Au174,79,95,-14000
Au177,79,98,-21500
Au177,79,98,-21400
Au176,79,97,-18500
Au176,79,97,-18500
Au178,79,99,-22300
Au178,79,99,-22100
Au188,79,109,-32300
Au179,79,100,-24900
Au182,79,103,-28300
Au183,79,104,-30100
Au180,79,101,-25600
Au181,79,102,-27800
Au186,79,107,-31700
Au187,79,108,-33000
Au187,79,108,-32900
Au184,79,105,-30300
Au184,79,105,-30300
Au185,79,106,-31800
Au185,79,106,-31800
Au189,79,110,-33500
Au189,79,110,-33300
Au190,79,111,-32800
Au190,79,111,-32600
Au193,79,114,-33400
Au193,79,114,-33100
Au194,79,115,-32200
Au194,79,115,-32100
Au194,79,115,-31700
Au191,79,112,-33700
Au191,79,112,-33500
Au192,79,113,-32700
Au192,79,113,-32300
Au197,79,118,-31100
Au197,79,118,-30700
Au198,79,119,-29500
Au198,79,119,-28800
Au195,79,116,-32500
Au195,79,116,-32200
Au196,79,117,-31100
Au196,79,117,-31100
Au196,79,117,-30500
Au200,79,121,-27200
Au200,79,121,-26300
Au201,79,122,-26400
Au199,79,120,-29000
Au204,79,125,-20300
Au205,79,126,-18500
Au205,79,126,-17700
Au202,79,123,-24300
Au203,79,124,-23100
Au208,79,129,-5910
Au206,79,127,-14100
Au207,79,128,-10600
Au209,79,130,-2230
Au210,79,131,2680
Hg170,80,90,5410
Hg174,80,94,-6640
Hg173,80,93,-2660
Hg172,80,92,-1060
Hg171,80,91,3330
Hg178,80,98,-16300
Hg177,80,97,-12700
Hg176,80,96,-11700
Hg175,80,95,-7960
Hg179,80,99,-16900
Hg183,80,103,-23800
Hg184,80,104,-26300
Hg185,80,105,-26100
Hg185,80,105,-26100
Hg186,80,106,-28500
Hg187,80,107,-28100
Hg187,80,107,-28100
Hg188,80,108,-30100
Hg189,80,109,-29600
Hg189,80,109,-29500
Hg190,80,110,-31300
Hg191,80,111,-30500
Hg191,80,111,-30500
Hg192,80,112,-32000
Hg193,80,113,-31000
Hg193,80,113,-30900
Hg194,80,114,-32100
Hg195,80,115,-31000
Hg195,80,115,-30800
Hg196,80,116,-31800
Hg197,80,117,-30500
Hg197,80,117,-30200
Hg198,80,118,-30900
Hg199,80,119,-29500
Hg199,80,119,-29000
Hg200,80,120,-29500
Hg201,80,121,-27600
Hg202,80,122,-27300
Hg203,80,123,-25200
Hg204,80,124,-24600
Hg180,80,100,-20200
Hg181,80,101,-20600
Hg182,80,102,-23500
Hg205,80,125,-22200
Hg206,80,126,-20900
Hg207,80,127,-16400
Hg208,80,128,-13200
Hg209,80,129,-8610
Hg210,80,130,-5300
Hg211,80,131,-390
Hg212,80,132,3020
Hg213,80,133,8200
Hg214,80,134,11700
Hg215,80,135,17100
Hg216,80,136,20900
Tl192,81,111,-25800
Tl192,81,111,-25700
Tl193,81,112,-27400
Tl193,81,112,-27100
Tl191,81,110,-26200
Tl191,81,110,-26000
Tl189,81,108,-24600
Tl189,81,108,-24300
Tl190,81,109,-24300
Tl190,81,109,-24300
Tl187,81,106,-22400
Tl187,81,106,-22100
Tl188,81,107,-22300
Tl188,81,107,-22300
Tl185,81,104,-19700
Tl185,81,104,-19300
Tl186,81,105,-19800
Tl186,81,105,-19800
Tl186,81,105,-19500
Tl183,81,102,-16500
Tl184,81,103,-16800
Tl184,81,103,-16800
Tl184,81,103,-16800
Tl203,81,122,-25700
Tl204,81,123,-24300
Tl201,81,120,-27100
Tl202,81,121,-25900
Tl200,81,119,-27000
Tl198,81,117,-27500
Tl198,81,117,-27000
Tl199,81,118,-28000
Tl196,81,115,-27400
Tl196,81,115,-27100
Tl197,81,116,-28300
Tl197,81,116,-27700
Tl194,81,113,-26900
Tl194,81,113,-26700
Tl195,81,114,-28100
Tl195,81,114,-27700
Tl181,81,100,-12700
Tl182,81,101,-13300
Tl182,81,101,-13300
Tl214,81,133,6460
Tl215,81,134,10000
Tl212,81,131,-1550
Tl213,81,132,1780
Tl211,81,130,-6070
Tl209,81,128,-13600
Tl210,81,129,-9240
Tl207,81,126,-21000
Tl207,81,126,-19700
Tl208,81,127,-16700
Tl205,81,124,-23800
Tl206,81,125,-22200
Tl206,81,125,-19600
Tl216,81,135,14800
Tl217,81,136,18600
Tl176,81,95,584
Tl177,81,96,-3340
Tl178,81,97,-4610
Tl179,81,98,-8260
Tl180,81,99,-9390
Pb178,82,96,3570
Pb179,82,97,2050
Pb180,82,98,-1940
Pb181,82,99,-3110
Pb198,82,116,-26000
Pb199,82,117,-25200
Pb199,82,117,-24800
Pb200,82,118,-26200
Pb201,82,119,-25200
Pb201,82,119,-24600
Pb194,82,112,-24200
Pb195,82,113,-23700
Pb195,82,113,-23500
Pb196,82,114,-25300
Pb197,82,115,-24700
Pb197,82,115,-24400
Pb202,82,120,-25900
Pb202,82,120,-23800
Pb203,82,121,-24700
Pb203,82,121,-24000
Pb203,82,121,-21800
Pb204,82,122,-25100
Pb204,82,122,-22900
Pb187,82,105,-14900
Pb187,82,105,-15000
Pb188,82,106,-17800
Pb189,82,107,-17800
Pb189,82,107,-17800
Pb190,82,108,-20400
Pb183,82,101,-7580
Pb183,82,101,-7490
Pb184,82,102,-11000
Pb185,82,103,-11500
Pb185,82,103,-11500
Pb186,82,104,-14600
Pb191,82,109,-20200
Pb191,82,109,-20200
Pb192,82,110,-22500
Pb193,82,111,-22200
Pb193,82,111,-22100
Pb182,82,100,-6820
Pb220,82,138,24100
Pb216,82,134,7510
Pb217,82,135,12200
Pb218,82,136,15600
Pb219,82,137,20600
Pb209,82,127,-17600
Pb210,82,128,-14700
Pb211,82,129,-10400
Pb205,82,123,-23700
Pb206,82,124,-23700
Pb207,82,125,-22400
Pb207,82,125,-20800
Pb208,82,126,-21700
Pb212,82,130,-7540
Pb213,82,131,-3200
Pb214,82,132,-183
Pb215,82,133,4340
Bi203,83,120,-21500
Bi203,83,120,-20400
Bi204,83,121,-20600
Bi196,83,113,-18000
Bi196,83,113,-17800
Bi196,83,113,-17700
Bi197,83,114,-19600
Bi197,83,114,-19200
Bi194,83,111,-16000
Bi194,83,111,-15900
Bi194,83,111,-15900
Bi195,83,112,-18000
Bi195,83,112,-17600
Bi200,83,117,-20300
Bi200,83,117,-20300
Bi200,83,117,-19900
Bi201,83,118,-21400
Bi201,83,118,-20600
Bi198,83,115,-19300
Bi198,83,115,-19100
Bi198,83,115,-18800
Bi199,83,116,-20700
Bi199,83,116,-20100
Bi202,83,119,-20700
Bi193,83,110,-15800
Bi193,83,110,-15600
Bi185,83,102,-2230
Bi186,83,103,-3140
Bi184,83,101,1250
Bi189,83,106,-10000
Bi190,83,107,-10500
Bi190,83,107,-10400
Bi187,83,104,-6380
Bi188,83,105,-7190
Bi188,83,105,-7190
Bi191,83,108,-13200
Bi191,83,108,-13000
Bi192,83,109,-13500
Bi192,83,109,-13400
Bi223,83,140,32200
Bi224,83,141,37000
Bi218,83,135,13200
Bi219,83,136,16300
Bi216,83,133,5870
Bi216,83,133,5900
Bi217,83,134,8720
Bi222,83,139,28900
Bi220,83,137,20900
Bi221,83,138,24200
Bi214,83,131,-1200
Bi214,83,131,-1100
Bi215,83,132,1620
Bi215,83,132,3020
Bi213,83,130,-5230
Bi207,83,124,-20000
Bi208,83,125,-18800
Bi205,83,122,-21000
Bi206,83,123,-20000
Bi211,83,128,-11800
Bi212,83,129,-8110
Bi212,83,129,-7880
Bi212,83,129,-6640
Bi209,83,126,-18200
Bi210,83,127,-14700
Bi210,83,127,-14500
Po205,84,121,-17500
Po206,84,122,-18100
Po207,84,123,-17100
Po207,84,123,-15800
Po208,84,124,-17400
Po209,84,125,-16300
Po210,84,126,-15900
Po211,84,127,-12400
Po211,84,127,-11000
Po212,84,128,-10300
Po212,84,128,-7440
Po213,84,129,-6650
Po214,84,130,-4460
Po215,84,131,-541
Po216,84,132,1780
Po217,84,133,5880
Po218,84,134,8350
Po219,84,135,12600
Po220,84,136,15200
Po221,84,137,19700
Po222,84,138,22400
Po223,84,139,27000
Po224,84,140,29900
Po225,84,141,34500
Po226,84,142,37500
Po227,84,143,42200
Po186,84,102,4100
Po187,84,103,2820
Po188,84,104,-544
Po189,84,105,-1420
Po190,84,106,-4560
Po191,84,107,-5060
Po192,84,108,-8060
Po193,84,109,-8320
Po193,84,109,-8230
Po194,84,110,-11000
Po195,84,111,-11100
Po195,84,111,-11000
Po196,84,112,-13400
Po197,84,113,-13300
Po197,84,113,-13200
Po198,84,114,-15400
Po199,84,115,-15200
Po199,84,115,-14900
Po200,84,116,-16900
Po201,84,117,-16500
Po201,84,117,-16100
Po202,84,118,-17900
Po203,84,119,-17300
Po203,84,119,-16700
Po204,84,120,-18300
At193,85,108,-67.3
At194,85,109,-716
At194,85,109,-706
At191,85,106,3860
At192,85,107,2920
At192,85,107,2920
At204,85,119,-11800
At204,85,119,-11300
At202,85,117,-10500
At202,85,117,-10400
At202,85,117,-10000
At203,85,118,-12100
At200,85,115,-8980
At200,85,115,-8870
At200,85,115,-8640
At201,85,116,-10700
At198,85,113,-6700
At198,85,113,-6440
At199,85,114,-8820
At199,85,114,-8580
At196,85,111,-3910
At197,85,112,-6350
At197,85,112,-6300
At195,85,110,-3470
At195,85,110,-3440
At213,85,128,-6570
At214,85,129,-3370
At211,85,126,-11600
At212,85,127,-8620
At212,85,127,-8410
At209,85,124,-12800
At210,85,125,-11900
At207,85,122,-13200
At208,85,123,-12400
At205,85,120,-12900
At206,85,121,-12400
At215,85,130,-1250
At224,85,139,27700
At222,85,137,20900
At223,85,138,23400
At220,85,135,14300
At221,85,136,16700
At218,85,133,8100
At219,85,134,10300
At216,85,131,2250
At217,85,132,4390
At225,85,140,30300
At226,85,141,34600
At229,85,144,44800
At227,85,142,37400
At228,85,143,41800
Rn214,86,128,-4310
Rn213,86,127,-5690
Rn215,86,129,-1160
Rn210,86,124,-9600
Rn209,86,123,-8940
Rn212,86,126,-8650
Rn211,86,125,-8750
Rn206,86,120,-9130
Rn208,86,122,-9650
Rn207,86,121,-8630
Rn226,86,140,28700
Rn225,86,139,26500
Rn224,86,138,22400
Rn221,86,135,14400
Rn220,86,134,10600
Rn223,86,137,20300
Rn222,86,136,16300
Rn217,86,131,3650
Rn216,86,130,253
Rn219,86,133,8820
Rn218,86,132,5210
Rn231,86,145,46500
Rn228,86,142,35200
Rn227,86,141,32800
Rn230,86,144,42100
Rn229,86,143,39300
Rn195,86,109,5050
Rn195,86,109,5110
Rn194,86,108,5720
Rn193,86,107,9040
Rn203,86,117,-6180
Rn203,86,117,-5820
Rn202,86,116,-6270
Rn205,86,119,-7700
Rn204,86,118,-7970
Rn199,86,113,-1550
Rn199,86,113,-1340
Rn198,86,112,-1230
Rn201,86,115,-4100
Rn201,86,115,-3860
Rn200,86,114,-4000
Rn197,86,111,1510
Rn196,86,110,1970
Fr226,87,139,27500
Fr225,87,138,23800
Fr224,87,137,21700
Fr219,87,132,8610
Fr218,87,131,7050
Fr217,87,130,4310
Fr223,87,136,18300
Fr222,87,135,16300
Fr221,87,134,13200
Fr220,87,133,11400
Fr216,87,129,2970
Fr215,87,128,318
Fr214,87,127,-958
Fr213,87,126,-3550
Fr208,87,121,-2660
Fr207,87,120,-2840
Fr212,87,125,-3510
Fr211,87,124,-4140
Fr210,87,123,-3340
Fr209,87,122,-3780
Fr230,87,143,39400
Fr229,87,142,35600
Fr228,87,141,33300
Fr227,87,140,29600
Fr233,87,146,48900
Fr232,87,145,46000
Fr231,87,144,42000
Fr205,87,118,-1300
Fr204,87,117,607
Fr204,87,117,648
Fr204,87,117,923
Fr203,87,116,876
Fr203,87,116,1240
Fr202,87,115,3100
Fr202,87,115,3360
Fr206,87,119,-1240
Fr206,87,119,-1050
Fr206,87,119,-517
Fr197,87,110,10200
Fr201,87,114,3580
Fr201,87,114,3720
Fr200,87,113,6130
Fr199,87,112,6770
Fr198,87,111,9570
Fr198,87,111,9570
Ra225,88,137,21900
Ra224,88,136,18800
Ra227,88,139,27100
Ra226,88,138,23600
Ra219,88,131,9390
Ra218,88,130,6640
Ra221,88,133,12900
Ra220,88,132,10200
Ra223,88,135,17200
Ra222,88,134,14300
Ra214,88,126,92.7
Ra213,88,125,345
Ra216,88,128,3290
Ra215,88,127,2530
Ra217,88,129,5880
Ra208,88,120,1720
Ra210,88,122,442
Ra209,88,121,1850
Ra212,88,124,-198
Ra211,88,123,831
Ra228,88,140,28900
Ra230,88,142,34500
Ra229,88,141,32500
Ra232,88,144,40400
Ra231,88,143,38200
Ra234,88,146,46900
Ra233,88,145,44300
Ra203,88,115,8600
Ra202,88,114,9070
Ra205,88,117,5800
Ra205,88,117,6070
Ra204,88,116,6060
Ra207,88,119,3510
Ra206,88,118,3560
Ra201,88,113,11900
Ra201,88,113,12200
Ac208,89,119,10700
Ac207,89,118,11100
Ac206,89,117,13400
Ac206,89,117,13700
Ac205,89,116,14100
Ac234,89,145,44800
Ac233,89,144,41300
Ac232,89,143,39100
Ac231,89,142,35700
Ac230,89,141,33800
Ac229,89,140,30600
Ac236,89,147,51200
Ac235,89,146,47300
Ac212,89,123,7290
Ac211,89,122,7140
Ac210,89,121,8760
Ac209,89,120,8840
Ac218,89,129,10800
Ac217,89,128,8700
Ac216,89,127,8140
Ac215,89,126,6030
Ac214,89,125,6430
Ac213,89,124,6140
Ac223,89,134,17800
Ac222,89,133,16600
Ac222,89,133,16700
Ac221,89,132,14500
Ac220,89,131,13700
Ac219,89,130,11500
Ac228,89,139,28800
Ac227,89,138,25800
Ac226,89,137,24300
Ac225,89,136,21600
Ac224,89,135,20200
Th238,90,148,52500
Th235,90,145,44000
Th234,90,144,40600
Th237,90,147,49900
Th236,90,146,46200
Th231,90,141,33800
Th230,90,140,30800
Th233,90,143,38700
Th232,90,142,35400
Th228,90,138,26700
Th227,90,137,25800
Th229,90,139,29500
Th224,90,134,19900
Th223,90,133,19300
Th226,90,136,23100
Th225,90,135,22300
Th220,90,130,14600
Th222,90,132,17200
Th221,90,131,16900
Th217,90,127,12200
Th216,90,126,10200
Th219,90,129,14400
Th218,90,128,12300
Th213,90,123,12100
Th212,90,122,12100
Th215,90,125,10900
Th214,90,124,10600
Th211,90,121,13800
Th210,90,120,14000
Th209,90,119,16300
Th208,90,118,16600
Pa211,91,120,22000
Pa215,91,124,17800
Pa214,91,123,19400
Pa213,91,122,19600
Pa212,91,121,21500
Pa219,91,128,18500
Pa218,91,127,18600
Pa217,91,126,17000
Pa216,91,125,17800
Pa220,91,129,20200
Pa222,91,131,22000
Pa221,91,130,20300
Pa226,91,135,26000
Pa225,91,134,24300
Pa224,91,133,23800
Pa223,91,132,22300
Pa230,91,139,32100
Pa229,91,138,29800
Pa228,91,137,28900
Pa227,91,136,26800
Pa233,91,142,37400
Pa232,91,141,35900
Pa231,91,140,33400
Pa237,91,146,47500
Pa236,91,145,45300
Pa235,91,144,42200
Pa234,91,143,40300
Pa234,91,143,40400
Pa239,91,148,53300
Pa238,91,147,50800
U215,92,123,24800
U222,92,130,24200
U224,92,132,25700
U223,92,131,26000
U226,92,134,27300
U225,92,133,27300
U217,92,125,22900
U216,92,124,23000
U219,92,127,23200
U218,92,126,21800
U221,92,129,24500
U233,92,141,36900
U232,92,140,34600
U235,92,143,40900
U235,92,143,40900
U234,92,142,38100
U237,92,145,45300
U236,92,144,42400
U228,92,136,29200
U227,92,135,29000
U230,92,138,31600
U229,92,137,31200
U231,92,139,33800
U242,92,150,58600
U239,92,147,50500
U238,92,146,47300
U241,92,149,56100
U240,92,148,52700
Np222,93,129,31200
Np220,93,127,30400
Np219,93,126,29400
Np226,93,133,32800
Np225,93,132,31600
Np224,93,131,32000
Np223,93,130,30600
Np242,93,149,57400
Np242,93,149,57400
Np241,93,148,54300
Np240,93,147,52300
Np240,93,147,52300
Np239,93,146,49300
Np238,93,145,47400
Np244,93,151,63200
Np243,93,150,59800
Np232,93,139,37300
Np231,93,138,35600
Np230,93,137,35200
Np229,93,136,33800
Np228,93,135,33800
Np227,93,134,32500
Np237,93,144,44800
Np236,93,143,43300
Np236,93,143,43400
Np235,93,142,41000
Np234,93,141,39900
Np233,93,140,37900
Pu246,94,152,65300
Pu245,94,151,63100
Pu247,94,153,69200
Pu244,94,150,59800
Pu244,94,150,61000
Pu243,94,149,57700
Pu242,94,148,54700
Pu239,94,145,48500
Pu238,94,144,46100
Pu241,94,147,52900
Pu240,94,146,50100
Pu235,94,141,42100
Pu234,94,140,40300
Pu237,94,143,45000
Pu237,94,143,45200
Pu236,94,142,42900
Pu232,94,138,38300
Pu231,94,137,38300
Pu233,94,139,40000
Pu228,94,134,36100
Pu230,94,136,36900
Pu229,94,135,37300
Am230,95,135,42800
Am229,95,134,42100
Am234,95,139,44400
Am233,95,138,43200
Am232,95,137,43400
Am237,95,142,46500
Am236,95,141,46000
Am236,95,141,46000
Am235,95,140,44600
Am241,95,146,52900
Am240,95,145,51500
Am239,95,144,49300
Am238,95,143,48400
Am244,95,149,59800
Am244,95,149,60000
Am243,95,148,57100
Am242,95,147,55400
Am242,95,147,55500
Am247,95,152,67100
Am246,95,151,64900
Am246,95,151,64900
Am245,95,150,61900
Am223,95,128,42700
Cm237,96,141,49200
Cm236,96,140,47800
Cm234,96,138,46700
Cm233,96,137,47200
Cm235,96,139,48000
Cm246,96,150,62600
Cm246,96,150,63800
Cm248,96,152,67300
Cm247,96,151,65500
Cm239,96,143,51100
Cm238,96,142,49400
Cm241,96,145,53700
Cm240,96,144,51700
Cm243,96,147,57100
Cm242,96,146,54800
Cm245,96,149,61000
Cm244,96,148,58400
Cm250,96,154,72900
Cm249,96,153,70700
Cm251,96,155,76600
Bk238,97,141,54200
Bk239,97,142,54200
Bk240,97,143,55600
Bk241,97,144,55900
Bk242,97,145,57700
Bk243,97,146,58600
Bk244,97,147,60700
Bk245,97,148,61800
Bk246,97,149,63900
Bk247,97,150,65400
Bk248,97,151,68100
Bk248,97,151,68100
Bk233,97,136,52700
Bk234,97,137,53300
Bk236,97,139,53500
Bk237,97,140,53200
Bk249,97,152,69800
Bk250,97,153,72900
Bk251,97,154,75200
Bk252,97,155,78500
Bk253,97,156,80900
Cf246,98,148,64000
Cf247,98,149,66100
Cf244,98,146,61400
Cf245,98,147,63300
Cf242,98,144,59300
Cf243,98,145,60900
Cf240,98,142,57900
Cf241,98,143,59300
Cf238,98,140,57200
Cf239,98,141,58200
Cf248,98,150,67200
Cf237,98,139,57900
Cf255,98,157,84800
Cf256,98,158,87000
Cf253,98,155,79300
Cf254,98,156,81300
Cf251,98,153,74100
Cf252,98,154,76000
Cf249,98,151,69700
Cf250,98,152,71100
Es246,99,147,67800
Es247,99,148,68500
Es248,99,149,70200
Es242,99,143,64800
Es243,99,144,64700
Es244,99,145,66000
Es245,99,146,66300
Es240,99,141,64200
Es241,99,142,63800
Es257,99,158,89400
Es253,99,154,79000
Es254,99,155,81900
Es254,99,155,82100
Es255,99,156,84000
Es256,99,157,87100
Es256,99,157,87100
Es249,99,150,71100
Es250,99,151,73200
Es250,99,151,73200
Es251,99,152,74500
Es252,99,153,77200
Fm241,100,141,69200
Fm245,100,145,70100
Fm244,100,144,68900
Fm243,100,143,69300
Fm242,100,142,68400
Fm249,100,149,73500
Fm248,100,148,71800
Fm247,100,147,71600
Fm247,100,147,71700
Fm246,100,146,70100
Fm252,100,152,76800
Fm251,100,151,75900
Fm250,100,150,74000
Fm250,100,150,75300
Fm256,100,156,85400
Fm255,100,155,83800
Fm254,100,154,80900
Fm253,100,153,79300
Fm259,100,159,93700
Fm258,100,158,90400
Fm257,100,157,88500
Md252,101,151,80400
Md251,101,150,78900
Md251,101,150,79800
Md254,101,153,83400
Md254,101,153,83500
Md253,101,152,81100
Md256,101,155,87400
Md255,101,154,84800
Md258,101,157,91600
Md258,101,157,91600
Md257,101,156,88900
Md260,101,159,96500
Md259,101,158,93500
Md245,101,144,75300
Md244,101,143,75500
Md247,101,146,75900
Md247,101,146,76100
Md246,101,145,76100
Md246,101,145,76100
Md249,101,148,77100
Md249,101,148,77100
Md248,101,147,76900
Md250,101,149,78300
Md250,101,149,78500
No260,102,158,95600
No259,102,157,94000
No258,102,156,91400
No257,102,155,90200
No256,102,154,87800
No255,102,153,86800
No254,102,152,84700
No254,102,152,86000
No253,102,151,84300
No252,102,150,82800
No252,102,150,84100
No262,102,160,100000
No251,102,149,82800
No251,102,149,83000
No250,102,148,81500
No249,102,147,81700
Lr262,103,159,102000
Lr261,103,158,99500
Lr258,103,155,94700
Lr257,103,154,92600
Lr257,103,154,92600
Lr260,103,157,98200
Lr259,103,156,95800
Lr254,103,151,89600
Lr254,103,151,89800
Lr253,103,150,88500
Lr253,103,150,88500
Lr256,103,153,91700
Lr255,103,152,89900
Lr255,103,152,90000
Lr264,103,161,106000
Lr266,103,163,111000
Lr251,103,148,87800
Lr251,103,148,87900
Lr252,103,149,88500
Rf267,104,163,113000
Rf265,104,161,108000
Rf260,104,156,99100
Rf259,104,155,98300
Rf258,104,154,96300
Rf257,104,153,95800
Rf257,104,153,95900
Rf263,104,159,104000
Rf262,104,158,102000
Rf261,104,157,101000
Rf261,104,157,101000
Rf256,104,152,94200
Rf255,104,151,94300
Rf254,104,150,93200
Rf253,104,149,93600
Db268,105,163,117000
Db270,105,165,122000
Db267,105,162,114000
Db266,105,161,112000
Db258,105,153,101000
Db258,105,153,102000
Db257,105,152,100000
Db257,105,152,100000
Db260,105,155,103000
Db259,105,154,101000
Db262,105,157,106000
Db261,105,156,104000
Db263,105,158,107000
Db256,105,151,100000
Db255,105,150,99500
Db255,105,150,99500
Sg264,106,158,110000
Sg263,106,157,110000
Sg263,106,157,110000
Sg262,106,156,108000
Sg261,106,155,108000
Sg260,106,154,106000
Sg259,106,153,106000
Sg259,106,153,107000
Sg258,106,152,105000
Sg265,106,159,112000
Sg265,106,159,112000
Sg267,106,161,115000
Sg266,106,160,113000
Sg271,106,165,124000
Sg269,106,163,119000
Bh278,107,171,144000
Bh262,107,155,114000
Bh262,107,155,115000
Bh261,107,154,113000
Bh264,107,157,115000
Bh260,107,153,113000
Bh267,107,160,118000
Bh272,107,165,128000
Bh274,107,167,133000
Bh271,107,164,125000
Bh270,107,163,124000
Bh266,107,159,118000
Bh265,107,158,116000
Hs267,108,159,122000
Hs267,108,159,122000
Hs266,108,158,121000
Hs266,108,158,122000
Hs265,108,157,120000
Hs271,108,163,127000
Hs270,108,162,125000
Hs269,108,161,124000
Hs268,108,160,122000
Hs275,108,167,136000
Hs273,108,165,131000
Hs264,108,156,119000
Hs263,108,155,119000
Hs277,108,169,141000
Mt277,109,168,143000
Mt276,109,167,141000
Mt276,109,167,141000
Mt278,109,169,145000
Mt270,109,161,130000
Mt275,109,166,138000
Mt274,109,165,137000
Mt266,109,157,127000
Mt268,109,159,129000
Ds 267,110,157,133000
Ds 269,110,159,134000
Ds 281,110,171,153000
Ds 280,110,170,150000
Ds 282,110,172,154000
Ds 270,110,160,134000
Ds 277,110,167,145000
Ds 273,110,163,138000
Ds 271,110,161,135000
Ds 271,110,161,135000
Ds 279,110,169,149000
Ds 279,110,169,149000
Rg 286,111,175,166000
Rg 282,111,171,157000
Rg 281,111,170,155000
Rg 278,111,167,150000
Rg 274,111,163,144000
Rg 272,111,161,142000
Rg 279,111,168,151000
Rg 280,111,169,153000
Cn 277,112,165,152000
Cn 281,112,169,157000
Cn 286,112,174,166000
Cn 282,112,170,158000
Cn 283,112,171,161000
Cn 284,112,172,162000
Cn 285,112,173,165000
Nh278,113,165,159000
Nh282,113,169,163000
Nh284,113,171,166000
Nh285,113,172,167000
Nh283,113,170,164000
Nh286,113,173,169000
Nh290,113,177,178000
Fl284,114,170,168000
Fl285,114,171,170000
Fl286,114,172,171000
Fl287,114,173,173000
Fl288,114,174,174000
Fl289,114,175,177000
Fl290,114,176,178000
Mc290,115,175,182000
Mc288,115,173,179000
Mc289,115,174,180000
Mc287,115,172,177000
Lv290,116,174,185000
Lv291,116,175,187000
Lv292,116,176,188000
Lv293,116,177,190000
Ts293,117,176,194000
Ts294,117,177,196000
Og294,118,176,199000
