Product ; Thermal (0.0253 eV) ; Thermal (0.0253 eV) ; Fast (500 keV) ; Fast (500 keV) ; High (14 MeV) ; High (14 MeV)
Product ;  ;  ;  ;  ;  ; 
Product ; Yield ; Error ; Yield ; Error ; Yield ; Error
V66 ;  ;  ; 1.78916E-18 ; 1.14506E-18 ; 3.42528E-13 ; 2.19218E-13
V67 ;  ;  ;  ;  ; 2.65823E-14 ; 1.70127E-14
Cr66 ; 0.0 ; 0.0 ; 5.44982E-14 ; 3.48789E-14 ; 2.59039E-9 ; 1.65785E-9
Cr67 ; 0.0 ; 0.0 ; 0.0 ; 0.0 ; 2.0103E-10 ; 1.28659E-10
Cr68 ; 0.0 ; 0.0 ; 0.0 ; 0.0 ; 1.14032E-11 ; 7.29805E-12
Cr69 ; 3.55711E-18 ; 2.27655E-18 ;  ;  ; 4.56332E-13 ; 2.92052E-13
Cr70 ; 0.0 ; 0.0 ; 0.0 ; 0.0 ; 0.0 ; 0.0
Mn66 ; 5.05E-12 ; 3.232E-12 ; 2.23E-11 ; 1.4272E-11 ; 6.81191E-7 ; 4.35963E-7
Mn67 ; 1.25E-12 ; 8.0E-13 ; 6.36E-12 ; 4.0704E-12 ; 1.48042E-7 ; 9.47466E-8
Mn68 ; 4.96E-13 ; 3.1744E-13 ; 3.03E-12 ; 1.9392E-12 ; 2.26064E-8 ; 1.44681E-8
Mn69 ; 1.12996E-13 ; 7.23177E-14 ; 0.0 ; 0.0 ; 2.31019E-9 ; 1.47852E-9
Mn70 ; 0.0 ; 0.0 ; 9.76E-14 ; 6.2464E-14 ; 1.50042E-10 ; 9.6027E-11
Mn71 ; 0.0 ; 0.0 ; 0.0 ; 0.0 ; 7.04198E-12 ; 4.50687E-12
Mn72 ; 1.04732E-17 ; 6.70284E-18 ; 1.58234E-16 ; 1.0127E-16 ; 2.23503E-13 ; 1.43042E-13
Mn73 ; 7.88123E-19 ; 5.04399E-19 ; 1.81496E-17 ; 1.16157E-17 ; 1.33573E-14 ; 8.54866E-15
Fe66 ; 1.66E-10 ; 1.0624E-10 ; 5.56E-10 ; 3.5584E-10 ; 1.4204E-5 ; 9.09055E-6
Fe67 ; 1.01E-10 ; 6.464E-11 ; 4.47E-10 ; 2.8608E-10 ; 8.12228E-6 ; 5.19826E-6
Fe68 ; 1.66E-10 ; 1.0624E-10 ; 6.21E-10 ; 3.9744E-10 ; 3.18089E-6 ; 2.03577E-6
Fe69 ; 9.96E-11 ; 6.3744E-11 ; 4.21E-12 ; 2.6944E-12 ; 8.76246E-7 ; 5.60798E-7
Fe70 ; 3.7E-11 ; 2.368E-11 ; 1.83E-10 ; 1.1712E-10 ; 1.56044E-7 ; 9.98681E-8
Fe71 ; 5.57E-12 ; 3.5648E-12 ; 3.75E-11 ; 2.4E-11 ; 2.04057E-8 ; 1.30597E-8
Fe72 ; 4.9699E-13 ; 3.18073E-13 ; 4.81984E-12 ; 3.0847E-12 ; 1.69025E-9 ; 1.08176E-9
Fe73 ; 3.73992E-14 ; 2.39355E-14 ; 4.04982E-13 ; 2.59188E-13 ; 1.01015E-10 ; 6.46496E-11
Fe74 ; 0.0 ; 0.0 ; 1.62E-14 ; 1.0368E-14 ; 4.00112E-12 ; 2.56072E-12
Fe75 ; 7.08274E-17 ; 4.53295E-17 ; 1.27454E-15 ; 8.15709E-16 ; 2.37056E-13 ; 1.51716E-13
Fe76 ; 0.0 ; 0.0 ; 0.0 ; 0.0 ; 0.0 ; 0.0
Co66 ; 2.75E-10 ; 1.76E-10 ; 1.1E-9 ; 7.04E-10 ; 2.88081E-5 ; 1.84372E-5
Co67 ; 5.8E-10 ; 3.712E-10 ; 2.25E-9 ; 1.44E-9 ; 3.99212E-5 ; 2.55496E-5
Co68 ; 2.14E-9 ; 1.3696E-9 ; 8.21E-9 ; 5.2544E-9 ; 3.71905E-5 ; 2.38019E-5
Co69 ; 4.95E-9 ; 3.168E-9 ; 1.53E-10 ; 9.792E-11 ; 2.57572E-5 ; 1.64846E-5
Co70 ; 4.45E-9 ; 2.848E-9 ; 1.9E-8 ; 1.216E-8 ; 1.19133E-5 ; 7.62454E-6
Co71 ; 2.81E-9 ; 1.7984E-9 ; 1.15E-8 ; 7.36E-9 ; 4.12116E-6 ; 2.63754E-6
Co72 ; 6.9E-10 ; 4.416E-10 ; 4.46E-9 ; 2.8544E-9 ; 9.30261E-7 ; 5.95367E-7
Co73 ; 2.2E-10 ; 1.408E-10 ; 1.15E-9 ; 7.36E-10 ; 1.53043E-7 ; 9.79475E-8
Co74 ; 3.28E-11 ; 2.0992E-11 ; 1.43E-10 ; 9.152E-11 ; 1.69048E-8 ; 1.0819E-8
Co75 ; 2.24993E-12 ; 1.43995E-12 ; 1.27987E-11 ; 8.19118E-12 ; 1.2001E-9 ; 7.68064E-10
Co76 ; 1.83E-13 ; 1.1712E-13 ; 1.71E-12 ; 1.0944E-12 ; 5.65159E-11 ; 3.61702E-11
Co77 ; 3.49809E-15 ; 2.23878E-15 ; 3.38792E-14 ; 2.16827E-14 ; 1.67958E-12 ; 1.07493E-12
Co78 ; 3.20307E-16 ; 2.04996E-16 ; 2.22578E-15 ; 1.4245E-15 ; 9.60138E-14 ; 6.14488E-14
Ni66 ; 4.17E-11 ; 2.6688E-11 ; 1.9E-10 ; 1.216E-10 ; 6.19174E-6 ; 3.96271E-6
Ni67 ; 1.92E-10 ; 1.2288E-10 ; 9.95E-10 ; 6.368E-10 ; 2.07658E-5 ; 1.32901E-5
Ni68 ; 2.42E-9 ; 1.5488E-9 ; 9.09E-9 ; 5.8176E-9 ; 4.41324E-5 ; 2.82447E-5
Ni69 ; 1.18E-8 ; 7.552E-9 ; 4.25E-10 ; 2.72E-10 ; 7.16101E-5 ; 4.58305E-5
Ni70 ; 3.65E-8 ; 2.336E-8 ; 1.36E-7 ; 8.704E-8 ; 7.91122E-5 ; 5.06318E-5
Ni71 ; 5.28E-8 ; 3.3792E-8 ; 2.2E-7 ; 1.408E-7 ; 6.7499E-5 ; 4.31993E-5
Ni72 ; 5.23E-8 ; 3.3472E-8 ; 2.38E-7 ; 1.5232E-7 ; 3.87309E-5 ; 2.47878E-5
Ni73 ; 4.1E-8 ; 2.624E-8 ; 1.78E-7 ; 1.1392E-7 ; 1.66247E-5 ; 1.06398E-5
Ni74 ; 2.59E-8 ; 1.6576E-8 ; 6.57E-8 ; 4.2048E-8 ; 4.93139E-6 ; 3.15609E-6
Ni75 ; 4.76E-9 ; 3.0464E-9 ; 1.79E-8 ; 1.1456E-8 ; 9.56269E-7 ; 6.12012E-7
Ni76 ; 1.71E-9 ; 1.0944E-9 ; 7.37E-9 ; 4.7168E-9 ; 1.28036E-7 ; 8.1943E-8
Ni77 ; 1.65997E-10 ; 1.06238E-10 ; 7.55966E-10 ; 4.83818E-10 ; 1.27019E-8 ; 8.12921E-9
Ni78 ; 1.51997E-11 ; 9.7278E-12 ; 6.77978E-11 ; 4.33906E-11 ; 7.26108E-10 ; 4.64709E-10
Ni79 ; 2.44905E-13 ; 1.56739E-13 ; 2.54909E-12 ; 1.63142E-12 ; 2.01497E-11 ; 1.28958E-11
Ni80 ; 0.0 ; 0.0 ; 1.24E-13 ; 7.936E-14 ; 7.22203E-13 ; 4.6221E-13
Ni81 ; 8.6252E-16 ; 5.52013E-16 ;  ;  ;  ; 
Ni82 ; 0.0 ; 0.0 ; 0.0 ; 0.0 ; 0.0 ; 0.0
Cu66 ; 2.65E-13 ; 1.696E-13 ; 2.32E-12 ; 1.4848E-12 ; 1.20034E-7 ; 7.68216E-8
Cu67 ; 4.92E-12 ; 3.1488E-12 ; 3.44E-11 ; 2.2016E-11 ; 1.0503E-6 ; 6.72189E-7
Cu68 ; 4.43E-11 ; 2.8352E-11 ; 2.31E-10 ; 1.4784E-10 ; 9.77275E-7 ; 6.25456E-7
Cu68m ; 1.03E-10 ; 6.592E-11 ; 6.25E-10 ; 4.0E-10 ; 4.45125E-6 ; 2.8488E-6
Cu69 ; 2.62E-9 ; 1.6768E-9 ; 1.04E-10 ; 6.656E-11 ; 2.1186E-5 ; 1.3559E-5
Cu70 ; 4.24E-9 ; 2.7136E-9 ; 1.86E-8 ; 1.1904E-8 ; 8.25232E-6 ; 5.28148E-6
Cu70m ; 1.27E-8 ; 8.128E-9 ; 6.59E-8 ; 4.2176E-8 ; 4.67631E-5 ; 2.99284E-5
Cu71 ; 8.34E-8 ; 5.3376E-8 ; 3.41E-7 ; 2.1824E-7 ; 1.09441E-4 ; 7.00421E-5
Cu72 ; 1.81E-7 ; 1.1584E-7 ; 9.31E-7 ; 5.9584E-7 ; 1.47942E-4 ; 9.46826E-5
Cu73 ; 4.94E-7 ; 3.1616E-7 ; 1.81E-6 ; 1.1584E-6 ; 1.53343E-4 ; 9.81396E-5
Cu74 ; 7.31E-7 ; 4.6784E-7 ; 1.82E-6 ; 1.1648E-6 ; 1.13292E-4 ; 7.25068E-5
Cu75 ; 5.36E-7 ; 3.4304E-7 ; 1.41E-6 ; 9.024E-7 ; 5.65459E-5 ; 3.61894E-5
Cu76 ; 4.93E-7 ; 3.1552E-7 ; 1.7E-6 ; 1.088E-6 ; 2.05458E-5 ; 1.31493E-5
Cu77 ; 2.05E-7 ; 1.312E-7 ; 5.22E-7 ; 3.3408E-7 ; 5.48154E-6 ; 3.50819E-6
Cu78 ; 5.24E-8 ; 3.3536E-8 ; 1.43E-7 ; 9.152E-8 ; 8.87249E-7 ; 5.6784E-7
Cu79 ; 7.77976E-9 ; 4.97904E-9 ; 2.55975E-8 ; 1.63824E-8 ; 1.02009E-7 ; 6.52855E-8
Cu80 ; 3.2E-10 ; 2.048E-10 ; 2.53E-9 ; 1.6192E-9 ; 7.26204E-9 ; 4.64771E-9
Cu81 ; 2.73991E-11 ; 1.75354E-11 ; 1.33E-10 ; 8.512E-11 ; 3.30093E-10 ; 2.11259E-10
Cu82 ; 3.86E-13 ; 2.4704E-13 ; 2.99E-12 ; 1.9136E-12 ; 1.00028E-11 ; 6.4018E-12
Cu83 ; 9.10346E-15 ; 5.82621E-15 ; 6.00505E-14 ; 3.84323E-14 ; 3.91461E-13 ; 2.50535E-13
Zn66 ; 0.0 ; 0.0 ; 0.0 ; 0.0 ; 1.73049E-10 ; 1.10751E-10
Zn67 ; 0.0 ; 0.0 ; 7.15E-14 ; 4.576E-14 ; 4.2712E-9 ; 2.73357E-9
Zn68 ; 5.64E-13 ; 3.6096E-13 ; 5.31E-12 ; 3.3984E-12 ; 5.72161E-8 ; 3.66183E-8
Zn69 ; 4.87E-12 ; 3.1168E-12 ; 3.19E-13 ; 2.0416E-13 ; 6.4018E-8 ; 4.09715E-8
Zn69m ; 2.08E-11 ; 1.3312E-11 ; 1.56E-12 ; 9.984E-13 ; 5.18146E-7 ; 3.31613E-7
Zn70 ; 6.39E-10 ; 4.0896E-10 ; 4.25E-9 ; 2.72E-9 ; 3.83108E-6 ; 2.45189E-6
Zn71 ; 1.39E-9 ; 8.896E-10 ; 7.81E-9 ; 4.9984E-9 ; 2.05058E-6 ; 1.31237E-6
Zn71m ; 5.94E-9 ; 3.8016E-9 ; 3.81E-8 ; 2.4384E-8 ; 1.66147E-5 ; 1.06334E-5
Zn72 ; 5.83E-8 ; 3.7312E-8 ; 3.23E-7 ; 2.0672E-7 ; 6.00969E-5 ; 3.8462E-5
Zn73 ; 3.3E-7 ; 2.112E-7 ; 1.58E-6 ; 1.0112E-6 ; 1.45661E-4 ; 9.3223E-5
Zn74 ; 1.66E-6 ; 1.0624E-6 ; 3.97E-6 ; 2.5408E-6 ; 2.51361E-4 ; 1.60871E-4
Zn75 ; 2.63E-6 ; 1.6832E-6 ; 7.8E-6 ; 4.992E-6 ; 2.97844E-4 ; 1.9062E-4
Zn76 ; 8.84E-6 ; 5.6576E-6 ; 2.489E-5 ; 1.59296E-5 ; 2.70686E-4 ; 1.73239E-4
Zn77 ; 8.76E-6 ; 5.6064E-6 ; 2.117E-5 ; 1.35488E-5 ; 1.82491E-4 ; 1.16794E-4
Zn78 ; 9.36E-6 ; 5.9904E-6 ; 1.665E-5 ; 1.0656E-5 ; 7.88122E-5 ; 5.04398E-5
Zn79 ; 3.62E-6 ; 2.3168E-6 ; 8.8E-6 ; 5.632E-6 ; 2.4737E-5 ; 1.58316E-5
Zn80 ; 6.64E-7 ; 4.2496E-7 ; 2.63E-6 ; 1.6832E-6 ; 4.94139E-6 ; 3.16249E-6
Zn81 ; 1.6E-7 ; 1.024E-7 ; 4.66E-7 ; 2.9824E-7 ; 6.54184E-7 ; 4.18678E-7
Zn82 ; 1.11E-8 ; 7.104E-9 ; 3.56E-8 ; 2.2784E-8 ; 5.85164E-8 ; 3.74505E-8
Zn83 ; 4.31991E-10 ; 2.76474E-10 ; 1.33994E-9 ; 8.57562E-10 ; 2.96044E-9 ; 1.89468E-9
Zn84 ; 8.56E-12 ; 5.4784E-12 ; 3.38E-11 ; 2.1632E-11 ; 9.93279E-11 ; 6.35699E-11
Zn85 ; 2.54034E-13 ; 1.62582E-13 ; 1.16501E-12 ; 7.45609E-13 ; 5.17571E-12 ; 3.31246E-12
Zn86 ; 0.0 ; 0.0 ; 0.0 ; 0.0 ; 3.36094E-14 ; 2.151E-14
Ga66 ; 0.0 ; 0.0 ; 0.0 ; 0.0 ; 1.69048E-14 ; 1.0819E-14
Ga67 ; 0.0 ; 0.0 ; 0.0 ; 0.0 ; 1.20034E-12 ; 7.68216E-13
Ga68 ; 0.0 ; 0.0 ; 0.0 ; 0.0 ; 4.36123E-11 ; 2.79118E-11
Ga69 ; 1.34E-14 ; 8.576E-15 ; 0.0 ; 0.0 ; 1.22034E-9 ; 7.8102E-10
Ga70 ; 8.68E-13 ; 5.5552E-13 ; 1.33E-11 ; 8.512E-12 ; 2.17061E-8 ; 1.38919E-8
Ga71 ; 4.21E-11 ; 2.6944E-11 ; 4.23E-10 ; 2.7072E-10 ; 2.81079E-7 ; 1.79891E-7
Ga72 ; 4.36E-10 ; 2.7904E-10 ; 4.26E-9 ; 2.7264E-9 ; 1.16533E-6 ; 7.4581E-7
Ga72m ; 4.36E-10 ; 2.7904E-10 ; 4.26E-9 ; 2.7264E-9 ; 1.16533E-6 ; 7.4581E-7
Ga73 ; 1.87E-8 ; 1.1968E-8 ; 1.15E-7 ; 7.36E-8 ; 1.4154E-5 ; 9.05855E-6
Ga74 ; 1.075E-7 ; 6.88E-8 ; 3.805E-7 ; 2.4352E-7 ; 2.96033E-5 ; 1.89461E-5
Ga74m ; 1.075E-7 ; 6.88E-8 ; 3.805E-7 ; 2.4352E-7 ; 2.96033E-5 ; 1.89461E-5
Ga75 ; 1.2E-6 ; 7.68E-7 ; 3.81E-6 ; 2.4384E-6 ; 1.65667E-4 ; 1.06027E-4
Ga76 ; 8.49E-6 ; 5.4336E-6 ; 3.034E-5 ; 1.94176E-5 ; 3.59081E-4 ; 2.29812E-4
Ga77 ; 2.876E-5 ; 1.84064E-5 ; 6.477E-5 ; 4.14528E-5 ; 5.6803E-4 ; 3.63539E-4
Ga78 ; 6.916E-5 ; 4.42624E-5 ; 1.3155E-4 ; 8.4192E-5 ; 6.02319E-4 ; 3.85484E-4
Ga79 ; 9.994E-5 ; 6.39616E-5 ; 1.8707E-4 ; 1.19725E-4 ; 4.79445E-4 ; 3.06845E-4
Ga80 ; 4.603E-5 ; 2.94592E-5 ; 1.5689E-4 ; 1.0041E-4 ; 2.51171E-4 ; 1.60749E-4
Ga81 ; 4.704E-5 ; 3.01056E-5 ; 8.779E-5 ; 5.61856E-5 ; 9.21759E-5 ; 5.89926E-5
Ga82 ; 9.46E-6 ; 6.0544E-6 ; 2.188E-5 ; 1.40032E-5 ; 2.34366E-5 ; 1.49994E-5
Ga83 ; 1.78E-6 ; 1.1392E-6 ; 2.83E-6 ; 1.8112E-6 ; 3.53099E-6 ; 2.25984E-6
Ga84 ; 1.07E-7 ; 6.848E-8 ; 2.49E-7 ; 1.5936E-7 ; 3.47098E-7 ; 2.22142E-7
Ga85 ; 8.06975E-9 ; 5.16464E-9 ; 1.16988E-8 ; 7.48725E-9 ; 2.62022E-8 ; 1.67694E-8
Ga86 ; 1.49E-10 ; 9.536E-11 ; 3.65E-10 ; 2.336E-10 ; 1.04029E-9 ; 6.65787E-10
Ga87 ; 1.62471E-12 ; 1.03982E-12 ; 4.97433E-12 ; 3.18357E-12 ; 2.60533E-11 ; 1.66741E-11
Ga88 ; 6.38506E-14 ; 4.08644E-14 ; 1.35582E-13 ; 8.67725E-14 ; 1.54733E-12 ; 9.90291E-13
Ge66 ; 0.0 ; 0.0 ; 0.0 ; 0.0 ; 0.0 ; 0.0
Ge67 ; 0.0 ; 0.0 ; 0.0 ; 0.0 ; 0.0 ; 0.0
Ge68 ; 0.0 ; 0.0 ; 0.0 ; 0.0 ; 0.0 ; 0.0
Ge69 ; 0.0 ; 0.0 ; 0.0 ; 0.0 ; 1.75049E-13 ; 1.12031E-13
Ge70 ; 0.0 ; 0.0 ; 0.0 ; 0.0 ; 8.69244E-12 ; 5.56316E-12
Ge71 ; 0.0 ; 0.0 ; 1.08E-13 ; 6.912E-14 ; 1.56044E-10 ; 9.98681E-11
Ge71m ; 0.0 ; 0.0 ; 1.08E-13 ; 6.912E-14 ; 1.56044E-10 ; 9.98681E-11
Ge72 ; 7.19E-13 ; 4.6016E-13 ; 1.33E-11 ; 8.512E-12 ; 7.08199E-9 ; 4.53247E-9
Ge73 ; 3.21E-11 ; 2.0544E-11 ; 4.44E-10 ; 2.8416E-10 ; 1.03029E-7 ; 6.59385E-8
Ge73m ; 7.54E-12 ; 4.8256E-12 ; 9.09E-11 ; 5.8176E-11 ; 1.27036E-8 ; 8.13029E-9
Ge74 ; 1.91E-9 ; 1.2224E-9 ; 1.04E-8 ; 6.656E-9 ; 1.27036E-6 ; 8.13029E-7
Ge75 ; 3.43E-9 ; 2.1952E-9 ; 1.76E-8 ; 1.1264E-8 ; 7.24204E-7 ; 4.6349E-7
Ge75m ; 2.3E-8 ; 1.472E-8 ; 1.29E-7 ; 8.256E-8 ; 8.33234E-6 ; 5.3327E-6
Ge76 ; 7.17E-7 ; 4.5888E-7 ; 3.17E-6 ; 2.0288E-6 ; 4.9684E-5 ; 3.17977E-5
Ge77 ; 4.74E-6 ; 3.0336E-6 ; 1.548E-5 ; 9.9072E-6 ; 1.75119E-4 ; 1.12076E-4
Ge77m ; 7.08E-7 ; 4.5312E-7 ; 2.11E-6 ; 1.3504E-6 ; 1.31837E-5 ; 8.43757E-6
Ge78 ; 4.656E-5 ; 2.97984E-5 ; 9.004E-5 ; 5.76256E-5 ; 4.78795E-4 ; 3.06429E-4
Ge79 ; 7.071E-5 ; 4.52544E-5 ; 1.5969E-4 ; 1.02202E-4 ; 4.54593E-4 ; 2.90939E-4
Ge79m ; 7.071E-5 ; 4.52544E-5 ; 1.5969E-4 ; 1.02202E-4 ; 4.54593E-4 ; 2.90939E-4
Ge80 ; 2.3122E-4 ; 1.47981E-4 ; 6.7804E-4 ; 4.33946E-4 ; 0.00114925 ; 7.35522E-4
Ge81 ; 5.4357E-4 ; 3.47885E-4 ; 0.00107252 ; 6.86413E-4 ; 0.00107615 ; 6.88738E-4
Ge82 ; 4.5698E-4 ; 2.92467E-4 ; 7.9571E-4 ; 5.09254E-4 ; 7.23783E-4 ; 4.63221E-4
Ge83 ; 2.3471E-4 ; 1.50214E-4 ; 3.2896E-4 ; 2.10534E-4 ; 3.05226E-4 ; 1.95345E-4
Ge84 ; 6.503E-5 ; 4.16192E-5 ; 9.635E-5 ; 6.1664E-5 ; 8.43737E-5 ; 5.39992E-5
Ge85 ; 1.405E-5 ; 8.992E-6 ; 1.54E-5 ; 9.856E-6 ; 1.82751E-5 ; 1.16961E-5
Ge86 ; 1.26E-6 ; 8.064E-7 ; 1.57E-6 ; 1.0048E-6 ; 2.11059E-6 ; 1.35078E-6
Ge87 ; 7.70984E-8 ; 4.9343E-8 ; 1.10995E-7 ; 7.10368E-8 ; 1.97029E-7 ; 1.26099E-7
Ge88 ; 3.02994E-9 ; 1.93916E-9 ; 4.12986E-9 ; 2.64311E-9 ; 1.17017E-8 ; 7.48911E-9
Ge89 ; 2.48368E-11 ; 1.58955E-11 ; 6.85068E-11 ; 4.38443E-11 ; 3.16074E-10 ; 2.02287E-10
Ge90 ; 1.13099E-12 ; 7.23835E-13 ; 4.80384E-12 ; 3.07445E-12 ; 2.6909E-11 ; 1.72217E-11
Ge91 ; 7.64017E-14 ; 4.88971E-14 ;  ;  ;  ; 
As69 ; 0.0 ; 0.0 ; 0.0 ; 0.0 ; 0.0 ; 0.0
As71 ; 0.0 ; 0.0 ; 0.0 ; 0.0 ; 2.32065E-14 ; 1.48522E-14
As72 ; 0.0 ; 0.0 ; 0.0 ; 0.0 ; 1.48042E-12 ; 9.47466E-13
As73 ; 0.0 ; 0.0 ; 1.34E-13 ; 8.576E-14 ; 6.73189E-11 ; 4.30841E-11
As74 ; 1.65E-13 ; 1.056E-13 ; 2.16E-12 ; 1.3824E-12 ; 3.67103E-10 ; 2.34946E-10
As74m ; 3.84E-13 ; 2.4576E-13 ; 5.83E-12 ; 3.7312E-12 ; 1.67047E-9 ; 1.0691E-9
As75 ; 3.31E-11 ; 2.1184E-11 ; 3.43E-10 ; 2.1952E-10 ; 3.96111E-8 ; 2.53511E-8
As76 ; 2.37E-9 ; 1.5168E-9 ; 2.2E-8 ; 1.408E-8 ; 5.94167E-7 ; 3.80267E-7
As77 ; 7.42E-8 ; 4.7488E-8 ; 3.53E-7 ; 2.2592E-7 ; 5.86165E-6 ; 3.75145E-6
As78 ; 1.6E-6 ; 1.024E-6 ; 5.03E-6 ; 3.2192E-6 ; 3.84708E-5 ; 2.46213E-5
As79 ; 1.817E-5 ; 1.16288E-5 ; 4.762E-5 ; 3.04768E-5 ; 1.82351E-4 ; 1.16705E-4
As80 ; 6.705E-5 ; 4.2912E-5 ; 2.5953E-4 ; 1.66099E-4 ; 5.60327E-4 ; 3.5861E-4
As81 ; 5.5369E-4 ; 3.54362E-4 ; 0.00110562 ; 7.07597E-4 ; 0.00127874 ; 8.18393E-4
As82 ; 5.3081E-4 ; 3.39718E-4 ; 0.00110365 ; 7.06336E-4 ; 0.00105226 ; 6.73444E-4
As82m ; 5.3081E-4 ; 3.39718E-4 ; 0.00110377 ; 7.06413E-4 ; 0.0010524 ; 6.73533E-4
As83 ; 0.00208586 ; 0.00133495 ; 0.00259777 ; 0.00166257 ; 0.00227732 ; 0.00145748
As84 ; 7.2642E-4 ; 4.64909E-4 ; 0.00113829 ; 7.28506E-4 ; 8.17255E-4 ; 5.23043E-4
As84m ; 7.2642E-4 ; 4.64909E-4 ; 0.00113829 ; 7.28506E-4 ; 8.17255E-4 ; 5.23043E-4
As85 ; 0.00131612 ; 8.42317E-4 ; 0.00114453 ; 7.32499E-4 ; 9.53108E-4 ; 6.09989E-4
As86 ; 3.3129E-4 ; 2.12026E-4 ; 3.6179E-4 ; 2.31546E-4 ; 3.05006E-4 ; 1.95204E-4
As87 ; 9.225E-5 ; 5.904E-5 ; 8.144E-5 ; 5.21216E-5 ; 7.89022E-5 ; 5.04974E-5
As88 ; 1.011E-5 ; 6.4704E-6 ; 9.81E-6 ; 6.2784E-6 ; 1.31537E-5 ; 8.41837E-6
As89 ; 7.88975E-7 ; 5.04944E-7 ; 6.87932E-7 ; 4.40276E-7 ; 1.60013E-6 ; 1.02409E-6
As90 ; 3.59276E-8 ; 2.29936E-8 ; 3.53374E-8 ; 2.2616E-8 ; 1.36227E-7 ; 8.71855E-8
As91 ; 2.42701E-9 ; 1.55328E-9 ; 2.30343E-10 ; 1.47419E-10 ; 1.00643E-9 ; 6.44112E-10
As92 ; 5.0364E-12 ; 3.2233E-12 ; 9.45463E-12 ; 6.05096E-12 ; 1.01568E-10 ; 6.50037E-11
As93 ; 4.33707E-13 ; 2.77572E-13 ; 2.03763E-12 ; 1.30409E-12 ; 1.60844E-11 ; 1.0294E-11
Se72 ; 0.0 ; 0.0 ; 0.0 ; 0.0 ; 0.0 ; 0.0
Se73 ; 0.0 ; 0.0 ; 0.0 ; 0.0 ; 0.0 ; 0.0
Se73m ; 0.0 ; 0.0 ; 0.0 ; 0.0 ; 0.0 ; 0.0
Se74 ; 0.0 ; 0.0 ; 0.0 ; 0.0 ; 2.22062E-13 ; 1.4212E-13
Se75 ; 0.0 ; 0.0 ; 4.18E-14 ; 2.6752E-14 ; 1.21034E-11 ; 7.74618E-12
Se76 ; 3.94E-13 ; 2.5216E-13 ; 8.33E-12 ; 5.3312E-12 ; 5.18146E-10 ; 3.31613E-10
Se77 ; 4.38E-12 ; 2.8032E-12 ; 4.92E-11 ; 3.1488E-11 ; 1.12031E-9 ; 7.17002E-10
Se77m ; 2.93E-11 ; 1.8752E-11 ; 3.61E-10 ; 2.3104E-10 ; 1.29036E-8 ; 8.25832E-9
Se78 ; 3.24E-9 ; 2.0736E-9 ; 1.76E-8 ; 1.1264E-8 ; 2.55072E-7 ; 1.63246E-7
Se79 ; 8.34E-8 ; 5.3376E-8 ; 4.32E-7 ; 2.7648E-7 ; 3.04085E-6 ; 1.94615E-6
Se79m ; 1.25E-8 ; 8.0E-9 ; 5.89E-8 ; 3.7696E-8 ; 2.29064E-7 ; 1.46601E-7
Se80 ; 1.48E-6 ; 9.472E-7 ; 7.63E-6 ; 4.8832E-6 ; 2.64674E-5 ; 1.69392E-5
Se81 ; 3.92E-6 ; 2.5088E-6 ; 1.157E-5 ; 7.4048E-6 ; 1.25935E-5 ; 8.05987E-6
Se81m ; 2.622E-5 ; 1.67808E-5 ; 8.482E-5 ; 5.42848E-5 ; 1.44801E-4 ; 9.26724E-5
Se82 ; 2.2944E-4 ; 1.46842E-4 ; 5.4297E-4 ; 3.47501E-4 ; 6.51853E-4 ; 4.17186E-4
Se83 ; 8.4955E-4 ; 5.43712E-4 ; 0.00149015 ; 9.53696E-4 ; 0.00157643 ; 0.00100892
Se83m ; 1.9928E-4 ; 1.27539E-4 ; 3.0244E-4 ; 1.93562E-4 ; 1.94855E-4 ; 1.24707E-4
Se84 ; 0.00258639 ; 0.00165529 ; 0.0039795 ; 0.00179078 ; 0.0030203 ; 0.00193299
Se85 ; 0.00274308 ; 0.00175557 ; 0.00301921 ; 0.00193229 ; 0.00223714 ; 0.00143177
Se85m ; 0.00272771 ; 0.00174573 ; 0.0030041 ; 0.00192262 ; 0.00222425 ; 0.00142352
Se86 ; 0.00543984 ; 0.0034815 ; 0.00530253 ; 0.00339362 ; 0.00364257 ; 0.00233125
Se87 ; 0.00383144 ; 0.00245212 ; 0.00348773 ; 0.00223215 ; 0.00243674 ; 0.00155952
Se88 ; 0.00175213 ; 0.00112136 ; 0.00127779 ; 8.17786E-4 ; 0.0010818 ; 6.92355E-4
Se89 ; 3.7854E-4 ; 2.42266E-4 ; 2.8143E-4 ; 1.80115E-4 ; 3.58931E-4 ; 2.29716E-4
Se90 ; 6.39141E-5 ; 4.0905E-5 ; 5.52247E-5 ; 3.53438E-5 ; 7.06336E-5 ; 4.52055E-5
Se91 ; 4.31757E-6 ; 2.76325E-6 ; 5.13977E-6 ; 3.28945E-6 ; 7.61113E-6 ; 4.87113E-6
Se92 ; 2.38995E-7 ; 1.52957E-7 ; 2.87991E-7 ; 1.84314E-7 ; 7.68114E-7 ; 4.91593E-7
Se93 ; 2.05809E-8 ; 1.31718E-8 ; 4.54669E-8 ; 2.90988E-8 ; 1.21639E-7 ; 7.78491E-8
Se94 ; 1.1E-10 ; 7.04E-11 ; 1.77E-10 ; 1.1328E-10 ; 1.03029E-9 ; 6.59385E-10
Se95 ; 1.68384E-12 ; 1.07766E-12 ; 6.74692E-12 ; 4.31803E-12 ; 4.73788E-11 ; 3.03224E-11
Se96 ; 0.0 ; 0.0 ; 1.38E-14 ; 8.832E-15 ; 1.64046E-13 ; 1.0499E-13
Br75 ; 0.0 ; 0.0 ; 0.0 ; 0.0 ; 0.0 ; 0.0
Br77 ; 0.0 ; 0.0 ; 0.0 ; 0.0 ; 3.2109E-13 ; 2.05498E-13
Br77m ; 0.0 ; 0.0 ; 1.92E-14 ; 1.2288E-14 ; 1.97055E-12 ; 1.26115E-12
Br78 ; 1.99E-13 ; 1.2736E-13 ; 3.26E-12 ; 2.0864E-12 ; 1.20034E-10 ; 7.68216E-11
Br79 ; 6.01E-12 ; 3.8464E-12 ; 5.91E-11 ; 3.7824E-11 ; 6.12172E-10 ; 3.9179E-10
Br79m ; 2.01E-11 ; 1.2864E-11 ; 2.22E-10 ; 1.4208E-10 ; 3.76106E-9 ; 2.40708E-9
Br80 ; 2.82E-10 ; 1.8048E-10 ; 2.93E-9 ; 1.8752E-9 ; 1.48042E-8 ; 9.47466E-9
Br80m ; 8.46E-10 ; 5.4144E-10 ; 1.04E-8 ; 6.656E-9 ; 8.41236E-8 ; 5.38391E-8
Br81 ; 1.01E-7 ; 6.464E-8 ; 5.49E-7 ; 3.5136E-7 ; 1.66047E-6 ; 1.0627E-6
Br82 ; 1.52E-6 ; 9.728E-7 ; 7.12E-6 ; 4.5568E-6 ; 1.54343E-5 ; 9.87798E-6
Br82m ; 6.53E-7 ; 4.1792E-7 ; 2.63E-6 ; 1.6832E-6 ; 3.39095E-6 ; 2.17021E-6
Br83 ; 4.315E-5 ; 2.7616E-5 ; 9.937E-5 ; 6.35968E-5 ; 1.38959E-4 ; 8.89338E-5
Br84 ; 1.0039E-4 ; 6.42496E-5 ; 2.2606E-4 ; 1.44678E-4 ; 1.36838E-4 ; 8.75766E-5
Br84m ; 1.7848E-4 ; 1.14227E-4 ; 4.8038E-4 ; 3.07443E-4 ; 4.85156E-4 ; 3.105E-4
Br85 ; 0.00384693 ; 0.00246204 ; 0.00269963 ; 0.00172776 ; 0.00222395 ; 0.00142332
Br86 ; 0.00242049 ; 0.00154911 ; 0.00315499 ; 0.00201919 ; 0.0022064 ; 0.0014121
Br86m ; 0.0024176 ; 0.00154726 ; 0.00323402 ; 0.00206977 ; 0.00221369 ; 0.00141676
Br87 ; 0.0120211 ; 0.00384676 ; 0.0112024 ; 0.00257656 ; 0.0070839 ; 0.0045337
Br88 ; 0.0125855 ; 0.00402735 ; 0.0111744 ; 0.0071516 ; 0.00769934 ; 0.00492758
Br89 ; 0.0107576 ; 0.00344243 ; 0.0070157 ; 0.00449005 ; 0.0064665 ; 0.00413856
Br90 ; 0.0045702 ; 0.00292493 ; 0.00399455 ; 0.00255651 ; 0.00342141 ; 0.0021897
Br91 ; 0.00135711 ; 8.6855E-4 ; 0.00114979 ; 7.35866E-4 ; 0.00101877 ; 6.5201E-4
Br92 ; 2.113E-4 ; 1.35232E-4 ; 2.0471E-4 ; 1.31014E-4 ; 2.91782E-4 ; 1.8674E-4
Br93 ; 2.45094E-5 ; 1.5686E-5 ; 2.34245E-5 ; 1.49917E-5 ; 4.22202E-5 ; 2.7021E-5
Br94 ; 1.32E-6 ; 8.448E-7 ; 1.43E-6 ; 9.152E-7 ; 3.52099E-6 ; 2.25343E-6
Br95 ; 5.34896E-8 ; 3.42334E-8 ; 6.77512E-8 ; 4.33608E-8 ; 2.39856E-7 ; 1.53508E-7
Br96 ; 9.51E-10 ; 6.0864E-10 ; 1.28E-9 ; 8.192E-10 ; 5.3415E-9 ; 3.41856E-9
Br97 ; 6.13219E-12 ; 3.9246E-12 ; 1.33097E-11 ; 8.5182E-12 ; 8.80787E-11 ; 5.63704E-11
Br98 ; 1.99138E-13 ; 1.27448E-13 ; 3.19422E-13 ; 2.0443E-13 ; 3.27981E-12 ; 2.09908E-12
Kr77 ; 0.0 ; 0.0 ; 0.0 ; 0.0 ; 0.0 ; 0.0
Kr78 ; 0.0 ; 0.0 ; 0.0 ; 0.0 ; 0.0 ; 0.0
Kr79 ; 0.0 ; 0.0 ; 0.0 ; 0.0 ; 1.97055E-13 ; 1.26115E-13
Kr79m ; 0.0 ; 0.0 ; 0.0 ; 0.0 ; 1.97055E-13 ; 1.26115E-13
Kr80 ; 4.11E-14 ; 2.6304E-14 ; 1.2E-12 ; 7.68E-13 ; 2.57072E-11 ; 1.64526E-11
Kr81 ; 9.19E-12 ; 5.8816E-12 ; 1.49E-10 ; 9.536E-11 ; 1.18033E-9 ; 7.55412E-10
Kr81m ; 1.37E-12 ; 8.768E-13 ; 2.03E-11 ; 1.2992E-11 ; 8.85249E-11 ; 5.66559E-11
Kr82 ; 1.1E-9 ; 7.04E-10 ; 1.01E-8 ; 6.464E-9 ; 4.16117E-8 ; 2.66315E-8
Kr83 ; 5.22E-8 ; 3.3408E-8 ; 2.92E-7 ; 1.8688E-7 ; 7.99225E-7 ; 5.11504E-7
Kr83m ; 1.23E-8 ; 7.872E-9 ; 5.98E-8 ; 3.8272E-8 ; 9.87277E-8 ; 6.31858E-8
Kr84 ; 1.93E-6 ; 1.2352E-6 ; 8.14E-6 ; 5.2096E-6 ; 1.11631E-5 ; 7.14441E-6
Kr85 ; 3.187E-5 ; 2.03968E-5 ; 8.5E-5 ; 5.44E-5 ; 9.58569E-5 ; 6.13484E-5
Kr85m ; 7.48E-6 ; 4.7872E-6 ; 1.741E-5 ; 1.11424E-5 ; 1.18433E-5 ; 7.57973E-6
Kr86 ; 3.7556E-4 ; 2.40358E-4 ; 6.7571E-4 ; 4.32454E-4 ; 5.58347E-4 ; 3.57342E-4
Kr87 ; 0.00214069 ; 0.00137004 ; 0.00226714 ; 0.00145097 ; 0.00216606 ; 0.00138628
Kr88 ; 0.0072471 ; 0.0032612 ; 0.00825004 ; 0.00371252 ; 0.00564713 ; 0.00361416
Kr89 ; 0.0154258 ; 0.00493625 ; 0.0142355 ; 0.00455536 ; 0.0113159 ; 0.00362107
Kr90 ; 0.023511 ; 0.00752351 ; 0.0204937 ; 0.00655799 ; 0.0149428 ; 0.00478168
Kr91 ; 0.0165646 ; 0.00530067 ; 0.0164198 ; 0.00525435 ; 0.0113193 ; 0.00362216
Kr92 ; 0.0105113 ; 0.0033636 ; 0.00852867 ; 0.00545835 ; 0.00857336 ; 0.00548695
Kr93 ; 0.00324199 ; 0.00207487 ; 0.00305605 ; 0.00195587 ; 0.00348258 ; 0.00222885
Kr94 ; 7.8277E-4 ; 5.00973E-4 ; 6.0032E-4 ; 3.84205E-4 ; 8.33254E-4 ; 5.33283E-4
Kr95 ; 9.51565E-5 ; 6.09002E-5 ; 7.75622E-5 ; 4.96398E-5 ; 1.24365E-4 ; 7.95937E-5
Kr96 ; 7.53E-6 ; 4.8192E-6 ; 5.87E-6 ; 3.7568E-6 ; 1.14632E-5 ; 7.33646E-6
Kr97 ; 2.90994E-7 ; 1.86236E-7 ; 2.96987E-7 ; 1.90071E-7 ; 6.66099E-7 ; 4.26303E-7
Kr98 ; 9.4498E-9 ; 6.04787E-9 ; 9.72968E-9 ; 6.227E-9 ; 2.48037E-8 ; 1.58744E-8
Kr99 ; 1.77646E-11 ; 1.13694E-11 ; 6.38067E-11 ; 4.08363E-11 ; 2.42588E-10 ; 1.55256E-10
Kr100 ; 1.45E-12 ; 9.28E-13 ; 3.21E-12 ; 2.0544E-12 ; 9.94279E-12 ; 6.36339E-12
Kr101 ; 1.98255E-13 ; 1.26883E-13 ;  ;  ;  ; 
Rb79 ; 0.0 ; 0.0 ; 0.0 ; 0.0 ; 0.0 ; 0.0
Rb81 ; 0.0 ; 0.0 ; 0.0 ; 0.0 ; 6.4218E-14 ; 4.10996E-14
Rb83 ; 4.72E-12 ; 3.0208E-12 ; 6.52E-11 ; 4.1728E-11 ; 4.11116E-10 ; 2.63114E-10
Rb84 ; 4.28E-10 ; 2.7392E-10 ; 5.25E-9 ; 3.36E-9 ; 1.49042E-8 ; 9.53868E-9
Rb85 ; 4.06E-8 ; 2.5984E-8 ; 2.26E-7 ; 1.4464E-7 ; 4.13116E-7 ; 2.64394E-7
Rb86 ; 5.65E-7 ; 3.616E-7 ; 2.345E-6 ; 1.5008E-6 ; 3.01585E-6 ; 1.93014E-6
Rb86m ; 5.65E-7 ; 3.616E-7 ; 2.345E-6 ; 1.5008E-6 ; 3.01585E-6 ; 1.93014E-6
Rb87 ; 2.748E-5 ; 1.75872E-5 ; 6.572E-5 ; 4.20608E-5 ; 6.33778E-5 ; 4.05618E-5
Rb88 ; 2.6605E-4 ; 1.70272E-4 ; 6.406E-4 ; 4.09984E-4 ; 4.2851E-4 ; 2.74247E-4
Rb89 ; 0.00206262 ; 0.00132008 ; 0.00387896 ; 0.00248253 ; 0.00214375 ; 0.001372
Rb90 ; 0.00133397 ; 8.53741E-4 ; 0.00158566 ; 0.00101482 ; 7.66856E-4 ; 4.90788E-4
Rb90m ; 0.00568534 ; 0.00363862 ; 0.0077406 ; 0.00495398 ; 0.00620246 ; 0.00396958
Rb91 ; 0.0178112 ; 0.00569957 ; 0.0198316 ; 0.00456127 ; 0.0128839 ; 0.00412285
Rb92 ; 0.0250592 ; 0.00801894 ; 0.0268829 ; 0.00860251 ; 0.0238224 ; 0.00762317
Rb93 ; 0.0288116 ; 0.00921972 ; 0.0267332 ; 0.00855462 ; 0.0247969 ; 0.00793499
Rb94 ; 0.0169926 ; 0.00543764 ; 0.0153732 ; 0.00491942 ; 0.0157606 ; 0.0050434
Rb95 ; 0.00865393 ; 0.00553852 ; 0.0061011 ; 0.0039047 ; 0.0066626 ; 0.00426407
Rb96 ; 0.00185847 ; 0.00118942 ; 0.00143067 ; 9.15629E-4 ; 0.001747 ; 0.00111808
Rb97 ; 3.2596E-4 ; 2.08614E-4 ; 2.3731E-4 ; 1.51878E-4 ; 2.96583E-4 ; 1.89813E-4
Rb98 ; 2.956E-5 ; 1.89184E-5 ; 2.457E-5 ; 1.57248E-5 ; 3.28792E-5 ; 2.10427E-5
Rb99 ; 5.64318E-7 ; 3.61164E-7 ; 6.40735E-7 ; 4.1007E-7 ; 1.22811E-6 ; 7.85988E-7
Rb100 ; 5.93E-8 ; 3.7952E-8 ; 8.13E-8 ; 5.2032E-8 ; 1.18033E-7 ; 7.55412E-8
Rb101 ; 6.29786E-9 ; 4.03063E-9 ; 3.85847E-10 ; 2.46942E-10 ; 1.06329E-9 ; 6.80507E-10
Rb102 ; 1.02625E-11 ; 6.56798E-12 ; 1.48385E-11 ; 9.49665E-12 ; 4.80069E-11 ; 3.07244E-11
Rb103 ; 8.33467E-13 ; 5.33419E-13 ; 2.86588E-12 ; 1.83416E-12 ;  ; 
Sr83 ; 0.0 ; 0.0 ; 0.0 ; 0.0 ; 1.24035E-14 ; 7.93823E-15
Sr84 ; 0.0 ; 0.0 ; 1.7E-13 ; 1.088E-13 ; 1.34038E-12 ; 8.57841E-13
Sr85 ; 6.25E-13 ; 4.0E-13 ; 1.295E-11 ; 8.288E-12 ; 5.50155E-11 ; 3.52099E-11
Sr85m ; 6.25E-13 ; 4.0E-13 ; 1.295E-11 ; 8.288E-12 ; 5.50155E-11 ; 3.52099E-11
Sr86 ; 1.7E-10 ; 1.088E-10 ; 1.78E-9 ; 1.1392E-9 ; 4.73133E-9 ; 3.02805E-9
Sr87 ; 9.78E-9 ; 6.2592E-9 ; 6.72E-8 ; 4.3008E-8 ; 1.25035E-7 ; 8.00225E-8
Sr87m ; 2.29E-9 ; 1.4656E-9 ; 1.38E-8 ; 8.832E-9 ; 1.54043E-8 ; 9.85877E-9
Sr88 ; 5.22E-7 ; 3.3408E-7 ; 2.52E-6 ; 1.6128E-6 ; 2.63074E-6 ; 1.68367E-6
Sr89 ; 1.124E-5 ; 7.1936E-6 ; 2.929E-5 ; 1.87456E-5 ; 3.573E-5 ; 2.28672E-5
Sr90 ; 1.5986E-4 ; 1.0231E-4 ; 3.3124E-4 ; 2.11994E-4 ; 3.13648E-4 ; 2.00735E-4
Sr91 ; 0.00102712 ; 6.57357E-4 ; 0.00196424 ; 0.00125711 ; 0.00151214 ; 9.67773E-4
Sr92 ; 0.00551357 ; 0.00352869 ; 0.00771415 ; 0.00493706 ; 0.00704457 ; 0.00450852
Sr93 ; 0.0142523 ; 0.00456074 ; 0.0189393 ; 0.00606058 ; 0.0182118 ; 0.00582779
Sr94 ; 0.0303959 ; 0.00972668 ; 0.03091 ; 0.00989121 ; 0.0290897 ; 0.00930872
Sr95 ; 0.0350436 ; 0.011214 ; 0.0337817 ; 0.0108102 ; 0.031935 ; 0.0102192
Sr96 ; 0.0288665 ; 0.00923729 ; 0.0221183 ; 0.00707785 ; 0.0219174 ; 0.00701358
Sr97 ; 0.0127525 ; 0.00408079 ; 0.0110311 ; 0.00352995 ; 0.0101121 ; 0.00323586
Sr98 ; 0.0048157 ; 0.00308205 ; 0.00338529 ; 0.00216659 ; 0.0031518 ; 0.00201715
Sr99 ; 0.00100391 ; 6.425E-4 ; 7.33519E-4 ; 4.69452E-4 ; 6.36771E-4 ; 4.07533E-4
Sr100 ; 1.153E-4 ; 7.3792E-5 ; 1.039E-4 ; 6.6496E-5 ; 9.38964E-5 ; 6.00937E-5
Sr101 ; 1.12037E-5 ; 7.17037E-6 ; 8.60961E-6 ; 5.51015E-6 ; 8.0412E-6 ; 5.14637E-6
Sr102 ; 4.8699E-7 ; 3.11673E-7 ; 4.51985E-7 ; 2.89271E-7 ; 3.63054E-7 ; 2.32355E-7
Sr103 ; 3.95509E-8 ; 2.53126E-8 ; 6.3948E-8 ; 4.09268E-8 ; 3.50645E-9 ; 2.24413E-9
Sr104 ; 2.01E-10 ; 1.2864E-10 ; 2.58E-10 ; 1.6512E-10 ; 2.07058E-10 ; 1.32517E-10
Sr105 ; 1.31439E-12 ; 8.41211E-13 ; 5.02434E-12 ; 3.21558E-12 ; 1.36694E-11 ; 8.7484E-12
Sr106 ; 1.35648E-13 ; 8.6815E-14 ;  ;  ;  ; 
Y85 ; 0.0 ; 0.0 ; 0.0 ; 0.0 ; 0.0 ; 0.0
Y87 ; 2.5E-13 ; 1.6E-13 ; 5.1E-12 ; 3.264E-12 ; 2.1206E-11 ; 1.35718E-11
Y88 ; 3.1E-11 ; 1.984E-11 ; 5.26E-10 ; 3.3664E-10 ; 1.14032E-9 ; 7.29805E-10
Y89 ; 6.01E-10 ; 3.8464E-10 ; 3.97E-9 ; 2.5408E-9 ; 4.85136E-9 ; 3.10487E-9
Y89m ; 2.56E-9 ; 1.6384E-9 ; 1.94E-8 ; 1.2416E-8 ; 3.9211E-8 ; 2.50951E-8
Y90 ; 6.3E-8 ; 4.032E-8 ; 3.55E-7 ; 2.272E-7 ; 5.55156E-7 ; 3.553E-7
Y90m ; 6.3E-8 ; 4.032E-8 ; 3.55E-7 ; 2.272E-7 ; 5.55156E-7 ; 3.553E-7
Y91 ; 1.84E-6 ; 1.1776E-6 ; 6.805E-6 ; 4.3552E-6 ; 7.57213E-6 ; 4.84616E-6
Y91m ; 1.84E-6 ; 1.1776E-6 ; 6.805E-6 ; 4.3552E-6 ; 7.57213E-6 ; 4.84616E-6
Y92 ; 5.443E-5 ; 3.48352E-5 ; 1.4503E-4 ; 9.28192E-5 ; 1.93864E-4 ; 1.24073E-4
Y93 ; 2.9801E-4 ; 1.90726E-4 ; 6.25235E-4 ; 4.0015E-4 ; 6.89744E-4 ; 4.41436E-4
Y93m ; 2.9801E-4 ; 1.90726E-4 ; 6.25235E-4 ; 4.0015E-4 ; 6.89744E-4 ; 4.41436E-4
Y94 ; 0.00306045 ; 0.00195869 ; 0.00549833 ; 0.00351893 ; 0.00572601 ; 0.00366465
Y95 ; 0.0132872 ; 0.00425189 ; 0.0164322 ; 0.00525829 ; 0.0162714 ; 0.00520684
Y96 ; 0.00243738 ; 0.00155992 ; 0.00254493 ; 0.00162876 ; 0.00167039 ; 0.00106905
Y96m ; 0.0219364 ; 0.00701966 ; 0.0257618 ; 0.00824376 ; 0.0261695 ; 0.00837424
Y97 ; 0.01934 ; 0.0123776 ; 0.0190836 ; 0.0122135 ; 0.0161008 ; 0.0103045
Y97m ; 0.01934 ; 0.0123776 ; 0.0190836 ; 0.0122135 ; 0.0161008 ; 0.0103045
Y98 ; 0.0163782 ; 0.00524101 ; 0.0155908 ; 0.00498905 ; 0.0129214 ; 0.00413484
Y98m ; 0.0163775 ; 0.00524081 ; 0.0155903 ; 0.0049889 ; 0.012921 ; 0.0041347
Y99 ; 0.0261666 ; 0.0083733 ; 0.0183062 ; 0.00585797 ; 0.0136318 ; 0.00436218
Y100 ; 0.0075229 ; 0.00481466 ; 0.00751153 ; 0.00480738 ; 0.00555327 ; 0.00355409
Y101 ; 0.0030077 ; 0.00192493 ; 0.00187045 ; 0.00119709 ; 0.00135842 ; 8.6939E-4
Y102 ; 3.5425E-4 ; 2.2672E-4 ; 3.0347E-4 ; 1.94221E-4 ; 1.89153E-4 ; 1.21058E-4
Y103 ; 4.71005E-5 ; 3.01443E-5 ; 3.29461E-5 ; 2.10855E-5 ; 1.77515E-5 ; 1.13609E-5
Y104 ; 1.86E-6 ; 1.1904E-6 ; 1.74E-6 ; 1.1136E-6 ; 1.03029E-6 ; 6.59385E-7
Y105 ; 4.17535E-8 ; 2.67222E-8 ; 5.04534E-8 ; 3.22902E-8 ; 6.92016E-8 ; 4.4289E-8
Y106 ; 4.30906E-9 ; 2.7578E-9 ; 1.2442E-10 ; 7.9629E-11 ; 5.60742E-10 ; 3.58875E-10
Y107 ; 0.0 ; 0.0 ; 0.0 ; 0.0 ; 9.96643E-11 ; 6.37851E-11
Y108 ; 0.0 ; 0.0 ; 0.0 ; 0.0 ; 8.4508E-12 ; 5.40851E-12
Y109 ; 0.0 ; 0.0 ; 0.0 ; 0.0 ;  ; 
Y111 ; 0.0 ; 0.0 ;  ;  ;  ; 
Zr87 ; 0.0 ; 0.0 ; 0.0 ; 0.0 ; 0.0 ; 0.0
Zr88 ; 0.0 ; 0.0 ; 0.0 ; 0.0 ; 3.26092E-14 ; 2.08699E-14
Zr89 ; 2.56E-14 ; 1.6384E-14 ; 8.06E-13 ; 5.1584E-13 ; 3.66103E-12 ; 2.34306E-12
Zr90 ; 2.37E-12 ; 1.5168E-12 ; 3.955E-11 ; 2.5312E-11 ; 1.37039E-10 ; 8.77046E-11
Zr90m ; 2.37E-12 ; 1.5168E-12 ; 3.955E-11 ; 2.5312E-11 ; 1.37039E-10 ; 8.77046E-11
Zr91 ; 4.25E-10 ; 2.72E-10 ; 5.01E-9 ; 3.2064E-9 ; 1.09031E-8 ; 6.97796E-9
Zr92 ; 2.97E-8 ; 1.9008E-8 ; 2.0E-7 ; 1.28E-7 ; 4.06114E-7 ; 2.59913E-7
Zr93 ; 9.32E-7 ; 5.9648E-7 ; 4.78E-6 ; 3.0592E-6 ; 8.46238E-6 ; 5.41592E-6
Zr94 ; 2.154E-5 ; 1.37856E-5 ; 6.932E-5 ; 4.43648E-5 ; 1.00308E-4 ; 6.41972E-5
Zr95 ; 2.3803E-4 ; 1.52339E-4 ; 6.357E-4 ; 4.06848E-4 ; 8.07307E-4 ; 5.16676E-4
Zr96 ; 0.00178588 ; 0.00114296 ; 0.00311015 ; 0.0019905 ; 0.00367572 ; 0.00235246
Zr97 ; 0.00675353 ; 0.00432226 ; 0.0117142 ; 0.00374854 ; 0.010916 ; 0.00349311
Zr98 ; 0.0203619 ; 0.00651581 ; 0.0245175 ; 0.00563903 ; 0.0219352 ; 0.00701927
Zr99 ; 0.0351406 ; 0.011245 ; 0.0361179 ; 0.0115577 ; 0.0282636 ; 0.00904434
Zr100 ; 0.035816 ; 0.0114611 ; 0.0386483 ; 0.0123675 ; 0.0292526 ; 0.00936083
Zr101 ; 0.0319338 ; 0.0102188 ; 0.026067 ; 0.00834144 ; 0.0187775 ; 0.0060088
Zr102 ; 0.0147489 ; 0.00471966 ; 0.0119751 ; 0.00383204 ; 0.00748789 ; 0.00479225
Zr103 ; 0.00501726 ; 0.00321105 ; 0.00383979 ; 0.00245747 ; 0.00203626 ; 0.00130321
Zr104 ; 8.5146E-4 ; 5.44934E-4 ; 6.1692E-4 ; 3.94829E-4 ; 3.50649E-4 ; 2.24415E-4
Zr105 ; 7.42783E-5 ; 4.75381E-5 ; 5.77595E-5 ; 3.69661E-5 ; 3.58809E-5 ; 2.29638E-5
Zr106 ; 7.66569E-6 ; 4.90604E-6 ; 3.78988E-6 ; 2.42552E-6 ; 4.24063E-6 ; 2.714E-6
Zr107 ; 6.90203E-13 ; 4.4173E-13 ; 1.95004E-13 ; 1.24803E-13 ; 7.53715E-7 ; 4.82378E-7
Zr108 ; 1.44E-13 ; 9.216E-14 ; 1.01E-14 ; 6.464E-15 ; 6.39095E-8 ; 4.09021E-8
Zr109 ; 2.42273E-15 ; 1.55055E-15 ; 2.88785E-16 ; 1.84822E-16 ; 7.6648E-10 ; 4.90547E-10
Zr110 ; 0.0 ; 0.0 ; 0.0 ; 0.0 ; 5.52155E-11 ; 3.53379E-11
Zr111 ; 1.75812E-17 ; 1.1252E-17 ; 9.88181E-13 ; 6.32436E-13 ; 5.68606E-12 ; 3.63908E-12
Zr112 ; 2.65284E-14 ; 1.69782E-14 ; 3.31209E-14 ; 2.11974E-14 ;  ; 
Nb89 ; 0.0 ; 0.0 ; 0.0 ; 0.0 ; 0.0 ; 0.0
Nb90 ; 0.0 ; 0.0 ; 0.0 ; 0.0 ; 0.0 ; 0.0
Nb91 ; 0.0 ; 0.0 ; 9.15E-14 ; 5.856E-14 ; 5.26148E-13 ; 3.36735E-13
Nb92 ; 4.53E-13 ; 2.8992E-13 ; 1.22E-11 ; 7.808E-12 ; 5.81163E-11 ; 3.71945E-11
Nb93 ; 5.52E-11 ; 3.5328E-11 ; 8.22E-10 ; 5.2608E-10 ; 3.27092E-9 ; 2.09339E-9
Nb93m ; 1.29E-11 ; 8.256E-12 ; 1.68E-10 ; 1.0752E-10 ; 4.04114E-10 ; 2.58633E-10
Nb94 ; 2.72E-9 ; 1.7408E-9 ; 3.08E-8 ; 1.9712E-8 ; 9.65271E-8 ; 6.17774E-8
Nb94m ; 1.89E-9 ; 1.2096E-9 ; 1.81E-8 ; 1.1584E-8 ; 3.39095E-8 ; 2.17021E-8
Nb95 ; 1.93E-7 ; 1.2352E-7 ; 1.23E-6 ; 7.872E-7 ; 2.8308E-6 ; 1.81171E-6
Nb95m ; 4.52E-8 ; 2.8928E-8 ; 2.52E-7 ; 1.6128E-7 ; 3.50098E-7 ; 2.24063E-7
Nb96 ; 5.04E-6 ; 3.2256E-6 ; 2.287E-5 ; 1.46368E-5 ; 4.18017E-5 ; 2.67531E-5
Nb97 ; 6.802E-5 ; 4.35328E-5 ; 2.2663E-4 ; 1.45043E-4 ; 3.09897E-4 ; 1.98334E-4
Nb97m ; 1.595E-5 ; 1.0208E-5 ; 4.642E-5 ; 2.97088E-5 ; 3.83008E-5 ; 2.45125E-5
Nb98 ; 4.8068E-4 ; 3.07635E-4 ; 0.00125685 ; 8.04384E-4 ; 0.00161104 ; 0.00103107
Nb98m ; 1.6023E-4 ; 1.02547E-4 ; 3.5482E-4 ; 2.27085E-4 ; 2.8432E-4 ; 1.81965E-4
Nb99 ; 3.4191E-4 ; 2.18822E-4 ; 5.0142E-4 ; 3.20909E-4 ; 4.974E-4 ; 3.18336E-4
Nb99m ; 0.00393169 ; 0.00251628 ; 0.0057658 ; 0.00369011 ; 0.00571957 ; 0.00366052
Nb100 ; 0.00492543 ; 0.00315228 ; 0.00877021 ; 0.00561293 ; 0.00813541 ; 0.00520666
Nb100m ; 0.00492543 ; 0.00315228 ; 0.00877021 ; 0.00561293 ; 0.00813541 ; 0.00520666
Nb101 ; 0.0299403 ; 0.00958091 ; 0.0302765 ; 0.00968849 ; 0.0260448 ; 0.00833434
Nb102 ; 0.0150267 ; 0.0096171 ; 0.017877 ; 0.0114413 ; 0.0136636 ; 0.00874471
Nb102m ; 0.0150267 ; 0.0096171 ; 0.017877 ; 0.0114413 ; 0.0136636 ; 0.00874471
Nb103 ; 0.0368135 ; 0.0117803 ; 0.0303394 ; 0.0097086 ; 0.0196909 ; 0.00630108
Nb104 ; 0.00733286 ; 0.00469303 ; 0.00673033 ; 0.00430741 ; 0.00466988 ; 0.00298872
Nb104m ; 0.00733286 ; 0.00469303 ; 0.00673033 ; 0.00430741 ; 0.00466988 ; 0.00298872
Nb105 ; 0.00514229 ; 0.00329107 ; 0.00384567 ; 0.00246123 ; 0.00273947 ; 0.00175326
Nb106 ; 0.00147195 ; 9.42048E-4 ; 7.7679E-4 ; 4.97146E-4 ; 7.54522E-4 ; 4.82894E-4
Nb107 ; 1.131E-5 ; 7.2384E-6 ; 2.62E-6 ; 1.6768E-6 ; 2.6161E-4 ; 1.6743E-4
Nb108 ; 8.67E-7 ; 5.5488E-7 ; 1.65E-7 ; 1.056E-7 ; 4.46525E-5 ; 2.85776E-5
Nb109 ; 3.97E-8 ; 2.5408E-8 ; 3.88E-9 ; 2.4832E-9 ; 3.88032E-6 ; 2.48341E-6
Nb110 ; 9.23E-10 ; 5.9072E-10 ; 4.95E-11 ; 3.168E-11 ; 2.89081E-7 ; 1.85012E-7
Nb111 ; 2.88094E-10 ; 1.8438E-10 ; 9.92311E-9 ; 6.35079E-9 ; 2.87859E-8 ; 1.84229E-8
Nb112 ; 8.42711E-10 ; 5.39335E-10 ; 2.4364E-10 ; 1.5593E-10 ; 2.42018E-10 ; 1.54892E-10
Nb113 ; 1.9767E-13 ; 1.26509E-13 ; 3.33383E-13 ; 2.13365E-13 ; 2.57245E-11 ; 1.64637E-11
Nb114 ; 1.22222E-14 ; 7.82223E-15 ; 5.77783E-15 ; 3.69781E-15 ; 1.16513E-12 ; 7.4568E-13
Nb115 ; 1.30536E-15 ; 8.35432E-16 ;  ;  ;  ; 
Mo90 ; 0.0 ; 0.0 ; 0.0 ; 0.0 ; 0.0 ; 0.0
Mo91 ; 0.0 ; 0.0 ; 0.0 ; 0.0 ; 0.0 ; 0.0
Mo92 ; 0.0 ; 0.0 ; 0.0 ; 0.0 ; 0.0 ; 0.0
Mo93 ; 0.0 ; 0.0 ; 5.1E-15 ; 3.264E-15 ; 5.25148E-14 ; 3.36094E-14
Mo93m ; 0.0 ; 0.0 ; 5.1E-15 ; 3.264E-15 ; 5.25148E-14 ; 3.36094E-14
Mo94 ; 4.59E-14 ; 2.9376E-14 ; 1.74E-12 ; 1.1136E-12 ; 1.14032E-11 ; 7.29805E-12
Mo95 ; 7.01E-12 ; 4.4864E-12 ; 1.8E-10 ; 1.152E-10 ; 8.72245E-10 ; 5.58237E-10
Mo96 ; 7.12E-10 ; 4.5568E-10 ; 9.19E-9 ; 5.8816E-9 ; 3.45097E-8 ; 2.20862E-8
Mo97 ; 3.43E-8 ; 2.1952E-8 ; 3.57E-7 ; 2.2848E-7 ; 8.5524E-7 ; 5.47354E-7
Mo98 ; 1.18E-6 ; 7.552E-7 ; 6.71E-6 ; 4.2944E-6 ; 1.35838E-5 ; 8.69364E-6
Mo99 ; 2.119E-5 ; 1.35616E-5 ; 7.641E-5 ; 4.89024E-5 ; 1.23455E-4 ; 7.9011E-5
Mo100 ; 2.0498E-4 ; 1.31187E-4 ; 6.2281E-4 ; 3.98598E-4 ; 8.894E-4 ; 5.69216E-4
Mo101 ; 0.00150356 ; 9.62278E-4 ; 0.00300137 ; 0.00192088 ; 0.00377571 ; 0.00241646
Mo102 ; 0.00567184 ; 0.00362998 ; 0.00947005 ; 0.00606083 ; 0.0106116 ; 0.00339572
Mo103 ; 0.0153866 ; 0.0049237 ; 0.0202048 ; 0.00646553 ; 0.0195555 ; 0.00625777
Mo104 ; 0.0214546 ; 0.00686546 ; 0.0235218 ; 0.00752697 ; 0.0237062 ; 0.00758599
Mo105 ; 0.0164015 ; 0.00524846 ; 0.018357 ; 0.00587424 ; 0.0181953 ; 0.00582248
Mo106 ; 0.0182677 ; 0.00584565 ; 0.0102751 ; 0.00328804 ; 0.0109429 ; 0.00350172
Mo107 ; 0.00716271 ; 0.00458413 ; 0.003872 ; 0.00247808 ; 0.00633471 ; 0.00405421
Mo108 ; 0.00296039 ; 0.00189465 ; 0.001146 ; 7.3344E-4 ; 0.00232808 ; 0.00148997
Mo109 ; 5.1048E-4 ; 3.26707E-4 ; 1.4209E-4 ; 9.09376E-5 ; 5.3373E-4 ; 3.41587E-4
Mo110 ; 7.513E-5 ; 4.80832E-5 ; 1.158E-5 ; 7.4112E-6 ; 1.04259E-4 ; 6.6726E-5
Mo111 ; 2.95971E-6 ; 1.89422E-6 ; 1.13601E-5 ; 7.27045E-6 ; 1.49254E-5 ; 9.55226E-6
Mo112 ; 1.49916E-6 ; 9.59461E-7 ; 3.80756E-7 ; 2.43684E-7 ; 1.83027E-6 ; 1.17137E-6
Mo113 ; 9.38013E-9 ; 6.00328E-9 ; 7.43897E-9 ; 4.76094E-9 ; 1.94542E-7 ; 1.24507E-7
Mo114 ; 5.79988E-10 ; 3.71192E-10 ; 1.75994E-10 ; 1.12636E-10 ; 8.81131E-9 ; 5.63924E-9
Mo115 ; 6.1944E-11 ; 3.96442E-11 ; 6.94421E-13 ; 4.44429E-13 ; 8.8733E-11 ; 5.67891E-11
Mo116 ; 3.71E-14 ; 2.3744E-14 ; 3.79E-14 ; 2.4256E-14 ; 1.03029E-11 ; 6.59385E-12
Mo117 ; 1.13541E-15 ; 7.26665E-16 ;  ;  ; 2.43797E-12 ; 1.5603E-12
Tc93 ; 0.0 ; 0.0 ; 0.0 ; 0.0 ; 0.0 ; 0.0
Tc95 ; 0.0 ; 0.0 ; 0.0 ; 0.0 ; 1.39039E-14 ; 8.8985E-15
Tc95m ; 0.0 ; 0.0 ; 0.0 ; 0.0 ; 0.0 ; 0.0
Tc97 ; 3.33E-13 ; 2.1312E-13 ; 1.23E-11 ; 7.872E-12 ; 7.20202E-11 ; 4.6093E-11
Tc97m ; 3.33E-13 ; 2.1312E-13 ; 1.23E-11 ; 7.872E-12 ; 7.20202E-11 ; 4.6093E-11
Tc98 ; 6.56E-11 ; 4.1984E-11 ; 1.49E-9 ; 9.536E-10 ; 6.92195E-9 ; 4.43005E-9
Tc99 ; 4.25E-9 ; 2.72E-9 ; 4.3E-8 ; 2.752E-8 ; 1.63046E-7 ; 1.04349E-7
Tc99m ; 9.97E-10 ; 6.3808E-10 ; 8.81E-9 ; 5.6384E-9 ; 2.02057E-8 ; 1.29316E-8
Tc100 ; 1.46E-7 ; 9.344E-8 ; 1.33E-6 ; 8.512E-7 ; 3.89109E-6 ; 2.4903E-6
Tc101 ; 4.6E-6 ; 2.944E-6 ; 1.97E-5 ; 1.2608E-5 ; 4.75534E-5 ; 3.04342E-5
Tc102 ; 2.307E-5 ; 1.47648E-5 ; 9.244E-5 ; 5.91616E-5 ; 1.96195E-4 ; 1.25565E-4
Tc102m ; 2.307E-5 ; 1.47648E-5 ; 9.244E-5 ; 5.91616E-5 ; 1.96195E-4 ; 1.25565E-4
Tc103 ; 5.1649E-4 ; 3.30554E-4 ; 0.00115993 ; 7.42355E-4 ; 0.00199295 ; 0.00127549
Tc104 ; 0.00172761 ; 0.00110567 ; 0.00359481 ; 0.00230068 ; 0.00640771 ; 0.00410093
Tc105 ; 0.00489219 ; 0.003131 ; 0.00860098 ; 0.00387044 ; 0.0126545 ; 0.00404945
Tc106 ; 0.012531 ; 0.00400991 ; 0.0111715 ; 0.00357488 ; 0.0158703 ; 0.00507848
Tc107 ; 0.016749 ; 0.00535967 ; 0.0129532 ; 0.00414501 ; 0.0147016 ; 0.0047045
Tc108 ; 0.0141551 ; 0.00452963 ; 0.0109666 ; 0.0035093 ; 0.0109288 ; 0.00349723
Tc109 ; 0.00939825 ; 0.00422921 ; 0.00510145 ; 0.00326493 ; 0.00609382 ; 0.00390005
Tc110 ; 0.00375866 ; 0.00240554 ; 0.00172865 ; 0.00110634 ; 0.00291735 ; 0.0018671
Tc111 ; 7.3526E-4 ; 4.70566E-4 ; 2.8353E-4 ; 1.81459E-4 ; 0.00105593 ; 6.75793E-4
Tc112 ; 8.941E-5 ; 5.72224E-5 ; 4.695E-5 ; 3.0048E-5 ; 3.16769E-4 ; 2.02732E-4
Tc113 ; 1.11706E-5 ; 7.1492E-6 ; 3.83256E-6 ; 2.45284E-6 ; 6.75245E-5 ; 4.32157E-5
Tc114 ; 8.05E-7 ; 5.152E-7 ; 3.51E-7 ; 2.2464E-7 ; 1.02129E-5 ; 6.53624E-6
Tc115 ; 7.3768E-8 ; 4.72115E-8 ; 6.97323E-9 ; 4.46287E-9 ; 4.49213E-7 ; 2.87497E-7
Tc116 ; 8.95E-10 ; 5.728E-10 ; 8.49E-10 ; 5.4336E-10 ; 8.33234E-8 ; 5.3327E-8
Tc117 ; 3.6068E-11 ; 2.30835E-11 ; 2.89945E-12 ; 1.85565E-12 ; 1.23423E-8 ; 7.89907E-9
Tc118 ; 5.50001E-14 ; 3.52E-14 ; 1.07021E-13 ; 6.84935E-14 ; 9.01947E-11 ; 5.77246E-11
Tc119 ; 9.35633E-16 ; 5.98805E-16 ; 3.47755E-15 ; 2.22563E-15 ; 6.40092E-12 ; 4.09659E-12
Ru95 ; 0.0 ; 0.0 ; 0.0 ; 0.0 ; 0.0 ; 0.0
Ru96 ; 0.0 ; 0.0 ; 0.0 ; 0.0 ; 0.0 ; 0.0
Ru97 ; 0.0 ; 0.0 ; 0.0 ; 0.0 ; 0.0 ; 0.0
Ru98 ; 0.0 ; 0.0 ; 1.62E-14 ; 1.0368E-14 ; 2.33066E-13 ; 1.49162E-13
Ru99 ; 3.84E-14 ; 2.4576E-14 ; 1.79E-12 ; 1.1456E-12 ; 1.84052E-11 ; 1.17793E-11
Ru100 ; 4.99E-12 ; 3.1936E-12 ; 1.49E-10 ; 9.536E-11 ; 1.19033E-9 ; 7.61814E-10
Ru101 ; 3.81E-10 ; 2.4384E-10 ; 7.03E-9 ; 4.4992E-9 ; 4.37123E-8 ; 2.79759E-8
Ru102 ; 1.99E-8 ; 1.2736E-8 ; 2.09E-7 ; 1.3376E-7 ; 1.13032E-6 ; 7.23403E-7
Ru103 ; 6.17E-7 ; 3.9488E-7 ; 4.06E-6 ; 2.5984E-6 ; 1.70948E-5 ; 1.09407E-5
Ru104 ; 9.4E-6 ; 6.016E-6 ; 3.817E-5 ; 2.44288E-5 ; 1.59405E-4 ; 1.02019E-4
Ru105 ; 6.682E-5 ; 4.27648E-5 ; 2.537E-4 ; 1.62368E-4 ; 8.80607E-4 ; 5.63589E-4
Ru106 ; 7.3019E-4 ; 4.67322E-4 ; 0.00111489 ; 7.1353E-4 ; 0.00241051 ; 0.00154272
Ru107 ; 1.8194E-4 ; 1.16442E-4 ; 2.984E-4 ; 1.90976E-4 ; 0.00362525 ; 0.00232016
Ru108 ; 6.6102E-4 ; 4.23053E-4 ; 8.5105E-4 ; 5.44672E-4 ; 0.00543453 ; 0.0034781
Ru109 ; 5.4534E-4 ; 3.49018E-4 ; 5.6371E-4 ; 3.60774E-4 ; 0.00353501 ; 0.00226241
Ru109m ; 5.4534E-4 ; 3.49018E-4 ; 5.6371E-4 ; 3.60774E-4 ; 0.00353501 ; 0.00226241
Ru110 ; 0.00155572 ; 9.95661E-4 ; 0.0012737 ; 8.15168E-4 ; 0.00775055 ; 0.00496035
Ru111 ; 6.251E-4 ; 4.00064E-4 ; 5.5963E-4 ; 3.58163E-4 ; 0.00654123 ; 0.00418639
Ru112 ; 3.9288E-4 ; 2.51443E-4 ; 3.9035E-4 ; 2.49824E-4 ; 0.00448511 ; 0.00287047
Ru113 ; 1.6214E-4 ; 1.0377E-4 ; 1.2525E-4 ; 8.016E-5 ; 0.00230924 ; 0.00147791
Ru114 ; 6.097E-5 ; 3.90208E-5 ; 3.863E-5 ; 2.47232E-5 ; 8.61732E-4 ; 5.51509E-4
Ru115 ; 5.67617E-6 ; 3.63275E-6 ; 7.98303E-6 ; 5.10914E-6 ; 2.32916E-4 ; 1.49066E-4
Ru116 ; 1.04E-6 ; 6.656E-7 ; 9.65E-7 ; 6.176E-7 ; 4.57929E-5 ; 2.93074E-5
Ru117 ; 6.41639E-8 ; 4.10649E-8 ; 6.46971E-8 ; 4.14061E-8 ; 6.39946E-6 ; 4.09565E-6
Ru118 ; 2.60995E-9 ; 1.67036E-9 ; 3.25989E-9 ; 2.08633E-9 ; 6.82102E-7 ; 4.36545E-7
Ru119 ; 4.43991E-11 ; 2.84154E-11 ; 7.75965E-11 ; 4.96618E-11 ; 4.84072E-8 ; 3.09806E-8
Ru120 ; 4.77E-13 ; 3.0528E-13 ; 9.41E-13 ; 6.0224E-13 ; 2.42068E-9 ; 1.54924E-9
Ru121 ; 4.9107E-15 ; 3.14285E-15 ; 2.50926E-14 ; 1.60593E-14 ; 7.34872E-11 ; 4.70318E-11
Ru122 ; 0.0 ; 0.0 ; 0.0 ; 0.0 ; 1.7905E-12 ; 1.14592E-12
Ru124 ; 0.0 ; 0.0 ; 0.0 ; 0.0 ; 0.0 ; 0.0
Rh99 ; 0.0 ; 0.0 ; 0.0 ; 0.0 ; 0.0 ; 0.0
Rh101 ; 0.0 ; 0.0 ; 2.12E-14 ; 1.3568E-14 ; 2.96083E-13 ; 1.89493E-13
Rh101m ; 0.0 ; 0.0 ; 1.03E-13 ; 6.592E-14 ; 2.39067E-12 ; 1.53003E-12
Rh102 ; 1.24E-13 ; 7.936E-14 ; 6.0E-12 ; 3.84E-12 ; 1.12031E-10 ; 7.17002E-11
Rh102m ; 1.24E-13 ; 7.936E-14 ; 6.0E-12 ; 3.84E-12 ; 1.12031E-10 ; 7.17002E-11
Rh103 ; 4.21E-12 ; 2.6944E-12 ; 8.39E-11 ; 5.3696E-11 ; 8.42237E-10 ; 5.39031E-10
Rh103m ; 2.82E-11 ; 1.8048E-11 ; 6.15E-10 ; 3.936E-10 ; 9.68272E-9 ; 6.19694E-9
Rh104 ; 3.88E-10 ; 2.4832E-10 ; 4.96E-9 ; 3.1744E-9 ; 4.51127E-8 ; 2.88721E-8
Rh104m ; 1.16E-9 ; 7.424E-10 ; 1.76E-8 ; 1.1264E-8 ; 2.56072E-7 ; 1.63886E-7
Rh105 ; 4.35E-8 ; 2.784E-8 ; 4.37E-7 ; 2.7968E-7 ; 4.65131E-6 ; 2.97684E-6
Rh105m ; 6.5E-9 ; 4.16E-9 ; 5.95E-8 ; 3.808E-8 ; 3.50098E-7 ; 2.24063E-7
Rh106 ; 7.99E-7 ; 5.1136E-7 ; 3.16E-6 ; 2.0224E-6 ; 1.59745E-5 ; 1.02237E-5
Rh106m ; 7.99E-7 ; 5.1136E-7 ; 3.16E-6 ; 2.0224E-6 ; 1.59745E-5 ; 1.02237E-5
Rh107 ; 1.81E-9 ; 1.1584E-9 ; 5.75E-9 ; 3.68E-9 ; 8.16029E-5 ; 5.22259E-5
Rh108 ; 1.2E-8 ; 7.68E-9 ; 4.05E-8 ; 2.592E-8 ; 1.31537E-4 ; 8.41837E-5
Rh108m ; 1.2E-8 ; 7.68E-9 ; 4.05E-8 ; 2.592E-8 ; 1.31537E-4 ; 8.41837E-5
Rh109 ; 1.22E-7 ; 7.808E-8 ; 2.75E-7 ; 1.76E-7 ; 4.25069E-4 ; 2.72044E-4
Rh109m ; 1.22E-7 ; 7.808E-8 ; 2.75E-7 ; 1.76E-7 ; 4.25069E-4 ; 2.72044E-4
Rh110 ; 6.36E-7 ; 4.0704E-7 ; 1.71E-6 ; 1.0944E-6 ; 0.00109582 ; 7.01324E-4
Rh110m ; 6.36E-7 ; 4.0704E-7 ; 1.71E-6 ; 1.0944E-6 ; 0.00109584 ; 7.01336E-4
Rh111 ; 2.82E-6 ; 1.8048E-6 ; 9.707E-5 ; 6.21248E-5 ; 0.0042544 ; 0.00272281
Rh112 ; 9.98E-5 ; 6.3872E-5 ; 2.8036E-4 ; 1.7943E-4 ; 0.00636046 ; 0.00407069
Rh113 ; 2.0308E-4 ; 1.29971E-4 ; 3.1517E-4 ; 2.01709E-4 ; 0.00735274 ; 0.00470575
Rh114 ; 2.1069E-4 ; 1.34842E-4 ; 2.9009E-4 ; 1.85658E-4 ; 0.00628433 ; 0.00402197
Rh115 ; 8.447E-5 ; 5.40608E-5 ; 1.6538E-4 ; 1.05843E-4 ; 0.00400689 ; 0.00256441
Rh116 ; 4.179E-5 ; 2.67456E-5 ; 6.246E-5 ; 3.99744E-5 ; 0.00190566 ; 0.00121962
Rh117 ; 1.222E-5 ; 7.8208E-6 ; 1.367E-5 ; 8.7488E-6 ; 6.63246E-4 ; 4.24478E-4
Rh118 ; 1.57E-6 ; 1.0048E-6 ; 2.39E-6 ; 1.5296E-6 ; 1.74799E-4 ; 1.11871E-4
Rh119 ; 1.41E-7 ; 9.024E-8 ; 2.02E-7 ; 1.2928E-7 ; 3.2069E-5 ; 2.05242E-5
Rh120 ; 5.03E-9 ; 3.2192E-9 ; 9.1E-9 ; 5.824E-9 ; 4.20118E-6 ; 2.68876E-6
Rh121 ; 1.55995E-10 ; 9.98369E-11 ; 2.51975E-10 ; 1.61264E-10 ; 3.72031E-7 ; 2.381E-7
Rh122 ; 2.16E-12 ; 1.3824E-12 ; 5.17E-12 ; 3.3088E-12 ; 2.31065E-8 ; 1.47882E-8
Rh123 ; 2.29E-14 ; 1.4656E-14 ; 7.55E-14 ; 4.832E-14 ; 9.07255E-10 ; 5.80643E-10
Rh124 ; 0.0 ; 0.0 ; 0.0 ; 0.0 ; 2.68075E-11 ; 1.71568E-11
Rh125 ;  ;  ;  ;  ; 1.10297E-12 ; 7.059E-13
Pd99 ; 0.0 ; 0.0 ; 0.0 ; 0.0 ; 0.0 ; 0.0
Pd101 ; 0.0 ; 0.0 ; 0.0 ; 0.0 ; 0.0 ; 0.0
Pd102 ; 0.0 ; 0.0 ; 0.0 ; 0.0 ; 0.0 ; 0.0
Pd103 ; 0.0 ; 0.0 ; 0.0 ; 0.0 ; 4.29121E-13 ; 2.74637E-13
Pd104 ; 1.18E-14 ; 7.552E-15 ; 6.68E-13 ; 4.2752E-13 ; 3.86109E-11 ; 2.47109E-11
Pd105 ; 1.29E-12 ; 8.256E-13 ; 5.46E-11 ; 3.4944E-11 ; 2.00056E-9 ; 1.28036E-9
Pd106 ; 1.74E-10 ; 1.1136E-10 ; 2.12E-9 ; 1.3568E-9 ; 3.10087E-8 ; 1.98456E-8
Pd107 ; 0.0 ; 0.0 ; 0.0 ; 0.0 ; 2.91082E-8 ; 1.86292E-8
Pd107m ; 0.0 ; 0.0 ; 0.0 ; 0.0 ; 1.09031E-7 ; 6.97796E-8
Pd108 ; 0.0 ; 0.0 ; 0.0 ; 0.0 ; 1.01028E-6 ; 6.46582E-7
Pd109 ; 0.0 ; 0.0 ; 3.82E-14 ; 2.4448E-14 ; 1.83051E-6 ; 1.17153E-6
Pd109m ; 1.21E-14 ; 7.744E-15 ; 8.5E-14 ; 5.44E-14 ; 6.89194E-6 ; 4.41084E-6
Pd110 ; 6.47E-13 ; 4.1408E-13 ; 5.08E-12 ; 3.2512E-12 ; 5.73061E-5 ; 3.66759E-5
Pd111 ; 2.05E-12 ; 1.312E-12 ; 3.67E-7 ; 2.3488E-7 ; 5.78363E-5 ; 3.70152E-5
Pd111m ; 3.81E-12 ; 2.4384E-12 ; 8.17E-7 ; 5.2288E-7 ; 2.17591E-4 ; 1.39258E-4
Pd112 ; 1.9E-6 ; 1.216E-6 ; 1.651E-5 ; 1.05664E-5 ; 9.43945E-4 ; 6.04125E-4
Pd113 ; 1.387E-5 ; 8.8768E-6 ; 7.019E-5 ; 4.49216E-5 ; 0.00249316 ; 0.00159562
Pd114 ; 6.805E-5 ; 4.3552E-5 ; 1.8921E-4 ; 1.21094E-4 ; 0.00477785 ; 0.00305783
Pd115 ; 6.766E-5 ; 4.33024E-5 ; 2.7562E-4 ; 1.76397E-4 ; 0.0068224 ; 0.00436633
Pd116 ; 1.3011E-4 ; 8.32704E-5 ; 2.9085E-4 ; 1.86144E-4 ; 0.00727933 ; 0.00465877
Pd117 ; 9.542E-5 ; 6.10688E-5 ; 1.8559E-4 ; 1.18778E-4 ; 0.00583588 ; 0.00373496
Pd118 ; 5.475E-5 ; 3.504E-5 ; 1.0234E-4 ; 6.54976E-5 ; 0.00355709 ; 0.00227654
Pd119 ; 1.452E-5 ; 9.2928E-6 ; 2.859E-5 ; 1.82976E-5 ; 0.00158994 ; 0.00101756
Pd120 ; 2.62E-6 ; 1.6768E-6 ; 4.56E-6 ; 2.9184E-6 ; 5.20386E-4 ; 3.33047E-4
Pd121 ; 2.63E-7 ; 1.6832E-7 ; 4.46E-7 ; 2.8544E-7 ; 1.20884E-4 ; 7.73657E-5
Pd122 ; 1.89E-8 ; 1.2096E-8 ; 3.19E-8 ; 2.0416E-8 ; 1.99356E-5 ; 1.27588E-5
Pd123 ; 6.31E-10 ; 4.0384E-10 ; 1.59E-9 ; 1.0176E-9 ; 2.17061E-6 ; 1.38919E-6
Pd124 ; 0.0 ; 0.0 ; 0.0 ; 0.0 ; 1.74049E-7 ; 1.11391E-7
Pd125 ; 0.0 ; 0.0 ; 0.0 ; 0.0 ; 8.34124E-9 ; 5.33839E-9
Pd126 ; 0.0 ; 0.0 ; 0.0 ; 0.0 ; 3.80107E-10 ; 2.43268E-10
Pd127 ; 0.0 ; 0.0 ; 0.0 ; 0.0 ; 4.52381E-11 ; 2.89524E-11
Pd128 ; 0.0 ; 0.0 ; 0.0 ; 0.0 ; 4.46125E-12 ; 2.8552E-12
Pd129 ; 0.0 ; 0.0 ; 0.0 ; 0.0 ;  ; 
Pd130 ; 0.0 ; 0.0 ; 2.82E-14 ; 1.8048E-14 ; 0.0 ; 0.0
Ag103 ; 0.0 ; 0.0 ; 0.0 ; 0.0 ; 0.0 ; 0.0
Ag105 ; 0.0 ; 0.0 ; 0.0 ; 0.0 ; 0.0 ; 0.0
Ag105m ; 0.0 ; 0.0 ; 0.0 ; 0.0 ; 4.84136E-14 ; 3.09847E-14
Ag106 ; 0.0 ; 0.0 ; 0.0 ; 0.0 ; 3.62102E-13 ; 2.31745E-13
Ag106m ; 0.0 ; 0.0 ; 2.58E-14 ; 1.6512E-14 ; 1.65046E-12 ; 1.0563E-12
Ag107 ; 0.0 ; 0.0 ; 0.0 ; 0.0 ; 1.27036E-12 ; 8.13029E-13
Ag107m ; 0.0 ; 0.0 ; 0.0 ; 0.0 ; 1.47041E-11 ; 9.41064E-12
Ag108 ; 0.0 ; 0.0 ; 0.0 ; 0.0 ; 1.34538E-10 ; 8.61042E-11
Ag108m ; 0.0 ; 0.0 ; 0.0 ; 0.0 ; 1.34538E-10 ; 8.61042E-11
Ag109 ; 0.0 ; 0.0 ; 0.0 ; 0.0 ; 3.24091E-9 ; 2.07418E-9
Ag109m ; 0.0 ; 0.0 ; 0.0 ; 0.0 ; 3.24091E-9 ; 2.07418E-9
Ag110 ; 0.0 ; 0.0 ; 0.0 ; 0.0 ; 2.05058E-8 ; 1.31237E-8
Ag110m ; 0.0 ; 0.0 ; 0.0 ; 0.0 ; 9.34263E-8 ; 5.97928E-8
Ag111 ; 0.0 ; 0.0 ; 9.72E-11 ; 6.2208E-11 ; 1.16033E-7 ; 7.42609E-8
Ag111m ; 0.0 ; 0.0 ; 7.13E-10 ; 4.5632E-10 ; 1.33037E-6 ; 8.51439E-7
Ag112 ; 1.23E-9 ; 7.872E-10 ; 6.14E-8 ; 3.9296E-8 ; 1.21934E-5 ; 7.80379E-6
Ag113 ; 7.81E-9 ; 4.9984E-9 ; 1.36E-7 ; 8.704E-8 ; 6.36179E-6 ; 4.07154E-6
Ag113m ; 5.23E-8 ; 3.3472E-8 ; 9.939999E-7 ; 6.3616E-7 ; 7.31406E-5 ; 4.681E-5
Ag114 ; 1.02E-6 ; 6.528E-7 ; 1.002E-5 ; 6.4128E-6 ; 3.65943E-4 ; 2.34203E-4
Ag115 ; 2.34E-6 ; 1.4976E-6 ; 2.004E-5 ; 1.28256E-5 ; 6.07021E-4 ; 3.88493E-4
Ag115m ; 2.34E-6 ; 1.4976E-6 ; 2.004E-5 ; 1.28256E-5 ; 6.07021E-4 ; 3.88493E-4
Ag116 ; 1.167E-5 ; 7.4688E-6 ; 5.988E-5 ; 3.83232E-5 ; 0.00147853 ; 9.46256E-4
Ag116m ; 1.167E-5 ; 7.4688E-6 ; 5.988E-5 ; 3.83232E-5 ; 0.00147853 ; 9.46256E-4
Ag117 ; 3.383E-5 ; 2.16512E-5 ; 1.0522E-4 ; 6.73408E-5 ; 0.00265109 ; 0.00169669
Ag117m ; 3.383E-5 ; 2.16512E-5 ; 1.0522E-4 ; 6.73408E-5 ; 0.00265109 ; 0.00169669
Ag118 ; 4.769E-5 ; 3.05216E-5 ; 1.6444E-4 ; 1.05242E-4 ; 0.00352728 ; 0.00225746
Ag118m ; 4.769E-5 ; 3.05216E-5 ; 1.6444E-4 ; 1.05242E-4 ; 0.00352728 ; 0.00225746
Ag119 ; 1.0366E-4 ; 6.63424E-5 ; 2.7022E-4 ; 1.72941E-4 ; 0.00712868 ; 0.00456236
Ag120 ; 2.533E-5 ; 1.62112E-5 ; 6.8625E-5 ; 4.392E-5 ; 0.00270138 ; 0.00172888
Ag120m ; 2.533E-5 ; 1.62112E-5 ; 6.8625E-5 ; 4.392E-5 ; 0.00270138 ; 0.00172888
Ag121 ; 2.392E-5 ; 1.53088E-5 ; 4.382E-5 ; 2.80448E-5 ; 0.00306556 ; 0.00196196
Ag122 ; 2.565E-6 ; 1.6416E-6 ; 5.18E-6 ; 3.3152E-6 ; 6.36074E-4 ; 4.07087E-4
Ag122m ; 2.565E-6 ; 1.6416E-6 ; 5.18E-6 ; 3.3152E-6 ; 6.36074E-4 ; 4.07087E-4
Ag123 ; 8.32E-7 ; 5.3248E-7 ; 1.71E-6 ; 1.0944E-6 ; 3.66653E-4 ; 2.34658E-4
Ag124 ; 3.3E-11 ; 2.112E-11 ; 5.01E-11 ; 3.2064E-11 ; 7.75418E-5 ; 4.96267E-5
Ag125 ; 3.79E-12 ; 2.4256E-12 ; 7.98E-12 ; 5.1072E-12 ; 1.04729E-5 ; 6.70268E-6
Ag126 ; 6.21E-13 ; 3.9744E-13 ; 7.44E-13 ; 4.7616E-13 ; 1.29036E-6 ; 8.25832E-7
Ag127 ; 8.45E-14 ; 5.408E-14 ; 6.74E-14 ; 4.3136E-14 ; 2.29019E-7 ; 1.46572E-7
Ag128 ; 0.0 ; 0.0 ; 0.0 ; 0.0 ; 5.58157E-8 ; 3.5722E-8
Ag129 ; 6.94485E-16 ; 4.4447E-16 ; 4.11994E-16 ; 2.63676E-16 ; 1.09371E-9 ; 6.99975E-10
Ag130 ; 7.77E-10 ; 4.9728E-10 ; 1.88E-9 ; 1.2032E-9 ; 1.26035E-10 ; 8.06627E-11
Ag131 ; 6.5115E-12 ; 4.16736E-12 ; 1.69844E-11 ; 1.087E-11 ; 4.82714E-12 ; 3.08937E-12
Ag132 ; 2.25479E-13 ; 1.44307E-13 ; 4.46469E-13 ; 2.8574E-13 ;  ; 
Cd105 ; 0.0 ; 0.0 ; 0.0 ; 0.0 ; 0.0 ; 0.0
Cd106 ; 0.0 ; 0.0 ; 0.0 ; 0.0 ; 0.0 ; 0.0
Cd107 ; 0.0 ; 0.0 ; 0.0 ; 0.0 ; 0.0 ; 0.0
Cd108 ; 0.0 ; 0.0 ; 0.0 ; 0.0 ; 0.0 ; 0.0
Cd109 ; 0.0 ; 0.0 ; 0.0 ; 0.0 ; 3.2009E-13 ; 2.04858E-13
Cd110 ; 0.0 ; 0.0 ; 0.0 ; 0.0 ; 1.54043E-11 ; 9.85877E-12
Cd111 ; 0.0 ; 0.0 ; 0.0 ; 0.0 ; 7.4721E-11 ; 4.78214E-11
Cd111m ; 0.0 ; 0.0 ; 2.2E-14 ; 1.408E-14 ; 4.59129E-10 ; 2.93843E-10
Cd112 ; 3.8E-14 ; 2.432E-14 ; 1.21E-11 ; 7.744E-12 ; 1.15032E-8 ; 7.36207E-9
Cd113 ; 1.87E-12 ; 1.1968E-12 ; 2.18E-10 ; 1.3952E-10 ; 2.73077E-8 ; 1.74769E-8
Cd113m ; 6.27E-12 ; 4.0128E-12 ; 8.2E-10 ; 5.248E-10 ; 1.68047E-7 ; 1.0755E-7
Cd114 ; 8.39E-10 ; 5.3696E-10 ; 3.31E-8 ; 2.1184E-8 ; 2.30065E-6 ; 1.47241E-6
Cd115 ; 2.85E-9 ; 1.824E-9 ; 8.43E-8 ; 5.3952E-8 ; 2.69076E-6 ; 1.72208E-6
Cd115m ; 9.55E-9 ; 6.112E-9 ; 3.17E-7 ; 2.0288E-7 ; 1.65246E-5 ; 1.05758E-5
Cd116 ; 2.99E-7 ; 1.9136E-7 ; 3.82E-6 ; 2.4448E-6 ; 1.14852E-4 ; 7.35055E-5
Cd117 ; 5.66E-7 ; 3.6224E-7 ; 4.27E-6 ; 2.7328E-6 ; 6.87993E-5 ; 4.40316E-5
Cd117m ; 1.89E-6 ; 1.2096E-6 ; 1.606E-5 ; 1.02784E-5 ; 4.22649E-4 ; 2.70495E-4
Cd118 ; 1.528E-5 ; 9.7792E-6 ; 9.381E-5 ; 6.00384E-5 ; 0.00148154 ; 9.48183E-4
Cd119 ; 2.115E-5 ; 1.3536E-5 ; 1.0944E-4 ; 7.00416E-5 ; 0.00169474 ; 0.00108463
Cd119m ; 2.115E-5 ; 1.3536E-5 ; 1.0944E-4 ; 7.00416E-5 ; 0.00169474 ; 0.00108463
Cd120 ; 8.218E-5 ; 5.25952E-5 ; 3.2106E-4 ; 2.05478E-4 ; 0.00573566 ; 0.00367082
Cd121 ; 4.8535E-5 ; 3.10624E-5 ; 1.4865E-4 ; 9.5136E-5 ; 0.00372062 ; 0.00238119
Cd121m ; 4.8535E-5 ; 3.10624E-5 ; 1.4865E-4 ; 9.5136E-5 ; 0.00372062 ; 0.00238119
Cd122 ; 8.679E-5 ; 5.55456E-5 ; 2.0872E-4 ; 1.33581E-4 ; 0.00718192 ; 0.00459643
Cd123 ; 3.782E-5 ; 2.42048E-5 ; 1.046E-4 ; 6.6944E-5 ; 0.00506819 ; 0.00324364
Cd124 ; 3.13E-6 ; 2.0032E-6 ; 5.82E-6 ; 3.7248E-6 ; 0.00264432 ; 0.00169237
Cd125 ; 9.05E-7 ; 5.792E-7 ; 2.98E-6 ; 1.9072E-6 ; 9.53928E-4 ; 6.10514E-4
Cd126 ; 6.1E-7 ; 3.904E-7 ; 8.99E-7 ; 5.7536E-7 ; 3.06306E-4 ; 1.96036E-4
Cd127 ; 2.49E-7 ; 1.5936E-7 ; 3.11E-7 ; 1.9904E-7 ; 1.13532E-4 ; 7.26604E-5
Cd128 ; 1.01E-7 ; 6.464E-8 ; 1.48E-7 ; 9.472E-8 ; 4.69432E-5 ; 3.00436E-5
Cd129 ; 1.7E-8 ; 1.088E-8 ; 1.23E-8 ; 7.872E-9 ; 8.27123E-6 ; 5.29359E-6
Cd130 ; 4.58E-6 ; 2.9312E-6 ; 6.2E-6 ; 3.968E-6 ; 6.95195E-7 ; 4.44925E-7
Cd131 ; 3.08994E-7 ; 1.97756E-7 ; 3.78983E-7 ; 2.42549E-7 ; 3.65054E-8 ; 2.33635E-8
Cd132 ; 1.06998E-8 ; 6.84786E-9 ; 1.35996E-8 ; 8.70371E-9 ; 1.19033E-9 ; 7.61814E-10
Cd133 ; 7.05126E-11 ; 4.5128E-11 ; 1.76246E-10 ; 1.12797E-10 ; 4.08921E-11 ; 2.61709E-11
Cd134 ; 1.12E-12 ; 7.168E-13 ; 1.59E-12 ; 1.0176E-12 ; 3.65103E-13 ; 2.33666E-13
Cd136 ; 0.0 ; 0.0 ; 0.0 ; 0.0 ; 0.0 ; 0.0
In107 ; 0.0 ; 0.0 ; 0.0 ; 0.0 ; 0.0 ; 0.0
In109 ; 0.0 ; 0.0 ; 0.0 ; 0.0 ; 0.0 ; 0.0
In111 ; 0.0 ; 0.0 ; 0.0 ; 0.0 ; 1.29036E-14 ; 8.25832E-15
In112 ; 0.0 ; 0.0 ; 0.0 ; 0.0 ; 8.00225E-14 ; 5.12144E-14
In112m ; 0.0 ; 0.0 ; 0.0 ; 0.0 ; 6.48182E-13 ; 4.14837E-13
In113 ; 0.0 ; 0.0 ; 4.01E-14 ; 2.5664E-14 ; 2.93082E-11 ; 1.87573E-11
In113m ; 0.0 ; 0.0 ; 0.0 ; 0.0 ; 3.62102E-12 ; 2.31745E-12
In114 ; 0.0 ; 0.0 ; 1.27E-12 ; 8.128E-13 ; 1.54043E-10 ; 9.85877E-11
In114m ; 1.53E-14 ; 9.792E-15 ; 4.51E-12 ; 2.8864E-12 ; 8.73245E-10 ; 5.58877E-10
In115 ; 1.33E-12 ; 8.512E-13 ; 1.85E-10 ; 1.184E-10 ; 2.01057E-8 ; 1.28676E-8
In115m ; 3.12E-13 ; 1.9968E-13 ; 3.8E-11 ; 2.432E-11 ; 2.4907E-9 ; 1.59405E-9
In116 ; 4.24E-11 ; 2.7136E-11 ; 2.42667E-9 ; 1.55307E-9 ; 1.16033E-7 ; 7.42609E-8
In116m ; 4.24E-11 ; 2.7136E-11 ; 2.42667E-9 ; 1.55307E-9 ; 1.16033E-7 ; 7.42609E-8
In116n ; 4.24E-11 ; 2.7136E-11 ; 2.42667E-9 ; 1.55307E-9 ; 1.16033E-7 ; 7.42609E-8
In117 ; 4.3E-9 ; 2.752E-9 ; 1.08E-7 ; 6.912E-8 ; 3.38095E-6 ; 2.16381E-6
In117m ; 1.01E-9 ; 6.464E-10 ; 2.21E-8 ; 1.4144E-8 ; 4.18118E-7 ; 2.67595E-7
In118 ; 7.75E-8 ; 4.96E-8 ; 1.55E-6 ; 9.92E-7 ; 2.37767E-5 ; 1.52171E-5
In118m ; 1.29E-8 ; 8.256E-9 ; 2.185E-7 ; 1.3984E-7 ; 2.10059E-6 ; 1.34438E-6
In118n ; 1.29E-8 ; 8.256E-9 ; 2.185E-7 ; 1.3984E-7 ; 2.10059E-6 ; 1.34438E-6
In119 ; 1.11E-6 ; 7.104E-7 ; 1.22E-5 ; 7.808E-6 ; 1.39069E-4 ; 8.90042E-5
In119m ; 2.61E-7 ; 1.6704E-7 ; 2.5E-6 ; 1.6E-6 ; 1.71848E-5 ; 1.09983E-5
In120 ; 2.48E-6 ; 1.5872E-6 ; 2.212E-5 ; 1.41568E-5 ; 2.09172E-4 ; 1.3387E-4
In120m ; 2.48E-6 ; 1.5872E-6 ; 2.212E-5 ; 1.41568E-5 ; 2.09172E-4 ; 1.3387E-4
In120n ; 2.48E-6 ; 1.5872E-6 ; 2.212E-5 ; 1.41568E-5 ; 2.09172E-4 ; 1.3387E-4
In121 ; 2.977E-5 ; 1.90528E-5 ; 1.4615E-4 ; 9.3536E-5 ; 0.00170966 ; 0.00109418
In121m ; 6.98E-6 ; 4.4672E-6 ; 2.993E-5 ; 1.91552E-5 ; 2.11309E-4 ; 1.35238E-4
In122 ; 2.63667E-5 ; 1.68747E-5 ; 1.13187E-4 ; 7.24395E-5 ; 0.00213601 ; 0.00136705
In122m ; 2.63667E-5 ; 1.68747E-5 ; 1.13187E-4 ; 7.24395E-5 ; 0.00106806 ; 6.83559E-4
In122n ; 2.63667E-5 ; 1.68747E-5 ; 1.13187E-4 ; 7.24395E-5 ; 0.00106806 ; 6.83559E-4
In123 ; 1.0599E-4 ; 6.78336E-5 ; 3.8463E-4 ; 2.46163E-4 ; 0.00625643 ; 0.00400411
In123m ; 2.486E-5 ; 1.59104E-5 ; 7.878E-5 ; 5.04192E-5 ; 7.73267E-4 ; 4.94891E-4
In124 ; 8.8765E-5 ; 5.68096E-5 ; 2.4224E-4 ; 1.55034E-4 ; 0.00420973 ; 0.00269423
In124m ; 8.8765E-5 ; 5.68096E-5 ; 2.4224E-4 ; 1.55034E-4 ; 0.00420973 ; 0.00269423
In125 ; 8.6E-5 ; 5.504E-5 ; 3.3187E-4 ; 2.12397E-4 ; 0.00373148 ; 0.00238815
In125m ; 8.6E-5 ; 5.504E-5 ; 3.3187E-4 ; 2.12397E-4 ; 0.00373148 ; 0.00238815
In126 ; 1.26775E-4 ; 8.1136E-5 ; 2.81865E-4 ; 1.80394E-4 ; 0.00289733 ; 0.00185429
In126m ; 1.26775E-4 ; 8.1136E-5 ; 2.81865E-4 ; 1.80394E-4 ; 0.00289733 ; 0.00185429
In127 ; 2.2026E-4 ; 1.40966E-4 ; 3.3049E-4 ; 2.11514E-4 ; 0.00213801 ; 0.00136833
In127m ; 2.2026E-4 ; 1.40966E-4 ; 3.3049E-4 ; 2.11514E-4 ; 0.00213801 ; 0.00136833
In128 ; 2.44845E-4 ; 1.56701E-4 ; 5.966E-4 ; 3.81824E-4 ; 0.00146009 ; 9.34458E-4
In128m ; 2.44845E-4 ; 1.56701E-4 ; 5.966E-4 ; 3.81824E-4 ; 0.00146009 ; 9.34458E-4
In129 ; 2.0336E-4 ; 1.3015E-4 ; 2.0892E-4 ; 1.33709E-4 ; 5.83244E-4 ; 3.73276E-4
In129m ; 2.0336E-4 ; 1.3015E-4 ; 2.0892E-4 ; 1.33709E-4 ; 5.83244E-4 ; 3.73276E-4
In130 ; 2.8395E-4 ; 1.81728E-4 ; 3.67447E-4 ; 2.35166E-4 ; 8.80381E-5 ; 5.63444E-5
In130m ; 2.8395E-4 ; 1.81728E-4 ; 3.67447E-4 ; 2.35166E-4 ; 8.80381E-5 ; 5.63444E-5
In130n ; 2.8395E-4 ; 1.81728E-4 ; 3.67447E-4 ; 2.35166E-4 ; 8.80381E-5 ; 5.63444E-5
In131 ; 1.34105E-4 ; 8.58272E-5 ; 1.13255E-4 ; 7.24832E-5 ; 1.95405E-5 ; 1.25059E-5
In131m ; 1.34105E-4 ; 8.58272E-5 ; 1.13255E-4 ; 7.24832E-5 ; 1.95405E-5 ; 1.25059E-5
In132 ; 2.946E-5 ; 1.88544E-5 ; 2.883E-5 ; 1.84512E-5 ; 3.72105E-6 ; 2.38147E-6
In133 ; 2.23993E-6 ; 1.43356E-6 ; 1.76982E-6 ; 1.13269E-6 ; 2.07017E-7 ; 1.32491E-7
In134 ; 5.24E-8 ; 3.3536E-8 ; 4.84E-8 ; 3.0976E-8 ; 9.82276E-9 ; 6.28657E-9
In135 ; 1.42452E-10 ; 9.11694E-11 ; 2.11969E-10 ; 1.3566E-10 ; 1.57378E-10 ; 1.00722E-10
In136 ; 7.43E-12 ; 4.7552E-12 ; 7.32E-12 ; 4.6848E-12 ; 3.9111E-12 ; 2.5031E-12
In137 ; 8.49235E-14 ; 5.4351E-14 ;  ;  ;  ; 
Sn111 ; 0.0 ; 0.0 ; 0.0 ; 0.0 ; 0.0 ; 0.0
Sn112 ; 0.0 ; 0.0 ; 0.0 ; 0.0 ; 0.0 ; 0.0
Sn113 ; 0.0 ; 0.0 ; 0.0 ; 0.0 ; 0.0 ; 0.0
Sn113m ; 0.0 ; 0.0 ; 0.0 ; 0.0 ; 0.0 ; 0.0
Sn114 ; 0.0 ; 0.0 ; 0.0 ; 0.0 ; 3.01085E-14 ; 1.92694E-14
Sn115 ; 0.0 ; 0.0 ; 0.0 ; 0.0 ; 1.7805E-12 ; 1.13952E-12
Sn116 ; 0.0 ; 0.0 ; 7.2E-13 ; 4.608E-13 ; 7.28205E-11 ; 4.66051E-11
Sn117 ; 1.745E-13 ; 1.1168E-13 ; 2.245E-11 ; 1.4368E-11 ; 1.0503E-9 ; 6.72189E-10
Sn117m ; 1.745E-13 ; 1.1168E-13 ; 2.245E-11 ; 1.4368E-11 ; 1.0503E-9 ; 6.72189E-10
Sn118 ; 3.66E-11 ; 2.3424E-11 ; 2.45E-9 ; 1.568E-9 ; 3.94111E-8 ; 2.52231E-8
Sn119 ; 3.66E-10 ; 2.3424E-10 ; 1.32E-8 ; 8.448E-9 ; 7.97224E-8 ; 5.10223E-8
Sn119m ; 1.23E-9 ; 7.872E-10 ; 4.97E-8 ; 3.1808E-8 ; 4.89137E-7 ; 3.13048E-7
Sn120 ; 4.4E-8 ; 2.816E-8 ; 9.829999E-7 ; 6.2912E-7 ; 5.81163E-6 ; 3.71945E-6
Sn121 ; 1.91E-7 ; 1.2224E-7 ; 2.18E-6 ; 1.3952E-6 ; 8.1823E-6 ; 5.23667E-6
Sn121m ; 4.67E-7 ; 2.9888E-7 ; 6.21E-6 ; 3.9744E-6 ; 3.72705E-5 ; 2.38531E-5
Sn122 ; 6.31E-6 ; 4.0384E-6 ; 4.813E-5 ; 3.08032E-5 ; 2.51131E-4 ; 1.60724E-4
Sn123 ; 1.856E-5 ; 1.18784E-5 ; 1.345E-4 ; 8.608E-5 ; 8.35655E-4 ; 5.34819E-4
Sn123m ; 7.58E-6 ; 4.8512E-6 ; 4.726E-5 ; 3.02464E-5 ; 1.83442E-4 ; 1.17403E-4
Sn124 ; 8.069E-5 ; 5.16416E-5 ; 2.3683E-4 ; 1.51571E-4 ; 0.00285499 ; 0.0018272
Sn125 ; 8.668E-5 ; 5.54752E-5 ; 4.7444E-4 ; 3.03642E-4 ; 0.0049742 ; 0.00318349
Sn125m ; 3.541E-5 ; 2.26624E-5 ; 1.667E-4 ; 1.06688E-4 ; 0.0010919 ; 6.98814E-4
Sn126 ; 4.5057E-4 ; 2.88365E-4 ; 0.00107322 ; 4.82949E-4 ; 0.0107426 ; 0.00343764
Sn127 ; 9.6355E-4 ; 6.16672E-4 ; 0.002081 ; 0.00133184 ; 0.0122267 ; 0.00391255
Sn127m ; 3.9356E-4 ; 2.51878E-4 ; 7.3014E-4 ; 4.6729E-4 ; 0.00268391 ; 0.00171771
Sn128 ; 0.0022366 ; 0.00143142 ; 0.00634915 ; 0.00406346 ; 0.00805264 ; 0.00515369
Sn128m ; 0.0022366 ; 0.00143142 ; 0.00634915 ; 0.00406346 ; 0.00805264 ; 0.00515369
Sn129 ; 0.00555127 ; 0.00355281 ; 0.00960353 ; 0.00614626 ; 0.0111844 ; 0.00357901
Sn129m ; 0.00226296 ; 0.00144829 ; 0.00336782 ; 0.0021554 ; 0.00245374 ; 0.00157039
Sn130 ; 0.00513936 ; 0.00328919 ; 0.00640185 ; 0.00409718 ; 0.00388172 ; 0.0024843
Sn130m ; 0.00513936 ; 0.00328919 ; 0.00640185 ; 0.00409718 ; 0.00388172 ; 0.0024843
Sn131 ; 0.00413845 ; 0.00264861 ; 0.00400841 ; 0.00256538 ; 0.00152744 ; 9.77561E-4
Sn131m ; 0.00413845 ; 0.00264861 ; 0.00400841 ; 0.00256538 ; 0.00152744 ; 9.77561E-4
Sn132 ; 0.00424046 ; 0.00271389 ; 0.00335361 ; 0.00214631 ; 8.14609E-4 ; 5.2135E-4
Sn133 ; 9.7619E-4 ; 6.24762E-4 ; 7.4424E-4 ; 4.76314E-4 ; 1.30047E-4 ; 8.32298E-5
Sn134 ; 1.1594E-4 ; 7.42016E-5 ; 7.379E-5 ; 4.72256E-5 ; 1.74849E-5 ; 1.11903E-5
Sn135 ; 6.75986E-6 ; 4.32631E-6 ; 4.72979E-6 ; 3.02706E-6 ; 1.19018E-6 ; 7.61713E-7
Sn136 ; 2.6E-7 ; 1.664E-7 ; 1.5E-7 ; 9.6E-8 ; 5.76162E-8 ; 3.68744E-8
Sn137 ; 4.02992E-9 ; 2.57915E-9 ; 2.81E-9 ; 1.7984E-9 ; 2.02057E-9 ; 1.29316E-9
Sn138 ; 6.09E-11 ; 3.8976E-11 ; 5.24E-11 ; 3.3536E-11 ; 4.67131E-11 ; 2.98964E-11
Sn139 ; 1.00103E-12 ; 6.40657E-13 ; 1.87199E-12 ; 1.19807E-12 ; 2.88418E-12 ; 1.84587E-12
Sb113 ; 0.0 ; 0.0 ; 0.0 ; 0.0 ; 0.0 ; 0.0
Sb115 ; 0.0 ; 0.0 ; 0.0 ; 0.0 ; 0.0 ; 0.0
Sb117 ; 0.0 ; 0.0 ; 0.0 ; 0.0 ; 7.69216E-14 ; 4.92298E-14
Sb118 ; 0.0 ; 0.0 ; 5.7E-14 ; 3.648E-14 ; 9.74274E-13 ; 6.23535E-13
Sb118m ; 0.0 ; 0.0 ; 9.71E-14 ; 6.2144E-14 ; 2.77078E-12 ; 1.7733E-12
Sb119 ; 8.93E-14 ; 5.7152E-14 ; 1.44E-11 ; 9.216E-12 ; 1.4404E-10 ; 9.21859E-11
Sb120 ; 3.39E-12 ; 2.1696E-12 ; 3.06E-10 ; 1.9584E-10 ; 1.01028E-9 ; 6.46582E-10
Sb120m ; 4.89E-12 ; 3.1296E-12 ; 5.21E-10 ; 3.3344E-10 ; 2.87081E-9 ; 1.83732E-9
Sb121 ; 6.58E-10 ; 4.2112E-10 ; 2.47E-8 ; 1.5808E-8 ; 8.13229E-8 ; 5.20466E-8
Sb122 ; 9.2E-9 ; 5.888E-9 ; 2.02E-7 ; 1.2928E-7 ; 3.561E-7 ; 2.27904E-7
Sb122m ; 1.04E-8 ; 6.656E-9 ; 2.67E-7 ; 1.7088E-7 ; 8.31234E-7 ; 5.3199E-7
Sb123 ; 3.78E-7 ; 2.4192E-7 ; 5.49E-6 ; 3.5136E-6 ; 1.28336E-5 ; 8.21351E-6
Sb124 ; 2.54E-8 ; 1.6256E-8 ; 1.12667E-7 ; 7.21067E-8 ; 3.03485E-5 ; 1.94231E-5
Sb124m ; 2.54E-8 ; 1.6256E-8 ; 1.12667E-7 ; 7.21067E-8 ; 3.03485E-5 ; 1.94231E-5
Sb124n ; 2.54E-8 ; 1.6256E-8 ; 1.12667E-7 ; 7.21067E-8 ; 3.03485E-5 ; 1.94231E-5
Sb125 ; 4.19E-7 ; 2.6816E-7 ; 2.59E-6 ; 1.6576E-6 ; 4.9916E-4 ; 3.19463E-4
Sb126 ; 1.23E-6 ; 7.872E-7 ; 4.92E-6 ; 3.1488E-6 ; 0.00120034 ; 7.68216E-4
Sb126m ; 1.045E-6 ; 6.688E-7 ; 3.395E-6 ; 2.1728E-6 ; 4.52782E-4 ; 2.89781E-4
Sb126n ; 1.045E-6 ; 6.688E-7 ; 3.395E-6 ; 2.1728E-6 ; 4.52782E-4 ; 2.89781E-4
Sb127 ; 3.716E-5 ; 2.37824E-5 ; 8.757E-5 ; 5.60448E-5 ; 0.00553458 ; 0.00354213
Sb128 ; 9.573E-5 ; 6.12672E-5 ; 4.614E-4 ; 2.95296E-4 ; 0.00534126 ; 0.00341841
Sb128m ; 1.63E-4 ; 1.0432E-4 ; 6.3717E-4 ; 4.07789E-4 ; 0.00402924 ; 0.00257872
Sb129 ; 0.00148869 ; 9.52762E-4 ; 0.0041989 ; 0.0026873 ; 0.0161863 ; 0.00517961
Sb130 ; 0.00254247 ; 0.00162718 ; 0.00496238 ; 0.00158796 ; 0.0123001 ; 0.00393604
Sb130m ; 0.00432905 ; 0.00277059 ; 0.00735411 ; 0.00470663 ; 0.00927902 ; 0.00593857
Sb131 ; 0.0201325 ; 0.00644239 ; 0.0215743 ; 0.00690378 ; 0.0207715 ; 0.00664687
Sb132 ; 0.0149893 ; 0.00479659 ; 0.014044 ; 0.00449409 ; 0.00558851 ; 0.00357665
Sb132m ; 0.0108544 ; 0.00347339 ; 0.0124541 ; 0.00398532 ; 0.00874101 ; 0.00559424
Sb133 ; 0.0254247 ; 0.00813591 ; 0.019058 ; 0.00609857 ; 0.00613214 ; 0.00392457
Sb134 ; 0.00427147 ; 0.00273374 ; 0.00315244 ; 0.00201756 ; 0.00111154 ; 7.11387E-4
Sb134m ; 0.00427147 ; 0.00273374 ; 0.00315244 ; 0.00201756 ; 0.00111154 ; 7.11387E-4
Sb135 ; 0.00233012 ; 0.00149128 ; 0.00140825 ; 9.0128E-4 ; 4.19368E-4 ; 2.68395E-4
Sb136 ; 2.6989E-4 ; 1.7273E-4 ; 1.5599E-4 ; 9.98336E-5 ; 5.6886E-5 ; 3.6407E-5
Sb137 ; 2.082E-5 ; 1.33248E-5 ; 9.84E-6 ; 6.2976E-6 ; 5.67159E-6 ; 3.62982E-6
Sb138 ; 9.24E-7 ; 5.9136E-7 ; 6.25E-7 ; 4.0E-7 ; 3.68103E-7 ; 2.35586E-7
Sb139 ; 3.1799E-8 ; 2.03514E-8 ; 1.87981E-8 ; 1.20308E-8 ; 1.46012E-8 ; 9.34478E-9
Sb140 ; 1.00939E-10 ; 6.46008E-11 ; 7.61623E-11 ; 4.87439E-11 ; 2.34083E-10 ; 1.49813E-10
Sb141 ; 4.28014E-12 ; 2.73929E-12 ; 9.42069E-12 ; 6.02924E-12 ; 2.95356E-11 ; 1.89028E-11
Sb142 ; 8.36591E-14 ; 5.35418E-14 ;  ;  ;  ; 
Te115 ; 0.0 ; 0.0 ; 0.0 ; 0.0 ; 0.0 ; 0.0
Te117 ; 0.0 ; 0.0 ; 0.0 ; 0.0 ; 0.0 ; 0.0
Te118 ; 0.0 ; 0.0 ; 0.0 ; 0.0 ; 0.0 ; 0.0
Te119 ; 0.0 ; 0.0 ; 0.0 ; 0.0 ; 0.0 ; 0.0
Te120 ; 0.0 ; 0.0 ; 3.52E-14 ; 2.2528E-14 ; 1.72048E-13 ; 1.10111E-13
Te121 ; 9.75E-15 ; 6.24E-15 ; 1.915E-12 ; 1.2256E-12 ; 4.94139E-12 ; 3.16249E-12
Te121m ; 9.75E-15 ; 6.24E-15 ; 1.915E-12 ; 1.2256E-12 ; 4.94139E-12 ; 3.16249E-12
Te122 ; 3.05E-12 ; 1.952E-12 ; 2.53E-10 ; 1.6192E-10 ; 3.9311E-10 ; 2.51591E-10
Te123 ; 4.22E-11 ; 2.7008E-11 ; 2.07E-9 ; 1.3248E-9 ; 1.65046E-9 ; 1.0563E-9
Te123m ; 1.41E-10 ; 9.024E-11 ; 7.8E-9 ; 4.992E-9 ; 1.01028E-8 ; 6.46582E-9
Te124 ; 4.53E-14 ; 2.8992E-14 ; 2.48E-13 ; 1.5872E-13 ; 2.24063E-7 ; 1.434E-7
Te125 ; 1.47E-13 ; 9.408E-14 ; 1.25E-12 ; 8.0E-13 ; 4.75134E-7 ; 3.04085E-7
Te125m ; 4.91E-13 ; 3.1424E-13 ; 4.69E-12 ; 3.0016E-12 ; 2.92082E-6 ; 1.86933E-6
Te126 ; 2.07E-11 ; 1.3248E-11 ; 8.94E-11 ; 5.7216E-11 ; 3.68704E-5 ; 2.3597E-5
Te127 ; 2.33E-10 ; 1.4912E-10 ; 6.49E-10 ; 4.1536E-10 ; 3.52099E-5 ; 2.25343E-5
Te127m ; 5.71E-10 ; 3.6544E-10 ; 1.85E-9 ; 1.184E-9 ; 1.60395E-4 ; 1.02653E-4
Te128 ; 2.19E-8 ; 1.4016E-8 ; 1.22E-7 ; 7.808E-8 ; 5.37661E-4 ; 3.44103E-4
Te129 ; 1.12E-7 ; 7.168E-8 ; 3.5E-7 ; 2.24E-7 ; 3.58541E-4 ; 2.29466E-4
Te129m ; 2.75E-7 ; 1.76E-7 ; 9.97E-7 ; 6.3808E-7 ; 0.00163336 ; 0.00104535
Te130 ; 3.8905E-4 ; 2.48992E-4 ; 0.00103985 ; 6.65504E-4 ; 0.00638604 ; 0.00408707
Te131 ; 8.2964E-4 ; 5.3097E-4 ; 0.00135411 ; 8.6663E-4 ; 0.00388085 ; 0.00248374
Te131m ; 0.00203639 ; 0.00130329 ; 0.00473989 ; 0.00109017 ; 0.012112 ; 0.00387583
Te132 ; 0.0151594 ; 0.00485102 ; 0.0176351 ; 0.00405606 ; 0.0246945 ; 0.00790225
Te133 ; 0.00990784 ; 0.00634102 ; 0.0100387 ; 0.00321238 ; 0.00472766 ; 0.0030257
Te133m ; 0.0242572 ; 0.00776229 ; 0.0275504 ; 0.00440807 ; 0.0215372 ; 0.00689191
Te134 ; 0.0450616 ; 0.00720986 ; 0.0375285 ; 0.00300228 ; 0.0236112 ; 0.00755559
Te135 ; 0.030997 ; 0.00991904 ; 0.0261893 ; 0.00838058 ; 0.0114432 ; 0.00366182
Te136 ; 0.0155913 ; 0.00498922 ; 0.0092884 ; 0.00594458 ; 0.00411937 ; 0.0026364
Te137 ; 0.00341944 ; 0.00218844 ; 0.00185324 ; 0.00118607 ; 0.00111953 ; 7.16502E-4
Te138 ; 6.8281E-4 ; 4.36998E-4 ; 3.8409E-4 ; 2.45818E-4 ; 1.96895E-4 ; 1.26013E-4
Te139 ; 6.722E-5 ; 4.30208E-5 ; 3.742E-5 ; 2.39488E-5 ; 2.21262E-5 ; 1.41608E-5
Te140 ; 4.7899E-6 ; 3.06554E-6 ; 2.31992E-6 ; 1.48475E-6 ; 1.77026E-6 ; 1.13297E-6
Te141 ; 2.03107E-7 ; 1.29989E-7 ; 2.10209E-7 ; 1.34534E-7 ; 2.23365E-7 ; 1.42953E-7
Te142 ; 3.96992E-9 ; 2.54075E-9 ; 2.08E-9 ; 1.3312E-9 ; 3.31093E-9 ; 2.119E-9
Te143 ; 9.24797E-12 ; 5.9187E-12 ; 2.36972E-11 ; 1.51662E-11 ; 7.08305E-11 ; 4.53315E-11
Te144 ; 1.08094E-12 ; 6.91803E-13 ; 2.12982E-12 ; 1.36309E-12 ; 7.5231E-12 ; 4.81478E-12
I121 ; 0.0 ; 0.0 ; 0.0 ; 0.0 ; 0.0 ; 0.0
I123 ; 0.0 ; 0.0 ; 9.19E-13 ; 5.8816E-13 ; 7.26204E-13 ; 4.64771E-13
I125 ; 0.0 ; 0.0 ; 0.0 ; 0.0 ; 1.64046E-9 ; 1.0499E-9
I126 ; 0.0 ; 0.0 ; 0.0 ; 0.0 ; 4.80135E-8 ; 3.07286E-8
I127 ; 0.0 ; 0.0 ; 0.0 ; 0.0 ; 5.3415E-7 ; 3.41856E-7
I128 ; 0.0 ; 0.0 ; 0.0 ; 0.0 ; 2.4807E-6 ; 1.58765E-6
I129 ; 5.56E-14 ; 3.5584E-14 ; 2.79E-13 ; 1.7856E-13 ; 2.09859E-5 ; 1.3431E-5
I130 ; 5.78E-7 ; 3.6992E-7 ; 4.08E-6 ; 2.6112E-6 ; 1.439E-4 ; 9.20963E-5
I130m ; 2.48E-7 ; 1.5872E-7 ; 1.51E-6 ; 9.664E-7 ; 3.15889E-5 ; 2.02169E-5
I131 ; 2.783E-5 ; 1.78112E-5 ; 9.106E-5 ; 5.82784E-5 ; 0.00105283 ; 6.73809E-4
I132 ; 2.0259E-4 ; 1.29658E-4 ; 5.10225E-4 ; 3.26544E-4 ; 0.00203705 ; 0.00130371
I132m ; 2.0259E-4 ; 1.29658E-4 ; 5.10225E-4 ; 3.26544E-4 ; 0.00203705 ; 0.00130371
I133 ; 0.00207652 ; 0.00132897 ; 0.00359889 ; 0.00230329 ; 0.00596989 ; 0.00382073
I133m ; 0.00207652 ; 0.00132897 ; 0.00359889 ; 0.00230329 ; 0.00596989 ; 0.00382073
I134 ; 0.0122477 ; 0.00391925 ; 0.0146133 ; 0.00336106 ; 0.0100093 ; 0.00320299
I134m ; 0.00683735 ; 0.00157259 ; 0.0109858 ; 0.00351547 ; 0.0156517 ; 0.00500854
I135 ; 0.0358558 ; 0.00824684 ; 0.0395783 ; 0.00633253 ; 0.0297265 ; 0.00951248
I136 ; 0.0212141 ; 0.0067885 ; 0.0200722 ; 0.0064231 ; 0.0130604 ; 0.00417932
I136m ; 0.0211697 ; 0.00677429 ; 0.020048 ; 0.00641535 ; 0.0130457 ; 0.00417464
I137 ; 0.0368934 ; 0.0118059 ; 0.022662 ; 0.00521227 ; 0.0178742 ; 0.00571975
I138 ; 0.0181872 ; 0.00581991 ; 0.0139682 ; 0.00446982 ; 0.00799084 ; 0.00511413
I139 ; 0.00756648 ; 0.00484255 ; 0.0041147 ; 0.00263341 ; 0.00241093 ; 0.00154299
I140 ; 0.00147342 ; 9.42989E-4 ; 8.2232E-4 ; 5.26285E-4 ; 5.29699E-4 ; 3.39007E-4
I141 ; 2.41877E-4 ; 1.54801E-4 ; 1.083E-4 ; 6.93119E-5 ; 7.75285E-5 ; 4.96182E-5
I142 ; 1.561E-5 ; 9.9904E-6 ; 7.71E-6 ; 4.9344E-6 ; 7.71217E-6 ; 4.93579E-6
I143 ; 2.93775E-7 ; 1.88016E-7 ; 2.37963E-7 ; 1.52296E-7 ; 3.58581E-7 ; 2.29492E-7
I144 ; 3.43376E-8 ; 2.19761E-8 ; 1.56672E-8 ; 1.0027E-8 ; 3.80859E-8 ; 2.4375E-8
I145 ; 5.3525E-11 ; 3.4256E-11 ; 5.64654E-11 ; 3.61378E-11 ; 1.71925E-10 ; 1.10032E-10
I146 ; 1.71533E-12 ; 1.09781E-12 ; 1.2639E-12 ; 8.08896E-13 ; 7.02249E-12 ; 4.4944E-12
I147 ; 2.93979E-13 ; 1.88147E-13 ;  ;  ;  ; 
Xe124 ; 0.0 ; 0.0 ; 0.0 ; 0.0 ; 0.0 ; 0.0
Xe125 ; 0.0 ; 0.0 ; 0.0 ; 0.0 ; 2.61574E-14 ; 1.67407E-14
Xe125m ; 0.0 ; 0.0 ; 0.0 ; 0.0 ; 2.61574E-14 ; 1.67407E-14
Xe126 ; 0.0 ; 0.0 ; 0.0 ; 0.0 ; 4.20118E-12 ; 2.68876E-12
Xe127 ; 0.0 ; 0.0 ; 0.0 ; 0.0 ; 5.00141E-11 ; 3.2009E-11
Xe127m ; 0.0 ; 0.0 ; 0.0 ; 0.0 ; 5.00141E-11 ; 3.2009E-11
Xe128 ; 0.0 ; 0.0 ; 0.0 ; 0.0 ; 7.99225E-10 ; 5.11504E-10
Xe129 ; 0.0 ; 0.0 ; 0.0 ; 0.0 ; 8.00225E-9 ; 5.12144E-9
Xe129m ; 0.0 ; 0.0 ; 0.0 ; 0.0 ; 8.00225E-9 ; 5.12144E-9
Xe130 ; 8.68E-11 ; 5.5552E-11 ; 1.62E-9 ; 1.0368E-9 ; 3.68103E-7 ; 2.35586E-7
Xe131 ; 2.36E-9 ; 1.5104E-9 ; 2.35E-8 ; 1.504E-8 ; 1.27036E-6 ; 8.13029E-7
Xe131m ; 5.77E-9 ; 3.6928E-9 ; 6.69E-8 ; 4.2816E-8 ; 5.80163E-6 ; 3.71304E-6
Xe132 ; 7.1E-7 ; 4.544E-7 ; 3.35E-6 ; 2.144E-6 ; 7.106E-5 ; 4.54784E-5
Xe133 ; 5.99E-6 ; 3.8336E-6 ; 2.188E-5 ; 1.40032E-5 ; 9.43565E-5 ; 6.03882E-5
Xe133m ; 1.468E-5 ; 9.3952E-6 ; 6.228E-5 ; 3.98592E-5 ; 4.29841E-4 ; 2.75098E-4
Xe134 ; 9.385E-5 ; 6.0064E-5 ; 2.6471E-4 ; 1.69414E-4 ; 5.17305E-4 ; 3.31075E-4
Xe134m ; 2.1899E-4 ; 1.40154E-4 ; 7.157E-4 ; 4.58048E-4 ; 0.00235661 ; 0.00150823
Xe135 ; 0.00224053 ; 5.15322E-4 ; 0.00162933 ; 0.00104277 ; 0.00147954 ; 9.46903E-4
Xe135m ; 0.00548022 ; 0.00126045 ; 0.00383529 ; 0.00245459 ; 0.00673962 ; 0.00431336
Xe136 ; 0.0107779 ; 0.00485005 ; 0.0153661 ; 0.00491716 ; 0.0173724 ; 0.00555916
Xe137 ; 0.0221441 ; 0.0070861 ; 0.0360635 ; 0.00577015 ; 0.028254 ; 0.00904128
Xe138 ; 0.038841 ; 0.00893342 ; 0.0385073 ; 0.0042358 ; 0.0297746 ; 0.00952788
Xe139 ; 0.0370456 ; 0.0118546 ; 0.0308752 ; 0.00988006 ; 0.0222227 ; 0.00711126
Xe140 ; 0.0279421 ; 0.00894149 ; 0.0179348 ; 0.00573915 ; 0.0124745 ; 0.00399183
Xe141 ; 0.0113323 ; 0.00362633 ; 0.0070205 ; 0.00449312 ; 0.00483644 ; 0.00309532
Xe142 ; 0.00316033 ; 0.00202261 ; 0.0015381 ; 9.84384E-4 ; 0.0012692 ; 8.12286E-4
Xe143 ; 2.61308E-4 ; 1.67237E-4 ; 1.36211E-4 ; 8.7175E-5 ; 9.29619E-5 ; 5.94956E-5
Xe143m ; 2.61308E-4 ; 1.67237E-4 ; 1.36211E-4 ; 8.7175E-5 ; 9.29619E-5 ; 5.94956E-5
Xe144 ; 6.10857E-5 ; 3.90948E-5 ; 2.44843E-5 ; 1.567E-5 ; 1.97475E-5 ; 1.26384E-5
Xe145 ; 2.53995E-6 ; 1.62557E-6 ; 1.25994E-6 ; 8.06364E-7 ; 1.30019E-6 ; 8.32124E-7
Xe146 ; 8.13983E-8 ; 5.20949E-8 ; 3.84987E-8 ; 2.46392E-8 ; 5.31079E-8 ; 3.39891E-8
Xe147 ; 1.39503E-8 ; 8.92821E-9 ; 5.7364E-11 ; 3.6713E-11 ; 1.89823E-10 ; 1.21487E-10
Xe148 ; 1.27E-11 ; 8.128E-12 ; 6.64E-12 ; 4.2496E-12 ; 1.51042E-11 ; 9.66672E-12
Xe149 ; 2.66522E-13 ; 1.70574E-13 ; 5.17122E-13 ; 3.30958E-13 ; 1.58221E-12 ; 1.01261E-12
Xe150 ; 0.0 ; 0.0 ; 0.0 ; 0.0 ; 0.0 ; 0.0
Cs127 ; 0.0 ; 0.0 ; 0.0 ; 0.0 ; 0.0 ; 0.0
Cs129 ; 0.0 ; 0.0 ; 0.0 ; 0.0 ; 8.12228E-13 ; 5.19826E-13
Cs131 ; 1.21E-13 ; 7.744E-14 ; 4.61E-12 ; 2.9504E-12 ; 2.91082E-9 ; 1.86292E-9
Cs132 ; 3.46E-11 ; 2.2144E-11 ; 6.21E-10 ; 3.9744E-10 ; 8.5324E-8 ; 5.46073E-8
Cs133 ; 5.28E-9 ; 3.3792E-9 ; 5.93E-8 ; 3.7952E-8 ; 1.81051E-6 ; 1.15873E-6
Cs134 ; 1.27E-7 ; 8.128E-8 ; 1.25E-6 ; 8.0E-7 ; 1.36638E-5 ; 8.74486E-6
Cs134m ; 1.27E-7 ; 8.128E-8 ; 1.25E-6 ; 8.0E-7 ; 1.36638E-5 ; 8.74486E-6
Cs135 ; 4.445E-6 ; 2.8448E-6 ; 2.441E-5 ; 1.56224E-5 ; 1.04809E-4 ; 6.70781E-5
Cs135m ; 4.445E-6 ; 2.8448E-6 ; 2.441E-5 ; 1.56224E-5 ; 1.04809E-4 ; 6.70781E-5
Cs136 ; 6.136E-5 ; 3.92704E-5 ; 2.9268E-4 ; 1.87315E-4 ; 5.76062E-4 ; 3.6868E-4
Cs136m ; 6.136E-5 ; 3.92704E-5 ; 2.9268E-4 ; 1.87315E-4 ; 5.76062E-4 ; 3.6868E-4
Cs137 ; 0.00112189 ; 7.1801E-4 ; 0.00288653 ; 0.00184738 ; 0.00472398 ; 0.00302335
Cs138 ; 0.00239521 ; 0.00153293 ; 0.00404682 ; 0.00258996 ; 0.00592432 ; 0.00379156
Cs138m ; 0.00240616 ; 0.00153994 ; 0.00466452 ; 0.00298529 ; 0.00592535 ; 0.00266641
Cs139 ; 0.016878 ; 0.00540096 ; 0.0205819 ; 0.00658622 ; 0.0211202 ; 0.00675845
Cs140 ; 0.0282643 ; 0.00904458 ; 0.0313498 ; 0.00721045 ; 0.0283178 ; 0.0090617
Cs141 ; 0.0402612 ; 0.0128836 ; 0.0326904 ; 0.0104609 ; 0.0266822 ; 0.00853829
Cs142 ; 0.0260841 ; 0.00834692 ; 0.0198198 ; 0.00634233 ; 0.0171266 ; 0.00548053
Cs143 ; 0.0171999 ; 0.00550396 ; 0.0101892 ; 0.00326054 ; 0.00651167 ; 0.00416747
Cs144 ; 0.00524639 ; 0.00335769 ; 0.00285017 ; 0.00182411 ; 0.00184917 ; 0.00118347
Cs145 ; 9.925599E-4 ; 6.35238E-4 ; 4.7262E-4 ; 3.02477E-4 ; 3.41056E-4 ; 2.18276E-4
Cs146 ; 9.297E-5 ; 5.95008E-5 ; 4.78E-5 ; 3.0592E-5 ; 4.01313E-5 ; 2.5684E-5
Cs147 ; 1.66132E-5 ; 1.06324E-5 ; 5.76038E-7 ; 3.68664E-7 ; 9.609849E-7 ; 6.15031E-7
Cs148 ; 2.06E-7 ; 1.3184E-7 ; 9.77E-8 ; 6.2528E-8 ; 1.10031E-7 ; 7.04198E-8
Cs149 ; 8.46643E-9 ; 5.41852E-9 ; 5.19283E-9 ; 3.32341E-9 ; 8.00998E-9 ; 5.12638E-9
Cs150 ; 4.75E-11 ; 3.04E-11 ; 3.0E-11 ; 1.92E-11 ; 4.42124E-11 ; 2.8296E-11
Cs151 ; 4.46614E-13 ; 2.85833E-13 ; 9.02914E-13 ; 5.77865E-13 ; 2.47745E-12 ; 1.58557E-12
Cs152 ; 5.01533E-15 ; 3.20981E-15 ;  ;  ;  ; 
Ba129 ; 0.0 ; 0.0 ; 0.0 ; 0.0 ; 0.0 ; 0.0
Ba131 ; 0.0 ; 0.0 ; 0.0 ; 0.0 ; 7.86221E-14 ; 5.03181E-14
Ba132 ; 0.0 ; 0.0 ; 0.0 ; 0.0 ; 6.89194E-12 ; 4.41084E-12
Ba133 ; 3.86E-14 ; 2.4704E-14 ; 2.11E-12 ; 1.3504E-12 ; 4.34122E-10 ; 2.77838E-10
Ba134 ; 9.9E-12 ; 6.336E-12 ; 3.33E-10 ; 2.1312E-10 ; 1.87053E-8 ; 1.19714E-8
Ba135 ; 5.45E-10 ; 3.488E-10 ; 1.08E-8 ; 6.912E-9 ; 2.03057E-7 ; 1.29957E-7
Ba135m ; 5.45E-10 ; 3.488E-10 ; 1.08E-8 ; 6.912E-9 ; 2.03057E-7 ; 1.29957E-7
Ba136 ; 3.78E-8 ; 2.4192E-8 ; 3.95E-7 ; 2.528E-7 ; 3.10587E-6 ; 1.98776E-6
Ba136m ; 3.78E-8 ; 2.4192E-8 ; 3.95E-7 ; 2.528E-7 ; 3.10587E-6 ; 1.98776E-6
Ba137 ; 6.08E-7 ; 3.8912E-7 ; 4.01E-6 ; 2.5664E-6 ; 1.24735E-5 ; 7.98304E-6
Ba137m ; 1.49E-6 ; 9.536E-7 ; 1.141E-5 ; 7.3024E-6 ; 5.6836E-5 ; 3.6375E-5
Ba138 ; 4.012E-5 ; 2.56768E-5 ; 1.6767E-4 ; 1.07309E-4 ; 4.49106E-4 ; 2.87428E-4
Ba139 ; 3.7236E-4 ; 2.3831E-4 ; 0.00106778 ; 6.83379E-4 ; 0.00205294 ; 0.00131388
Ba140 ; 0.00252227 ; 0.00161425 ; 0.00480765 ; 0.0030769 ; 0.00682369 ; 0.00436716
Ba141 ; 0.00826079 ; 0.00528691 ; 0.0131799 ; 0.00421756 ; 0.0155201 ; 0.00496642
Ba142 ; 0.0194607 ; 0.00622742 ; 0.0244643 ; 0.00562679 ; 0.0232134 ; 0.00742829
Ba143 ; 0.028409 ; 0.00909087 ; 0.0289477 ; 0.00926326 ; 0.0211958 ; 0.00678267
Ba144 ; 0.0317843 ; 0.010171 ; 0.0225008 ; 0.00720025 ; 0.0147959 ; 0.0047347
Ba145 ; 0.0148075 ; 0.00473839 ; 0.0108748 ; 0.00347993 ; 0.00710988 ; 0.00455032
Ba146 ; 0.00587759 ; 0.00376166 ; 0.00336063 ; 0.0021508 ; 0.00225659 ; 0.00144422
Ba147 ; 0.00127832 ; 8.18127E-4 ; 6.59454E-4 ; 4.22051E-4 ; 4.98269E-4 ; 3.18892E-4
Ba148 ; 1.6263E-4 ; 1.04083E-4 ; 7.369E-5 ; 4.71616E-5 ; 5.44053E-5 ; 3.48194E-5
Ba149 ; 1.50615E-5 ; 9.63938E-6 ; 5.94481E-6 ; 3.80468E-6 ; 4.15316E-6 ; 2.65802E-6
Ba150 ; 5.05E-7 ; 3.232E-7 ; 2.49E-7 ; 1.5936E-7 ; 2.08058E-7 ; 1.33157E-7
Ba151 ; 2.11934E-8 ; 1.35638E-8 ; 2.01472E-8 ; 1.28942E-8 ; 1.87358E-8 ; 1.19909E-8
Ba152 ; 2.37995E-10 ; 1.52317E-10 ; 1.18E-10 ; 7.552E-11 ; 1.4104E-10 ; 9.02654E-11
Ba153 ; 1.04824E-12 ; 6.70877E-13 ; 2.23045E-12 ; 1.42749E-12 ; 3.6151E-12 ; 2.31366E-12
Ba154 ; 0.0 ; 0.0 ; 0.0 ; 0.0 ; 2.11059E-14 ; 1.35078E-14
La133 ; 0.0 ; 0.0 ; 0.0 ; 0.0 ; 0.0 ; 0.0
La135 ; 0.0 ; 0.0 ; 5.33E-13 ; 3.4112E-13 ; 5.3515E-11 ; 3.42496E-11
La137 ; 1.93E-10 ; 1.2352E-10 ; 4.74E-9 ; 3.0336E-9 ; 7.4821E-8 ; 4.78855E-8
La138 ; 1.08E-8 ; 6.912E-9 ; 1.73E-7 ; 1.1072E-7 ; 1.33037E-6 ; 8.51439E-7
La139 ; 4.67E-7 ; 2.9888E-7 ; 3.59E-6 ; 2.2976E-6 ; 1.67347E-5 ; 1.07102E-5
La140 ; 8.99E-6 ; 5.7536E-6 ; 5.121E-5 ; 3.27744E-5 ; 1.49832E-4 ; 9.58926E-5
La141 ; 1.2332E-4 ; 7.89248E-5 ; 4.2917E-4 ; 2.74669E-4 ; 8.9054E-4 ; 5.69946E-4
La142 ; 7.5067E-4 ; 4.80429E-4 ; 0.00196551 ; 0.00125793 ; 0.0032902 ; 0.00210573
La143 ; 0.00433196 ; 0.00277245 ; 0.00703943 ; 0.00450524 ; 0.00735564 ; 0.00470761
La144 ; 0.011095 ; 0.00355041 ; 0.0151838 ; 0.00485881 ; 0.0123074 ; 0.00393838
La145 ; 0.0190363 ; 0.00609161 ; 0.0199656 ; 0.006389 ; 0.0144236 ; 0.00461554
La146 ; 0.00865752 ; 0.00554081 ; 0.00843216 ; 0.00539658 ; 0.00567546 ; 0.00363229
La146m ; 0.00865752 ; 0.00554081 ; 0.00843216 ; 0.00539658 ; 0.00567546 ; 0.00363229
La147 ; 0.0143715 ; 0.00459887 ; 0.00944193 ; 0.00604284 ; 0.00657792 ; 0.00420987
La148 ; 0.00459434 ; 0.00294038 ; 0.00324319 ; 0.00207564 ; 0.00204897 ; 0.00131134
La149 ; 0.00180365 ; 0.00115434 ; 7.9648E-4 ; 5.09747E-4 ; 4.53347E-4 ; 2.90142E-4
La150 ; 1.657E-4 ; 1.06048E-4 ; 1.0818E-4 ; 6.92352E-5 ; 6.73989E-5 ; 4.31353E-5
La151 ; 2.52388E-5 ; 1.61528E-5 ; 1.03799E-5 ; 6.64311E-6 ; 6.50309E-6 ; 4.16198E-6
La152 ; 1.0E-6 ; 6.4E-7 ; 5.26E-7 ; 3.3664E-7 ; 4.07114E-7 ; 2.60553E-7
La153 ; 3.3299E-8 ; 2.13113E-8 ; 2.23978E-8 ; 1.43346E-8 ; 1.83015E-8 ; 1.1713E-8
La154 ; 5.07E-10 ; 3.2448E-10 ; 3.96E-10 ; 2.5344E-10 ; 5.38151E-10 ; 3.44417E-10
La155 ; 1.45192E-12 ; 9.29227E-13 ; 2.15106E-12 ; 1.37668E-12 ; 6.09674E-12 ; 3.90191E-12
La156 ; 5.79503E-14 ; 3.70882E-14 ; 5.38389E-14 ; 3.44569E-14 ; 2.18213E-13 ; 1.39656E-13
La157 ; 6.49043E-16 ; 4.15387E-16 ;  ;  ;  ; 
Ce135 ; 0.0 ; 0.0 ; 0.0 ; 0.0 ; 0.0 ; 0.0
Ce137 ; 0.0 ; 0.0 ; 7.22E-14 ; 4.6208E-14 ; 5.42152E-12 ; 3.46978E-12
Ce138 ; 1.36E-13 ; 8.704E-14 ; 9.1E-12 ; 5.824E-12 ; 2.70076E-10 ; 1.72849E-10
Ce139 ; 5.06E-12 ; 3.2384E-12 ; 1.63E-10 ; 1.0432E-10 ; 1.76049E-9 ; 1.12672E-9
Ce139m ; 1.24E-11 ; 7.936E-12 ; 4.64E-10 ; 2.9696E-10 ; 8.00225E-9 ; 5.12144E-9
Ce140 ; 1.6E-9 ; 1.024E-9 ; 3.0E-8 ; 1.92E-8 ; 2.47069E-7 ; 1.58124E-7
Ce141 ; 6.17E-8 ; 3.9488E-8 ; 8.19E-7 ; 5.2416E-7 ; 4.10115E-6 ; 2.62474E-6
Ce142 ; 1.8E-6 ; 1.152E-6 ; 1.309E-5 ; 8.3776E-6 ; 4.04014E-5 ; 2.58569E-5
Ce143 ; 2.742E-5 ; 1.75488E-5 ; 1.3494E-4 ; 8.63616E-5 ; 2.40468E-4 ; 1.53899E-4
Ce144 ; 3.0215E-4 ; 1.93376E-4 ; 8.6098E-4 ; 5.51027E-4 ; 0.00103732 ; 6.63886E-4
Ce145 ; 0.00133759 ; 8.56058E-4 ; 0.00321134 ; 0.00205526 ; 0.00309965 ; 0.00198378
Ce146 ; 0.00476643 ; 0.00305052 ; 0.00747019 ; 0.00336159 ; 0.00603717 ; 0.00386379
Ce147 ; 0.0088712 ; 0.00567757 ; 0.011026 ; 0.00352832 ; 0.00872524 ; 0.00558416
Ce148 ; 0.0104434 ; 0.00334189 ; 0.0106795 ; 0.00341743 ; 0.00714357 ; 0.00457188
Ce149 ; 0.00933294 ; 0.00597308 ; 0.00715056 ; 0.00457636 ; 0.00418151 ; 0.00267616
Ce150 ; 0.00332959 ; 0.00213094 ; 0.002846 ; 0.00182144 ; 0.00170923 ; 0.00109391
Ce151 ; 0.00129435 ; 8.28384E-4 ; 8.175E-4 ; 5.232E-4 ; 4.60639E-4 ; 2.94809E-4
Ce152 ; 2.1569E-4 ; 1.38042E-4 ; 1.2456E-4 ; 7.97184E-5 ; 8.24632E-5 ; 5.27764E-5
Ce153 ; 1.933E-5 ; 1.23712E-5 ; 1.691E-5 ; 1.08224E-5 ; 1.0603E-5 ; 6.78591E-6
Ce154 ; 1.32E-6 ; 8.448E-7 ; 9.13E-7 ; 5.8432E-7 ; 9.07255E-7 ; 5.80643E-7
Ce155 ; 6.88986E-8 ; 4.40951E-8 ; 4.79979E-8 ; 3.07186E-8 ; 4.61069E-8 ; 2.95084E-8
Ce156 ; 2.74994E-9 ; 1.75996E-9 ; 1.63995E-9 ; 1.04957E-9 ; 1.65025E-9 ; 1.05616E-9
Ce157 ; 3.07994E-11 ; 1.97116E-11 ; 1.65E-11 ; 1.056E-11 ; 3.26092E-11 ; 2.08699E-11
Ce158 ; 3.44E-13 ; 2.2016E-13 ; 1.32E-13 ; 8.448E-14 ; 6.0317E-13 ; 3.86028E-13
Ce159 ; 4.59591E-16 ; 2.94138E-16 ; 3.09675E-15 ; 1.98192E-15 ;  ; 
Ce160 ; 0.0 ; 0.0 ; 0.0 ; 0.0 ; 0.0 ; 0.0
Pr139 ; 0.0 ; 0.0 ; 0.0 ; 0.0 ; 3.77106E-13 ; 2.41348E-13
Pr140 ; 0.0 ; 0.0 ; 8.88E-13 ; 5.6832E-13 ; 2.77078E-11 ; 1.7733E-11
Pr141 ; 1.42E-12 ; 9.088E-13 ; 7.66E-11 ; 4.9024E-11 ; 1.32037E-9 ; 8.45037E-10
Pr142 ; 6.3E-11 ; 4.032E-11 ; 2.135E-9 ; 1.3664E-9 ; 1.81051E-8 ; 1.15873E-8
Pr142m ; 6.3E-11 ; 4.032E-11 ; 2.135E-9 ; 1.3664E-9 ; 1.81051E-8 ; 1.15873E-8
Pr143 ; 9.45E-9 ; 6.048E-9 ; 1.41E-7 ; 9.024E-8 ; 6.0617E-7 ; 3.87949E-7
Pr144 ; 2.88E-8 ; 1.8432E-8 ; 2.4E-7 ; 1.536E-7 ; 4.34122E-7 ; 2.77838E-7
Pr144m ; 2.6E-7 ; 1.664E-7 ; 2.43E-6 ; 1.5552E-6 ; 6.81191E-6 ; 4.35963E-6
Pr145 ; 5.98E-6 ; 3.8272E-6 ; 3.6E-5 ; 2.304E-5 ; 6.00169E-5 ; 3.84108E-5
Pr146 ; 5.959E-5 ; 3.81376E-5 ; 2.582E-4 ; 1.65248E-4 ; 3.14368E-4 ; 2.01196E-4
Pr147 ; 4.6149E-4 ; 2.95354E-4 ; 0.00114262 ; 7.31277E-4 ; 0.00120717 ; 7.72588E-4
Pr148 ; 6.76355E-4 ; 4.32867E-4 ; 0.00156075 ; 9.98877E-4 ; 0.0013257 ; 8.4845E-4
Pr148m ; 6.76355E-4 ; 4.32867E-4 ; 0.00156075 ; 9.98877E-4 ; 0.0013257 ; 8.4845E-4
Pr149 ; 0.00423377 ; 0.00270961 ; 0.00472791 ; 0.00302586 ; 0.00397207 ; 0.00254212
Pr150 ; 0.0035439 ; 0.0022681 ; 0.00589641 ; 0.00265338 ; 0.00414903 ; 0.00265538
Pr151 ; 0.00497361 ; 0.00318311 ; 0.00447605 ; 0.00286467 ; 0.00285358 ; 0.00182629
Pr152 ; 0.00188246 ; 0.00120477 ; 0.00187763 ; 0.00120168 ; 0.001349 ; 8.63359E-4
Pr153 ; 6.5486E-4 ; 4.1911E-4 ; 7.4438E-4 ; 4.76403E-4 ; 4.638E-4 ; 2.96832E-4
Pr154 ; 1.1332E-4 ; 7.25248E-5 ; 1.1562E-4 ; 7.39968E-5 ; 1.09601E-4 ; 7.01445E-5
Pr155 ; 2.453E-5 ; 1.56992E-5 ; 1.855E-5 ; 1.1872E-5 ; 1.57844E-5 ; 1.0102E-5
Pr156 ; 2.67E-6 ; 1.7088E-6 ; 1.92E-6 ; 1.2288E-6 ; 1.63046E-6 ; 1.04349E-6
Pr157 ; 1.26E-7 ; 8.064E-8 ; 5.94E-8 ; 3.8016E-8 ; 9.42265E-8 ; 6.03049E-8
Pr158 ; 3.87E-9 ; 2.4768E-9 ; 1.49E-9 ; 9.536E-10 ; 5.01141E-9 ; 3.2073E-9
Pr159 ; 1.45995E-11 ; 9.34371E-12 ; 3.10969E-11 ; 1.9902E-11 ; 1.60045E-10 ; 1.02429E-10
Pr160 ; 1.16E-13 ; 7.424E-14 ; 3.21E-13 ; 2.0544E-13 ; 3.15089E-12 ; 2.01657E-12
Pr161 ; 4.78353E-16 ; 3.06146E-16 ; 1.31753E-15 ; 8.43216E-16 ; 7.57795E-14 ; 4.84989E-14
Pr162 ; 1.13793E-17 ; 7.28277E-18 ; 1.31971E-17 ; 8.44614E-18 ;  ; 
Nd140 ; 0.0 ; 0.0 ; 0.0 ; 0.0 ; 0.0 ; 0.0
Nd141 ; 0.0 ; 0.0 ; 0.0 ; 0.0 ; 2.80079E-14 ; 1.7925E-14
Nd142 ; 0.0 ; 0.0 ; 6.92E-14 ; 4.4288E-14 ; 2.16061E-12 ; 1.38279E-12
Nd143 ; 9.03E-14 ; 5.7792E-14 ; 7.65E-12 ; 4.896E-12 ; 1.0503E-10 ; 6.72189E-11
Nd144 ; 1.33E-11 ; 8.512E-12 ; 4.94E-10 ; 3.1616E-10 ; 3.59101E-9 ; 2.29825E-9
Nd145 ; 8.37E-10 ; 5.3568E-10 ; 2.25E-8 ; 1.44E-8 ; 8.68244E-8 ; 5.55676E-8
Nd146 ; 4.04E-8 ; 2.5856E-8 ; 5.37E-7 ; 3.4368E-7 ; 1.30037E-6 ; 8.32234E-7
Nd147 ; 8.9E-7 ; 5.696E-7 ; 7.72E-6 ; 4.9408E-6 ; 1.44541E-5 ; 9.2506E-6
Nd148 ; 1.2E-5 ; 7.68E-6 ; 6.803E-5 ; 4.35392E-5 ; 9.33462E-5 ; 5.97416E-5
Nd149 ; 1.0479E-4 ; 6.70656E-5 ; 3.5172E-4 ; 2.25101E-4 ; 3.86069E-4 ; 2.47084E-4
Nd150 ; 3.3499E-4 ; 2.14394E-4 ; 0.00107545 ; 6.88288E-4 ; 0.00107105 ; 6.85473E-4
Nd151 ; 0.00110705 ; 7.08512E-4 ; 0.00188283 ; 0.00120501 ; 0.00185594 ; 0.0011878
Nd152 ; 0.00148055 ; 9.47552E-4 ; 0.00234391 ; 0.0015001 ; 0.00218738 ; 0.00139993
Nd153 ; 0.00111154 ; 7.11386E-4 ; 0.00215885 ; 0.00138166 ; 0.00185443 ; 0.00118684
Nd154 ; 6.8737E-4 ; 4.39917E-4 ; 9.8625E-4 ; 6.312E-4 ; 0.00111122 ; 7.11182E-4
Nd155 ; 3.36E-4 ; 2.1504E-4 ; 4.385E-4 ; 2.8064E-4 ; 4.20318E-4 ; 2.69004E-4
Nd156 ; 1.4545E-4 ; 9.3088E-5 ; 1.2771E-4 ; 8.17344E-5 ; 1.18063E-4 ; 7.55604E-5
Nd157 ; 1.67E-5 ; 1.0688E-5 ; 1.15E-5 ; 7.36E-6 ; 1.90954E-5 ; 1.2221E-5
Nd158 ; 2.15E-6 ; 1.376E-6 ; 8.62E-7 ; 5.5168E-7 ; 2.8308E-6 ; 1.81171E-6
Nd159 ; 2.16E-8 ; 1.3824E-8 ; 5.5E-8 ; 3.52E-8 ; 2.62074E-7 ; 1.67727E-7
Nd160 ; 7.55E-10 ; 4.832E-10 ; 1.76E-9 ; 1.1264E-9 ; 1.48042E-8 ; 9.47466E-9
Nd161 ; 2.26995E-11 ; 1.45277E-11 ; 2.93987E-11 ; 1.88152E-11 ; 5.73085E-10 ; 3.66775E-10
Nd162 ; 5.39989E-13 ; 3.45593E-13 ; 4.01987E-13 ; 2.57272E-13 ; 1.51042E-11 ; 9.66672E-12
Nd163 ; 0.0 ; 0.0 ; 0.0 ; 0.0 ; 2.80079E-13 ; 1.7925E-13
Nd164 ; 0.0 ; 0.0 ; 0.0 ; 0.0 ; 0.0 ; 0.0
Nd165 ; 3.24232E-19 ; 2.07508E-19 ;  ;  ;  ; 
Pm141 ; 0.0 ; 0.0 ; 0.0 ; 0.0 ; 0.0 ; 0.0
Pm143 ; 0.0 ; 0.0 ; 0.0 ; 0.0 ; 0.0 ; 0.0
Pm144 ; 0.0 ; 0.0 ; 0.0 ; 0.0 ; 1.18033E-13 ; 7.55412E-14
Pm145 ; 0.0 ; 0.0 ; 7.1E-13 ; 4.544E-13 ; 8.49239E-12 ; 5.43513E-12
Pm146 ; 8.05E-13 ; 5.152E-13 ; 5.81E-11 ; 3.7184E-11 ; 3.78106E-10 ; 2.41988E-10
Pm147 ; 7.81E-11 ; 4.9984E-11 ; 2.76E-9 ; 1.7664E-9 ; 1.26035E-8 ; 8.06627E-9
Pm148 ; 1.04E-9 ; 6.656E-10 ; 2.33E-8 ; 1.4912E-8 ; 4.59129E-8 ; 2.93843E-8
Pm148m ; 2.42E-9 ; 1.5488E-9 ; 6.3E-8 ; 4.032E-8 ; 2.09059E-7 ; 1.33798E-7
Pm149 ; 1.18E-7 ; 7.552E-8 ; 1.35E-6 ; 8.64E-7 ; 3.15089E-6 ; 2.01657E-6
Pm150 ; 1.25E-6 ; 8.0E-7 ; 1.386E-5 ; 8.8704E-6 ; 2.53471E-5 ; 1.62222E-5
Pm151 ; 1.81E-5 ; 1.1584E-5 ; 8.518E-5 ; 5.45152E-5 ; 1.20154E-4 ; 7.68984E-5
Pm152 ; 2.01467E-5 ; 1.28939E-5 ; 8.366E-5 ; 5.35424E-5 ; 1.24395E-4 ; 7.96128E-5
Pm152m ; 2.01467E-5 ; 1.28939E-5 ; 8.366E-5 ; 5.35424E-5 ; 1.24395E-4 ; 7.96128E-5
Pm152n ; 2.01467E-5 ; 1.28939E-5 ; 8.366E-5 ; 5.35424E-5 ; 1.24395E-4 ; 7.96128E-5
Pm153 ; 1.7326E-4 ; 1.10886E-4 ; 7.1675E-4 ; 4.5872E-4 ; 7.88031E-4 ; 5.0434E-4
Pm154 ; 1.1984E-4 ; 7.66976E-5 ; 3.628E-4 ; 2.32192E-4 ; 5.76922E-4 ; 3.6923E-4
Pm154m ; 1.1984E-4 ; 7.66976E-5 ; 3.628E-4 ; 2.32192E-4 ; 5.76922E-4 ; 3.6923E-4
Pm155 ; 3.9965E-4 ; 2.55776E-4 ; 8.2463E-4 ; 5.27763E-4 ; 0.00106742 ; 6.83149E-4
Pm156 ; 3.7543E-4 ; 2.40275E-4 ; 6.0966E-4 ; 3.90182E-4 ; 7.4856E-4 ; 4.79079E-4
Pm157 ; 1.4847E-4 ; 9.50208E-5 ; 1.4446E-4 ; 9.24544E-5 ; 3.12438E-4 ; 1.9996E-4
Pm158 ; 4.403E-5 ; 2.81792E-5 ; 2.97E-5 ; 1.9008E-5 ; 1.20784E-4 ; 7.73017E-5
Pm159 ; 1.73E-6 ; 1.1072E-6 ; 5.41E-6 ; 3.4624E-6 ; 3.08287E-5 ; 1.97303E-5
Pm160 ; 1.54E-7 ; 9.856E-8 ; 5.08E-7 ; 3.2512E-7 ; 4.81135E-6 ; 3.07927E-6
Pm161 ; 1.97E-8 ; 1.2608E-8 ; 2.57E-8 ; 1.6448E-8 ; 5.08143E-7 ; 3.25211E-7
Pm162 ; 1.26E-9 ; 8.064E-10 ; 1.08E-9 ; 6.912E-10 ; 3.81107E-8 ; 2.43909E-8
Pm163 ; 4.13E-11 ; 2.6432E-11 ; 3.25E-11 ; 2.08E-11 ; 1.98056E-9 ; 1.26756E-9
Pm164 ; 6.89E-13 ; 4.4096E-13 ; 6.51E-13 ; 4.1664E-13 ; 7.50211E-11 ; 4.80135E-11
Pm165 ; 1.02997E-14 ; 6.59179E-15 ; 0.0 ; 0.0 ; 1.81051E-12 ; 1.15873E-12
Pm166 ; 1.34234E-17 ; 8.59097E-18 ; 3.13513E-17 ; 2.00648E-17 ; 4.21879E-14 ; 2.70002E-14
Sm143 ; 0.0 ; 0.0 ; 0.0 ; 0.0 ; 0.0 ; 0.0
Sm143m ; 0.0 ; 0.0 ; 0.0 ; 0.0 ; 0.0 ; 0.0
Sm144 ; 0.0 ; 0.0 ; 0.0 ; 0.0 ; 0.0 ; 0.0
Sm145 ; 0.0 ; 0.0 ; 0.0 ; 0.0 ; 0.0 ; 0.0
Sm146 ; 0.0 ; 0.0 ; 0.0 ; 0.0 ; 0.0 ; 0.0
Sm147 ; 0.0 ; 0.0 ; 5.04E-14 ; 3.2256E-14 ; 7.33206E-13 ; 4.69252E-13
Sm148 ; 4.64E-14 ; 2.9696E-14 ; 5.6E-12 ; 3.584E-12 ; 4.78134E-11 ; 3.06006E-11
Sm149 ; 4.7E-12 ; 3.008E-12 ; 2.51E-10 ; 1.6064E-10 ; 1.83051E-9 ; 1.17153E-9
Sm150 ; 2.38E-10 ; 1.5232E-10 ; 1.01E-8 ; 6.464E-9 ; 4.53127E-8 ; 2.90002E-8
Sm151 ; 8.54E-9 ; 5.4656E-9 ; 1.66E-7 ; 1.0624E-7 ; 6.31177E-7 ; 4.03954E-7
Sm152 ; 1.48E-7 ; 9.472E-8 ; 1.79E-6 ; 1.1456E-6 ; 5.61158E-6 ; 3.59141E-6
Sm153 ; 1.14E-6 ; 7.296E-7 ; 1.463E-5 ; 9.3632E-6 ; 3.2149E-5 ; 2.05754E-5
Sm154 ; 6.53E-6 ; 4.1792E-6 ; 4.386E-5 ; 2.80704E-5 ; 1.23285E-4 ; 7.89022E-5
Sm155 ; 2.58E-5 ; 1.6512E-5 ; 1.3602E-4 ; 8.70528E-5 ; 2.88391E-4 ; 1.8457E-4
Sm156 ; 9.038E-5 ; 5.78432E-5 ; 2.5724E-4 ; 1.64634E-4 ; 4.9785E-4 ; 3.18624E-4
Sm157 ; 7.462E-5 ; 4.77568E-5 ; 1.5242E-4 ; 9.75488E-5 ; 5.06612E-4 ; 3.24232E-4
Sm158 ; 7.522E-5 ; 4.81408E-5 ; 7.847E-5 ; 5.02208E-5 ; 4.72033E-4 ; 3.02101E-4
Sm159 ; 6.32E-6 ; 4.0448E-6 ; 3.668E-5 ; 2.34752E-5 ; 3.05286E-4 ; 1.95383E-4
Sm160 ; 2.03E-6 ; 1.2992E-6 ; 9.21E-6 ; 5.8944E-6 ; 1.22074E-4 ; 7.81276E-5
Sm161 ; 6.08E-7 ; 3.8912E-7 ; 1.3E-6 ; 8.32E-7 ; 3.32493E-5 ; 2.12796E-5
Sm162 ; 1.55E-7 ; 9.92E-8 ; 1.57E-7 ; 1.0048E-7 ; 6.78191E-6 ; 4.34042E-6
Sm163 ; 1.31E-8 ; 8.384E-9 ; 1.41E-8 ; 9.024E-9 ; 9.52268E-7 ; 6.09451E-7
Sm164 ; 9.38E-10 ; 6.0032E-10 ; 8.57E-10 ; 5.4848E-10 ; 9.94279E-8 ; 6.36339E-8
Sm165 ; 3.79E-11 ; 2.4256E-11 ; 2.7E-11 ; 1.728E-11 ; 6.65187E-9 ; 4.2572E-9
Sm166 ; 6.36987E-13 ; 4.07671E-13 ; 9.54969E-13 ; 6.1118E-13 ; 3.19047E-10 ; 2.0419E-10
Sm167 ; 0.0 ; 0.0 ; 0.0 ; 0.0 ; 9.67272E-12 ; 6.19054E-12
Sm168 ; 0.0 ; 0.0 ; 0.0 ; 0.0 ; 2.11059E-13 ; 1.35078E-13
Sm169 ;  ;  ;  ;  ; 9.00811E-15 ; 5.76519E-15
Sm170 ; 0.0 ; 0.0 ; 0.0 ; 0.0 ; 0.0 ; 0.0
Eu147 ; 0.0 ; 0.0 ; 0.0 ; 0.0 ; 0.0 ; 0.0
Eu149 ; 0.0 ; 0.0 ; 0.0 ; 0.0 ; 7.09199E-14 ; 4.53888E-14
Eu151 ; 2.23E-13 ; 1.4272E-13 ; 2.44E-11 ; 1.5616E-11 ; 2.33066E-10 ; 1.49162E-10
Eu152 ; 3.7E-12 ; 2.368E-12 ; 2.33333E-10 ; 1.49333E-10 ; 2.07392E-9 ; 1.32731E-9
Eu152m ; 3.7E-12 ; 2.368E-12 ; 2.33333E-10 ; 1.49333E-10 ; 2.07392E-9 ; 1.32731E-9
Eu152n ; 3.7E-12 ; 2.368E-12 ; 2.33333E-10 ; 1.49333E-10 ; 2.07392E-9 ; 1.32731E-9
Eu153 ; 3.89E-10 ; 2.4896E-10 ; 1.69E-8 ; 1.0816E-8 ; 1.03029E-7 ; 6.59385E-8
Eu154 ; 3.115E-9 ; 1.9936E-9 ; 8.35E-8 ; 5.344E-8 ; 5.55156E-7 ; 3.553E-7
Eu154m ; 3.115E-9 ; 1.9936E-9 ; 8.35E-8 ; 5.344E-8 ; 5.55156E-7 ; 3.553E-7
Eu155 ; 1.05E-7 ; 6.72E-8 ; 1.57E-6 ; 1.0048E-6 ; 7.17202E-6 ; 4.59009E-6
Eu156 ; 6.31E-7 ; 4.0384E-7 ; 8.42E-6 ; 5.3888E-6 ; 3.30193E-5 ; 2.11323E-5
Eu157 ; 3.07E-6 ; 1.9648E-6 ; 1.363E-5 ; 8.7232E-6 ; 8.64243E-5 ; 5.53115E-5
Eu158 ; 7.19E-6 ; 4.6016E-6 ; 1.837E-5 ; 1.17568E-5 ; 1.96125E-4 ; 1.2552E-4
Eu159 ; 2.15E-6 ; 1.376E-6 ; 2.173E-5 ; 1.39072E-5 ; 3.10017E-4 ; 1.98411E-4
Eu160 ; 1.46E-6 ; 9.344E-7 ; 1.361E-5 ; 8.7104E-6 ; 2.96363E-4 ; 1.89673E-4
Eu161 ; 1.49E-6 ; 9.536E-7 ; 4.83E-6 ; 3.0912E-6 ; 1.92134E-4 ; 1.22966E-4
Eu162 ; 8.27E-7 ; 5.2928E-7 ; 1.52E-6 ; 9.728E-7 ; 9.83877E-5 ; 6.29681E-5
Eu163 ; 2.56E-7 ; 1.6384E-7 ; 3.71E-7 ; 2.3744E-7 ; 3.49798E-5 ; 2.23871E-5
Eu164 ; 4.39E-8 ; 2.8096E-8 ; 6.37E-8 ; 4.0768E-8 ; 9.53268E-6 ; 6.10091E-6
Eu165 ; 7.2E-9 ; 4.608E-9 ; 5.88E-9 ; 3.7632E-9 ; 1.70048E-6 ; 1.08831E-6
Eu166 ; 3.16E-10 ; 2.0224E-10 ; 6.22E-10 ; 3.9808E-10 ; 2.23063E-7 ; 1.4276E-7
Eu167 ; 1.69E-11 ; 1.0816E-11 ; 1.03E-11 ; 6.592E-12 ; 1.87053E-8 ; 1.19714E-8
Eu168 ; 2.54E-13 ; 1.6256E-13 ; 2.09E-13 ; 1.3376E-13 ; 1.14032E-9 ; 7.29805E-10
Eu169 ; 0.0 ; 0.0 ; 0.0 ; 0.0 ; 4.56038E-11 ; 2.91864E-11
Eu170 ; 0.0 ; 0.0 ; 0.0 ; 0.0 ; 1.24035E-12 ; 7.93823E-13
Eu171 ;  ;  ; 1.00383E-18 ; 6.4245E-19 ; 2.30116E-14 ; 1.47274E-14
Eu172 ;  ;  ;  ;  ; 8.35822E-16 ; 5.34926E-16
Gd147 ; 0.0 ; 0.0 ; 0.0 ; 0.0 ; 0.0 ; 0.0
Gd149 ; 0.0 ; 0.0 ; 0.0 ; 0.0 ; 0.0 ; 0.0
Gd151 ; 0.0 ; 0.0 ; 0.0 ; 0.0 ; 0.0 ; 0.0
Gd152 ; 0.0 ; 0.0 ; 1.36E-14 ; 8.704E-15 ; 4.6313E-13 ; 2.96403E-13
Gd153 ; 0.0 ; 0.0 ; 1.09E-12 ; 6.976E-13 ; 2.27064E-11 ; 1.45321E-11
Gd154 ; 2.86E-13 ; 1.8304E-13 ; 3.39E-11 ; 2.1696E-11 ; 7.23203E-10 ; 4.6285E-10
Gd155 ; 1.33E-11 ; 8.512E-12 ; 1.01E-9 ; 6.464E-10 ; 1.35038E-8 ; 8.64243E-9
Gd156 ; 3.64E-10 ; 2.3296E-10 ; 1.61E-8 ; 1.0304E-8 ; 1.7805E-7 ; 1.13952E-7
Gd157 ; 4.59E-9 ; 2.9376E-9 ; 7.98E-8 ; 5.1072E-8 ; 1.30037E-6 ; 8.32234E-7
Gd158 ; 4.53E-8 ; 2.8992E-8 ; 3.12E-7 ; 1.9968E-7 ; 7.80219E-6 ; 4.9934E-6
Gd159 ; 3.42E-8 ; 2.1888E-8 ; 1.04E-6 ; 6.656E-7 ; 3.23491E-5 ; 2.07034E-5
Gd160 ; 9.03E-8 ; 5.7792E-8 ; 1.74E-6 ; 1.1136E-6 ; 7.65015E-5 ; 4.8961E-5
Gd161 ; 2.1E-7 ; 1.344E-7 ; 1.6E-6 ; 1.024E-6 ; 1.16863E-4 ; 7.47922E-5
Gd162 ; 4.07E-7 ; 2.6048E-7 ; 1.26E-6 ; 8.064E-7 ; 1.4269E-4 ; 9.13217E-5
Gd163 ; 2.66E-7 ; 1.7024E-7 ; 7.69E-7 ; 4.9216E-7 ; 1.19214E-4 ; 7.62966E-5
Gd164 ; 1.56E-7 ; 9.984E-8 ; 3.36E-7 ; 2.1504E-7 ; 7.8142E-5 ; 5.00109E-5
Gd165 ; 5.62E-8 ; 3.5968E-8 ; 8.19E-8 ; 5.2416E-8 ; 3.46998E-5 ; 2.22078E-5
Gd166 ; 9.24E-9 ; 5.9136E-9 ; 2.39E-8 ; 1.5296E-8 ; 1.16333E-5 ; 7.44529E-6
Gd167 ; 1.21E-9 ; 7.744E-10 ; 1.14E-9 ; 7.296E-10 ; 2.56072E-6 ; 1.63886E-6
Gd168 ; 7.48E-11 ; 4.7872E-11 ; 6.8E-11 ; 4.352E-11 ; 4.20118E-7 ; 2.68876E-7
Gd169 ; 4.4E-12 ; 2.816E-12 ; 3.45E-12 ; 2.208E-12 ; 4.6213E-8 ; 2.95763E-8
Gd170 ; 7.14E-14 ; 4.5696E-14 ; 1.12E-12 ; 7.168E-13 ; 3.48098E-9 ; 2.22783E-9
Gd171 ; 0.0 ; 0.0 ; 2.2399E-14 ; 1.43354E-14 ; 1.74026E-10 ; 1.11377E-10
Gd172 ; 0.0 ; 0.0 ; 0.0 ; 0.0 ; 6.32094E-12 ; 4.0454E-12
Tb151 ; 0.0 ; 0.0 ; 0.0 ; 0.0 ; 0.0 ; 0.0
Tb153 ; 0.0 ; 0.0 ; 0.0 ; 0.0 ; 0.0 ; 0.0
Tb155 ; 0.0 ; 0.0 ; 3.28E-14 ; 2.0992E-14 ; 1.74049E-12 ; 1.11391E-12
Tb156 ; 0.0 ; 0.0 ; 1.49E-12 ; 9.536E-13 ; 6.34178E-11 ; 4.05874E-11
Tb156m ; 0.0 ; 0.0 ; 1.47E-13 ; 9.408E-14 ; 4.05114E-12 ; 2.59273E-12
Tb157 ; 3.35E-13 ; 2.144E-13 ; 2.53E-11 ; 1.6192E-11 ; 1.4404E-9 ; 9.21859E-10
Tb158 ; 8.2E-12 ; 5.248E-12 ; 2.77E-10 ; 1.7728E-10 ; 2.28064E-8 ; 1.45961E-8
Tb158m ; 9.11E-13 ; 5.8304E-13 ; 2.74E-11 ; 1.7536E-11 ; 1.46041E-9 ; 9.34663E-10
Tb159 ; 3.01E-11 ; 1.9264E-11 ; 3.05E-9 ; 1.952E-9 ; 2.8508E-7 ; 1.82451E-7
Tb160 ; 2.11E-10 ; 1.3504E-10 ; 1.52E-8 ; 9.728E-9 ; 1.81051E-6 ; 1.15873E-6
Tb161 ; 2.04E-9 ; 1.3056E-9 ; 3.99E-8 ; 2.5536E-8 ; 7.04198E-6 ; 4.50687E-6
Tb162 ; 4.91E-9 ; 3.1424E-9 ; 4.35E-8 ; 2.784E-8 ; 1.0833E-5 ; 6.93315E-6
Tb162m ; 4.91E-9 ; 3.1424E-9 ; 4.35E-8 ; 2.784E-8 ; 1.0833E-5 ; 6.93315E-6
Tb163 ; 2.44E-8 ; 1.5616E-8 ; 1.4E-7 ; 8.96E-8 ; 4.32622E-5 ; 2.76878E-5
Tb164 ; 3.2E-8 ; 2.048E-8 ; 1.56E-7 ; 9.984E-8 ; 6.64087E-5 ; 4.25015E-5
Tb165 ; 3.99E-8 ; 2.5536E-8 ; 9.51E-8 ; 6.0864E-8 ; 6.88193E-5 ; 4.40444E-5
Tb166 ; 1.38E-8 ; 8.832E-9 ; 6.96E-8 ; 4.4544E-8 ; 5.46153E-5 ; 3.49538E-5
Tb167 ; 6.22E-9 ; 3.9808E-9 ; 8.53E-9 ; 5.4592E-9 ; 2.92782E-5 ; 1.87381E-5
Tb168 ; 8.64E-10 ; 5.5296E-10 ; 1.37E-9 ; 8.768E-10 ; 1.20534E-5 ; 7.71417E-6
Tb169 ; 1.94E-10 ; 1.2416E-10 ; 1.94E-10 ; 1.2416E-10 ; 3.43096E-6 ; 2.19582E-6
Tb170 ; 7.84E-12 ; 5.0176E-12 ; 1.83E-10 ; 1.1712E-10 ; 6.87193E-7 ; 4.39804E-7
Tb171 ; 1.03E-12 ; 6.592E-13 ; 1.09E-11 ; 6.976E-12 ; 9.34263E-8 ; 5.97928E-8
Tb172 ; 2.76E-14 ; 1.7664E-14 ; 5.66E-12 ; 3.6224E-12 ; 9.32262E-9 ; 5.96648E-9
Dy155 ; 0.0 ; 0.0 ; 0.0 ; 0.0 ; 0.0 ; 0.0
Dy156 ; 0.0 ; 0.0 ; 0.0 ; 0.0 ; 0.0 ; 0.0
Dy157 ; 0.0 ; 0.0 ; 0.0 ; 0.0 ; 1.0703E-13 ; 6.84993E-14
Dy158 ; 0.0 ; 0.0 ; 1.51E-14 ; 9.664E-15 ; 5.22147E-12 ; 3.34174E-12
Dy159 ; 0.0 ; 0.0 ; 4.72E-13 ; 3.0208E-13 ; 1.80051E-10 ; 1.15232E-10
Dy160 ; 2.44E-14 ; 1.5616E-14 ; 7.28E-12 ; 4.6592E-12 ; 3.24091E-9 ; 2.07418E-9
Dy161 ; 6.48E-13 ; 4.1472E-13 ; 5.85E-11 ; 3.744E-11 ; 3.42096E-8 ; 2.18942E-8
Dy162 ; 1.35E-11 ; 8.64E-12 ; 3.83E-10 ; 2.4512E-10 ; 2.87081E-7 ; 1.83732E-7
Dy163 ; 8.87E-11 ; 5.6768E-11 ; 1.81E-9 ; 1.1584E-9 ; 1.49042E-6 ; 9.53868E-7
Dy164 ; 4.78E-10 ; 3.0592E-10 ; 5.7E-9 ; 3.648E-9 ; 5.73161E-6 ; 3.66823E-6
Dy165 ; 1.26E-9 ; 8.064E-10 ; 8.3E-9 ; 5.312E-9 ; 1.34438E-5 ; 8.60402E-6
Dy165m ; 1.88E-10 ; 1.2032E-10 ; 1.13E-9 ; 7.232E-10 ; 1.01028E-6 ; 6.46582E-7
Dy166 ; 1.87E-9 ; 1.1968E-9 ; 1.8E-8 ; 1.152E-8 ; 2.71576E-5 ; 1.73809E-5
Dy167 ; 1.85E-9 ; 1.184E-9 ; 5.56E-9 ; 3.5584E-9 ; 3.39796E-5 ; 2.17469E-5
Dy168 ; 8.8E-10 ; 5.632E-10 ; 2.23E-9 ; 1.4272E-9 ; 3.27592E-5 ; 2.09659E-5
Dy169 ; 4.17E-10 ; 2.6688E-10 ; 7.99E-10 ; 5.1136E-10 ; 2.22963E-5 ; 1.42696E-5
Dy170 ; 5.91E-11 ; 3.7824E-11 ; 1.96E-9 ; 1.2544E-9 ; 1.09831E-5 ; 7.02918E-6
Dy171 ; 1.77E-11 ; 1.1328E-11 ; 3.2E-10 ; 2.048E-10 ; 3.79107E-6 ; 2.42628E-6
Dy172 ; 1.85E-12 ; 1.184E-12 ; 4.7E-10 ; 3.008E-10 ; 9.89278E-7 ; 6.33138E-7
Ho159 ; 0.0 ; 0.0 ; 0.0 ; 0.0 ; 0.0 ; 0.0
Ho159m ; 0.0 ; 0.0 ; 0.0 ; 0.0 ; 0.0 ; 0.0
Ho161 ; 0.0 ; 0.0 ; 0.0 ; 0.0 ; 1.0803E-11 ; 6.91394E-12
Ho161m ; 0.0 ; 0.0 ; 0.0 ; 0.0 ; 8.14229E-13 ; 5.21106E-13
Ho162 ; 0.0 ; 0.0 ; 2.44E-14 ; 1.5616E-14 ; 5.01141E-11 ; 3.2073E-11
Ho162m ; 0.0 ; 0.0 ; 6.59E-14 ; 4.2176E-14 ; 2.28064E-10 ; 1.45961E-10
Ho163 ; 1.42E-14 ; 9.088E-15 ; 1.15E-12 ; 7.36E-13 ; 3.67103E-9 ; 2.34946E-9
Ho163m ; 0.0 ; 0.0 ; 1.57E-13 ; 1.0048E-13 ; 2.76078E-10 ; 1.7669E-10
Ho164 ; 7.17E-14 ; 4.5888E-14 ; 3.39E-12 ; 2.1696E-12 ; 7.39208E-9 ; 4.73093E-9
Ho164m ; 1.67E-13 ; 1.0688E-13 ; 9.17E-12 ; 5.8688E-12 ; 3.37095E-8 ; 2.15741E-8
Ho165 ; 3.13E-12 ; 2.0032E-12 ; 6.19E-11 ; 3.9616E-11 ; 2.73077E-7 ; 1.74769E-7
Ho166 ; 3.15E-12 ; 2.016E-12 ; 9.23E-11 ; 5.9072E-11 ; 2.37067E-7 ; 1.51723E-7
Ho166m ; 7.35E-12 ; 4.704E-12 ; 2.49E-10 ; 1.5936E-10 ; 1.0803E-6 ; 6.91394E-7
Ho167 ; 4.22E-11 ; 2.7008E-11 ; 2.95E-10 ; 1.888E-10 ; 4.08115E-6 ; 2.61193E-6
Ho168 ; 4.79E-11 ; 3.0656E-11 ; 3.16E-10 ; 2.0224E-10 ; 9.47266E-6 ; 6.0625E-6
Ho169 ; 8.32E-11 ; 5.3248E-11 ; 2.91E-10 ; 1.8624E-10 ; 1.51643E-5 ; 9.70513E-6
Ho170 ; 1.27E-11 ; 8.128E-12 ; 8.97E-10 ; 5.7408E-10 ; 8.70245E-6 ; 5.56957E-6
Ho170m ; 1.27E-11 ; 8.128E-12 ; 8.97E-10 ; 5.7408E-10 ; 8.70245E-6 ; 5.56957E-6
Ho171 ; 2.59E-11 ; 1.6576E-11 ; 7.3E-10 ; 4.672E-10 ; 1.4164E-5 ; 9.06495E-6
Ho172 ; 5.76E-12 ; 3.6864E-12 ; 2.74E-9 ; 1.7536E-9 ; 8.9125E-6 ; 5.704E-6
Er161 ; 0.0 ; 0.0 ; 0.0 ; 0.0 ; 0.0 ; 0.0
Er162 ; 0.0 ; 0.0 ; 0.0 ; 0.0 ; 1.81051E-14 ; 1.15873E-14
Er163 ; 0.0 ; 0.0 ; 0.0 ; 0.0 ; 7.21203E-13 ; 4.6157E-13
Er164 ; 0.0 ; 0.0 ; 0.0 ; 0.0 ; 2.09059E-11 ; 1.33798E-11
Er165 ; 0.0 ; 0.0 ; 2.21E-14 ; 1.4144E-14 ; 3.84108E-10 ; 2.45829E-10
Er166 ; 0.0 ; 0.0 ; 3.74E-13 ; 2.3936E-13 ; 5.05142E-9 ; 3.23291E-9
Er167 ; 2.89E-14 ; 1.8496E-14 ; 8.57E-13 ; 5.4848E-13 ; 3.9011E-8 ; 2.4967E-8
Er167m ; 0.0 ; 0.0 ; 1.17E-13 ; 7.488E-14 ; 2.93082E-9 ; 1.87573E-9
Er168 ; 1.61E-13 ; 1.0304E-13 ; 3.08E-12 ; 1.9712E-12 ; 2.54071E-7 ; 1.62606E-7
Er169 ; 7.19E-13 ; 4.6016E-13 ; 8.11E-12 ; 5.1904E-12 ; 1.03029E-6 ; 6.59385E-7
Er170 ; 8.77E-13 ; 5.6128E-13 ; 1.37E-10 ; 8.768E-11 ; 2.90082E-6 ; 1.85652E-6
Er171 ; 2.09E-12 ; 1.3376E-12 ; 1.47E-10 ; 9.408E-11 ; 5.62158E-6 ; 3.59781E-6
Er172 ; 1.67E-12 ; 1.0688E-12 ; 1.4E-9 ; 8.96E-10 ; 8.28233E-6 ; 5.30069E-6
Tm165 ; 0.0 ; 0.0 ; 0.0 ; 0.0 ; 3.66103E-14 ; 2.34306E-14
Tm166 ; 0.0 ; 0.0 ; 0.0 ; 0.0 ; 1.35038E-12 ; 8.64243E-13
Tm167 ; 0.0 ; 0.0 ; 0.0 ; 0.0 ; 3.11087E-11 ; 1.99096E-11
Tm168 ; 0.0 ; 0.0 ; 0.0 ; 0.0 ; 5.19146E-10 ; 3.32253E-10
Tm169 ; 0.0 ; 0.0 ; 1.34E-14 ; 8.576E-15 ; 5.6916E-9 ; 3.64262E-9
Tm170 ; 0.0 ; 0.0 ; 6.78E-13 ; 4.3392E-13 ; 4.2612E-8 ; 2.72717E-8
Tm171 ; 1.09E-14 ; 6.976E-15 ; 2.12E-12 ; 1.3568E-12 ; 2.1306E-7 ; 1.36358E-7
Tm172 ; 2.22E-14 ; 1.4208E-14 ; 5.7E-11 ; 3.648E-11 ; 7.86221E-7 ; 5.03181E-7
Yb166 ; 0.0 ; 0.0 ; 0.0 ; 0.0 ; 0.0 ; 0.0
Yb167 ; 0.0 ; 0.0 ; 0.0 ; 0.0 ; 0.0 ; 0.0
Yb168 ; 0.0 ; 0.0 ; 0.0 ; 0.0 ; 7.22203E-14 ; 4.6221E-14
Yb169 ; 0.0 ; 0.0 ; 0.0 ; 0.0 ; 2.06058E-12 ; 1.31877E-12
Yb169m ; 0.0 ; 0.0 ; 0.0 ; 0.0 ; 1.55044E-13 ; 9.92279E-14
Yb170 ; 0.0 ; 0.0 ; 0.0 ; 0.0 ; 4.59129E-11 ; 2.93843E-11
Yb171 ; 0.0 ; 0.0 ; 0.0 ; 0.0 ; 6.29177E-10 ; 4.02673E-10
Yb172 ; 0.0 ; 0.0 ; 1.41E-13 ; 9.024E-14 ; 6.24175E-9 ; 3.99472E-9
Lu169 ; 0.0 ; 0.0 ; 0.0 ; 0.0 ; 0.0 ; 0.0
Lu169m ; 0.0 ; 0.0 ; 0.0 ; 0.0 ; 0.0 ; 0.0
Lu171 ; 0.0 ; 0.0 ; 0.0 ; 0.0 ; 6.4118E-14 ; 4.10355E-14
Lu171m ; 0.0 ; 0.0 ; 0.0 ; 0.0 ; 6.4118E-14 ; 4.10355E-14
Lu172 ; 0.0 ; 0.0 ; 0.0 ; 0.0 ; 1.7705E-12 ; 1.13312E-12
Lu172m ; 0.0 ; 0.0 ; 0.0 ; 0.0 ; 1.7705E-12 ; 1.13312E-12
Hf171 ; 0.0 ; 0.0 ; 0.0 ; 0.0 ; 0.0 ; 0.0
Hf172 ; 0.0 ; 0.0 ; 0.0 ; 0.0 ; 0.0 ; 0.0
