Product , Fast (500 keV) 
Product ,  
Product , Yield 
V66 ,1.40767E-18
V67 ,4.98952E-19
Cr66 ,5.54986E-14
Cr67 ,1.62995E-14
Cr68 ,0
Cr69 ,3.34744E-17
Cr70 ,0
Mn66 ,1.89E-11
Mn67 ,2.06E-11
Mn68 ,3.4E-12
Mn69 ,7.37967E-13
Mn70 ,7.47E-14
Mn71 ,0
Mn72 ,1.36201E-16
Mn73 ,1.40808E-17
Fe66 ,7.47E-10
Fe67 ,0.00000000201
Fe68 ,0.00000000121
Fe69 ,7.18E-10
Fe70 ,2.8E-10
Fe71 ,5.65E-11
Fe72 ,5.36986E-12
Fe73 ,4.59986E-13
Fe74 ,2.34E-14
Fe75 ,9.75202E-16
Fe76 ,0
Co66 ,9.14E-10
Co67 ,0.00000000748
Co68 ,0.0000000106
Co69 ,0.0000000215
Co70 ,0.0000000217
Co71 ,0.0000000157
Co72 ,0.0000000041
Co73 ,0.00000000136
Co74 ,1.9E-10
Co75 ,2.1499E-11
Co76 ,1.04E-12
Co77 ,2.43966E-14
Co78 ,1.56746E-15
Ni66 ,1.95E-10
Ni67 ,0.00000000356
Ni68 ,0.0000000156
Ni69 ,0.0000000698
Ni70 ,0.000000223
Ni71 ,0.000000376
Ni72 ,0.000000341
Ni73 ,0.000000296
Ni74 ,0.00000015
Ni75 ,0.0000000469
Ni76 ,0.00000000886
Ni77 ,7.96976E-10
Ni78 ,6.17984E-11
Ni79 ,7.1666E-13
Ni80 ,6E-14
Ni81 ,2.5446E-15
Ni82 ,0
Cu66 ,1.1E-12
Cu67 ,6.96E-11
Cu68 ,2.03E-10
Cu68m ,5.49E-10
Cu69 ,0.000000011
Cu70 ,0.0000000174
Cu70m ,0.0000000618
Cu71 ,0.0000004
Cu72 ,0.00000081
Cu73 ,0.00000226
Cu74 ,0.00000271
Cu75 ,0.00000299
Cu76 ,0.00000149
Cu77 ,0.000000509
Cu78 ,0.000000106
Cu79 ,0.0000000157993
Cu80 ,0.00000000115
Cu81 ,5.60975E-11
Cu82 ,1.72E-12
Cu83 ,5.35684E-14
Zn66 ,0
Zn67 ,1.09E-13
Zn68 ,4.48E-12
Zn69 ,2.95E-11
Zn69m ,1.44E-10
Zn70 ,0.00000000441
Zn71 ,0.00000000894
Zn71m ,0.0000000437
Zn72 ,0.000000342
Zn73 ,0.00000213
Zn74 ,0.00000765
Zn75 ,0.00001904
Zn76 ,0.00003108
Zn77 ,0.00002616
Zn78 ,0.00001904
Zn79 ,0.00000756
Zn80 ,0.00000211
Zn81 ,0.000000287
Zn82 ,0.0000000336
Zn83 ,0.00000000174995
Zn84 ,6.79E-11
Zn85 ,8.84486E-13
Zn86 ,0
Ga66 ,0
Ga67 ,0
Ga68 ,0
Ga69 ,7.98E-14
Ga70 ,5.6E-12
Ga71 ,2.43E-10
Ga72 ,0.000000002065
Ga72m ,0.000000002065
Ga73 ,0.0000000896
Ga74 ,0.000000373
Ga74m ,0.000000373
Ga75 ,0.00000588
Ga76 ,0.00002129
Ga77 ,0.00005523
Ga78 ,0.00008948
Ga79 ,0.00011802
Ga80 ,0.0000827
Ga81 ,0.00004089
Ga82 ,0.00001255
Ga83 ,0.00000251
Ga84 ,0.000000283
Ga85 ,0.0000000194991
Ga86 ,5.2E-10
Ga87 ,5.54051E-12
Ga88 ,1.96566E-13
Ge66 ,0
Ge67 ,0
Ge68 ,0
Ge69 ,0
Ge70 ,0
Ge71 ,4.12E-14
Ge71m ,4.12E-14
Ge72 ,5.44E-12
Ge73 ,2.69E-10
Ge73m ,5.5E-11
Ge74 ,0.0000000097
Ge75 ,0.0000000237
Ge75m ,0.000000174
Ge76 ,0.00000244
Ge77 ,0.00001309
Ge77m ,0.00000179
Ge78 ,0.00007346
Ge79 ,0.00010703
Ge79m ,0.00010703
Ge80 ,0.0004657
Ge81 ,0.00053421
Ge82 ,0.00053949
Ge83 ,0.00027531
Ge84 ,0.00011775
Ge85 ,0.00002361
Ge86 ,0.00000267
Ge87 ,0.000000180994
Ge88 ,0.0000000077498
Ge89 ,4.11853E-11
Ge90 ,2.13175E-12
Ge91 ,2.24815E-13
As69 ,0
As71 ,0
As72 ,0
As73 ,3.17E-14
As74 ,7.01E-13
As74m ,1.9E-12
As75 ,2.04E-10
As76 ,0.00000000687
As77 ,0.000000153
As78 ,0.00000187
As79 ,0.00001833
As80 ,0.00009208
As81 ,0.00032703
As82 ,0.00035594
As82m ,0.00035594
As83 ,0.00113819
As84 ,0.000590235
As84m ,0.000590235
As85 ,0.00086487
As86 ,0.00027853
As87 ,0.00007732
As88 ,0.00001006
As89 ,0.000000907959
As90 ,0.0000000389398
As91 ,0.00000000495621
As92 ,1.31129E-11
As93 ,9.78884E-13
Se72 ,0
Se73 ,0
Se73m ,0
Se74 ,0
Se75 ,1.46E-14
Se76 ,1.94E-12
Se77 ,1.46E-11
Se77m ,1.07E-10
Se78 ,0.00000000551
Se79 ,0.000000128
Se79m ,0.0000000175
Se80 ,0.00000265
Se81 ,0.00000282
Se81m ,0.0000207
Se82 ,0.00016477
Se83 ,0.00049831
Se83m ,0.00010206
Se84 ,0.00172145
Se85 ,0.00168087
Se85m ,0.00166912
Se86 ,0.00367779
Se87 ,0.00274055
Se88 ,0.00137812
Se89 ,0.00036216
Se90 ,0.0000650011
Se91 ,0.00000685504
Se92 ,0.000000516987
Se93 ,0.0000000319777
Se94 ,4.5E-10
Se95 ,5.15961E-12
Se96 ,6.05E-14
Br75 ,0
Br77 ,0
Br77m ,0
Br78 ,3.13E-13
Br79 ,6.82E-12
Br79m ,2.57E-11
Br80 ,3.63E-10
Br80m ,0.00000000129
Br81 ,0.0000000558
Br82 ,0.000000738
Br82m ,0.000000273
Br83 ,0.00001317
Br84 ,0.00003481
Br84m ,0.00007398
Br85 ,0.00063683
Br86 ,0.00085796
Br86m ,0.00085796
Br87 ,0.00414789
Br88 ,0.00509567
Br89 ,0.00478215
Br90 ,0.00226942
Br91 ,0.00092073
Br92 ,0.00019937
Br93 ,0.000029848
Br94 ,0.00000213
Br95 ,0.000000113747
Br96 ,0.00000000347
Br97 ,3.67326E-11
Br98 ,1.49644E-12
Kr77 ,0
Kr78 ,0
Kr79 ,0
Kr79m ,0
Kr80 ,9.8E-14
Kr81 ,8.3E-12
Kr81m ,1.13E-12
Kr82 ,6.49E-10
Kr83 ,0.0000000195
Kr83m ,0.00000000399
Kr84 ,0.000000754
Kr85 ,0.00001022
Kr85m ,0.00000209
Kr86 ,0.00012653
Kr87 ,0.00084373
Kr88 ,0.00301471
Kr89 ,0.00729576
Kr90 ,0.0114778
Kr91 ,0.0113681
Kr92 ,0.00881183
Kr93 ,0.0035782
Kr94 ,0.00100077
Kr95 ,0.000157326
Kr96 ,0.00001843
Kr97 ,0.00000119996
Kr98 ,0.0000000589985
Kr99 ,7.0668E-11
Kr100 ,2.54E-11
Kr101 ,1.42754E-12
Rb79 ,0
Rb81 ,0
Rb83 ,1.1E-12
Rb84 ,1.04E-10
Rb85 ,0.00000000705
Rb86 ,0.000000109
Rb86m ,0.000000109
Rb87 ,0.00000593
Rb88 ,0.00006568
Rb89 ,0.00054318
Rb90 ,0.0003494
Rb90m ,0.00170479
Rb91 ,0.00661912
Rb92 ,0.0118863
Rb93 ,0.0160167
Rb94 ,0.0112135
Rb95 ,0.00629109
Rb96 ,0.00197713
Rb97 ,0.00048367
Rb98 ,0.0000655
Rb99 ,0.00000155793
Rb100 ,0.000000322
Rb101 ,0.0000000314712
Rb102 ,8.09092E-11
Rb103 ,3.74092E-12
Rb104 ,  
Sr83 ,0
Sr84 ,0
Sr85 ,1.375E-13
Sr85m ,1.375E-13
Sr86 ,3.71E-11
Sr87 ,0.00000000238
Sr87m ,4.87E-10
Sr88 ,0.000000147
Sr89 ,0.0000036
Sr90 ,0.00005266
Sr91 ,0.00045126
Sr92 ,0.00277418
Sr93 ,0.00903338
Sr94 ,0.0202744
Sr95 ,0.0263412
Sr96 ,0.0272617
Sr97 ,0.0161959
Sr98 ,0.00774532
Sr99 ,0.0021548
Sr100 ,0.00039285
Sr101 ,0.0000435285
Sr102 ,0.00000318992
Sr103 ,0.000000122207
Sr104 ,0.00000000223
Sr105 ,1.22354E-11
Sr106 ,1.06063E-12
Y85 ,0
Y87 ,3.87E-14
Y88 ,6.25E-12
Y89 ,1.13E-10
Y89m ,5.52E-10
Y90 ,0.0000000145
Y90m ,0.0000000145
Y91 ,0.000000505
Y91m ,0.000000505
Y92 ,0.00001792
Y93 ,0.000108895
Y93m ,0.000108895
Y94 ,0.00126887
Y95 ,0.00530309
Y96 ,0.00115322
Y96m ,0.0116769
Y97 ,0.0119826
Y97m ,0.0119826
Y98 ,0.0125741
Y98m ,0.0125727
Y99 ,0.0228442
Y100 ,0.0105712
Y101 ,0.00433571
Y102 ,0.00090597
Y103 ,0.000114068
Y104 ,0.00000819
Y105 ,0.000000269738
Y106 ,0.0000000193741
Y107 ,1.67554E-11
Y108 ,6.41693E-13
Y109 ,  
Zr87 ,0
Zr88 ,0
Zr89 ,0
Zr90 ,7.55E-13
Zr90m ,7.55E-13
Zr91 ,1.6E-10
Zr92 ,0.0000000119
Zr93 ,0.000000426
Zr94 ,0.00000995
Zr95 ,0.00011421
Zr96 ,0.00097304
Zr97 ,0.00400767
Zr98 ,0.0143334
Zr99 ,0.0289906
Zr100 ,0.0426026
Zr101 ,0.0410204
Zr102 ,0.0301998
Zr103 ,0.0104901
Zr104 ,0.00301879
Zr105 ,0.00037308
Zr106 ,0.0000323406
Zr107 ,0.000000547356
Zr108 ,0.0000000252994
Zr109 ,5.08012E-11
Zr110 ,0
Zr111 ,0
Zr112 ,0
Zr113 ,0
Nb89 ,0
Nb90 ,0
Nb91 ,0
Nb92 ,1.45E-13
Nb93 ,1.76E-11
Nb93m ,3.61E-12
Nb94 ,9.82E-10
Nb94m ,5.77E-10
Nb95 ,0.0000000585
Nb95m ,0.000000012
Nb96 ,0.00000173
Nb97 ,0.00002443
Nb97m ,0.000005
Nb98 ,0.0001926
Nb98m ,0.00005432
Nb99 ,0.00013639
Nb99m ,0.00156889
Nb100 ,0.00300532
Nb100m ,0.00300532
Nb101 ,0.0185542
Nb102 ,0.0158678
Nb102m ,0.0158678
Nb103 ,0.0371139
Nb104 ,0.013567
Nb104m ,0.013567
Nb105 ,0.0125421
Nb106 ,0.00317327
Nb107 ,0.000510903
Nb108 ,0.00003387
Nb109 ,0.00000111995
Nb110 ,7.32E-14
Nb111 ,8.44958E-16
Nb112 ,1.81486E-17
Nb113 ,2.79148E-17
Nb114 ,1.49137E-12
Nb115 ,6.68522E-14
Nb116 ,  
Mo90 ,0
Mo91 ,0
Mo92 ,0
Mo93 ,0
Mo93m ,0
Mo94 ,2.25E-14
Mo95 ,3.03E-12
Mo96 ,3.04E-10
Mo97 ,0.0000000146
Mo98 ,0.000000472
Mo99 ,0.00000888
Mo100 ,0.00011833
Mo101 ,0.0009537
Mo102 ,0.0057777
Mo103 ,0.0170409
Mo104 ,0.0405925
Mo105 ,0.0451325
Mo106 ,0.0404518
Mo107 ,0.0176211
Mo108 ,0.00478074
Mo109 ,0.00051957
Mo110 ,0.000000744
Mo111 ,0.0000000206
Mo112 ,5.34E-10
Mo113 ,6.80559E-10
Mo114 ,0.0000000587985
Mo115 ,0.00000000218389
Mo116 ,6.72E-12
Mo117 ,5.73508E-14
Tc93 ,0
Tc95 ,0
Tc95m ,0
Tc97 ,9.25E-14
Tc97m ,9.25E-14
Tc98 ,1.71E-11
Tc99 ,0.00000000103
Tc99m ,2.1E-10
Tc100 ,0.0000000491
Tc101 ,0.00000157
Tc102 ,0.00001355
Tc102m ,0.00001355
Tc103 ,0.00030959
Tc104 ,0.00202419
Tc105 ,0.00790819
Tc106 ,0.0175835
Tc107 ,0.0260499
Tc108 ,0.0181724
Tc109 ,0.00788751
Tc110 ,0.00150301
Tc111 ,0.00025391
Tc112 ,0.0000278
Tc113 ,0.00000469932
Tc114 ,0.00001618
Tc115 ,0.00000203845
Tc116 ,0.0000000385
Tc117 ,0.00000000126434
Tc118 ,2.68852E-12
Tc119 ,8.96889E-14
Tc120 ,1.24281E-15
Ru95 ,0
Ru96 ,0
Ru97 ,0
Ru98 ,0
Ru99 ,1.17E-14
Ru100 ,1.92E-12
Ru101 ,1.81E-10
Ru102 ,0.0000000131
Ru103 ,0.000000458
Ru104 ,0.00001243
Ru105 ,0.00014009
Ru106 ,0.00123032
Ru107 ,0.00485115
Ru108 ,0.012177
Ru109 ,0.00697422
Ru109m ,0.00697422
Ru110 ,0.0121651
Ru111 ,0.00558669
Ru112 ,0.00250604
Ru113 ,0.0012342
Ru114 ,0.00052451
Ru115 ,0.000137039
Ru116 ,0.00002171
Ru117 ,0.00000174874
Ru118 ,0.000000105997
Ru119 ,0.00000000292991
Ru120 ,4.89988E-11
Ru121 ,2.51738E-13
Ru122 ,0
Ru124 ,0
Rh99 ,0
Rh101 ,0
Rh101m ,0
Rh102 ,5.8E-14
Rh102m ,5.8E-14
Rh103 ,2.29E-12
Rh103m ,1.68E-11
Rh104 ,3.32E-10
Rh104m ,0.00000000118
Rh105 ,0.0000000642
Rh105m ,0.00000000876
Rh106 ,0.000000916
Rh106m ,0.000000916
Rh107 ,0.00003306
Rh108 ,0.00012345
Rh108m ,0.00012345
Rh109 ,0.00058146
Rh109m ,0.00058146
Rh110 ,0.00016806
Rh110m ,0.00016806
Rh111 ,0.00060506
Rh112 ,0.00064306
Rh113 ,0.00088927
Rh114 ,0.00053748
Rh115 ,0.00060689
Rh116 ,0.00028761
Rh117 ,0.00010196
Rh118 ,0.00001969
Rh119 ,0.00000255
Rh120 ,0.000000149
Rh121 ,0.00000000554975
Rh122 ,8.39E-11
Rh123 ,8.51E-13
Rh124 ,0
Pd99 ,0
Pd101 ,0
Pd102 ,0
Pd103 ,0
Pd104 ,1.69E-14
Pd105 ,2.58E-12
Pd106 ,2.92E-10
Pd107 ,0.00000000524
Pd107m ,0.0000000117
Pd108 ,0.000000569
Pd109 ,0.00000278
Pd109m ,0.00000619
Pd110 ,0.0000000206
Pd111 ,0.0000000512
Pd111m ,0.000000114
Pd112 ,0.000000956
Pd113 ,0.00000423
Pd114 ,0.00009526
Pd115 ,0.00033639
Pd116 ,0.00061481
Pd117 ,0.0005998
Pd118 ,0.00044445
Pd119 ,0.0001749
Pd120 ,0.00004575
Pd121 ,0.00000574
Pd122 ,0.000000431
Pd123 ,0.000000016
Pd124 ,3.8E-10
Pd125 ,0
Pd126 ,0
Pd127 ,0
Pd128 ,0
Pd129 ,0
Pd130 ,0
Ag103 ,0
Ag105 ,0
Ag105m ,0
Ag106 ,0
Ag106m ,0
Ag107 ,2.65E-14
Ag107m ,1.94E-13
Ag108 ,1.25E-11
Ag108m ,1.25E-11
Ag109 ,9.7E-10
Ag109m ,9.7E-10
Ag110 ,0
Ag110m ,0
Ag111 ,0
Ag111m ,1.06E-14
Ag112 ,3.12E-13
Ag113 ,8.67E-13
Ag113m ,6.36E-12
Ag114 ,0.000000434
Ag115 ,0.00000391
Ag115m ,0.00000391
Ag116 ,0.00002234
Ag116m ,0.00002234
Ag117 ,0.00008583
Ag117m ,0.00008583
Ag118 ,0.00016415
Ag118m ,0.00016415
Ag119 ,0.00047737
Ag120 ,0.0001745
Ag120m ,0.0001745
Ag121 ,0.00018211
Ag122 ,0.000022455
Ag122m ,0.000022455
Ag123 ,0.00000797
Ag124 ,0.000000654
Ag125 ,1.38E-11
Ag126 ,1.1E-12
Ag127 ,7.86E-14
Ag128 ,0
Ag129 ,5.78345E-16
Ag130 ,0
Ag131 ,3.02126E-11
Ag132 ,1.02214E-12
Cd105 ,0
Cd106 ,0
Cd107 ,0
Cd108 ,0
Cd109 ,2.79E-14
Cd110 ,0
Cd111 ,0
Cd111m ,0
Cd112 ,0
Cd113 ,0
Cd113m ,0
Cd114 ,2.03E-10
Cd115 ,0.00000000311
Cd115m ,0.0000000117
Cd116 ,0.000000418
Cd117 ,0.00000111
Cd117m ,0.00000417
Cd118 ,0.00004092
Cd119 ,0.00008338
Cd119m ,0.00008338
Cd120 ,0.00045107
Cd121 ,0.00031136
Cd121m ,0.00031136
Cd122 ,0.00060411
Cd123 ,0.0003257
Cd124 ,0.00011709
Cd125 ,0.00000514
Cd126 ,0.00000169
Cd127 ,0.00000039
Cd128 ,0.000000102
Cd129 ,0.0000000141
Cd130 ,0.00000000148
Cd131 ,0.00000098697
Cd132 ,0.000000040299
Cd133 ,1.74176E-10
Cd134 ,4.9E-12
Cd135 ,4.16531E-13
Cd136 ,0
In107 ,0
In109 ,0
In111 ,0
In112 ,0
In112m ,0
In113 ,0
In113m ,0
In114 ,0
In114m ,0
In115 ,6.17E-13
In115m ,1.26E-13
In116 ,2.64E-11
In116m ,2.64E-11
In116n ,2.64E-11
In117 ,0.00000000413
In117m ,8.46E-10
In118 ,0.0000000983
In118m ,0.00000001385
In118n ,0.00000001385
In119 ,0.00000191
In119m ,0.000000392
In120 ,0.00000632667
In120m ,0.00000632667
In120n ,0.00000632667
In121 ,0.00008594
In121m ,0.0000176
In122 ,0.00009222
In122m ,0.00009222
In122n ,0.00009222
In123 ,0.00046536
In123m ,0.00009531
In124 ,0.000275065
In124m ,0.000275065
In125 ,0.00036391
In125m ,0.00036391
In126 ,0.00030305
In126m ,0.00030305
In127 ,0.00027799
In127m ,0.00027799
In128 ,0.00021716
In128m ,0.00021716
In129 ,0.00014766
In129m ,0.00014766
In130 ,0.0000377133
In130m ,0.0000377133
In130n ,0.0000377133
In131 ,0.00019228
In131m ,0.00019228
In132 ,0.00005072
In133 ,0.00000383983
In134 ,0.000000104
In135 ,0.00000000918272
In136 ,2.03E-11
In137 ,4.25486E-13
Sn111 ,0
Sn112 ,0
Sn113 ,0
Sn113m ,0
Sn114 ,0
Sn115 ,0
Sn116 ,0
Sn117 ,1.615E-13
Sn117m ,1.615E-13
Sn118 ,3.91E-11
Sn119 ,5.24E-10
Sn119m ,0.00000000197
Sn120 ,0.0000000971
Sn121 ,0.00000045
Sn121m ,0.00000128
Sn122 ,0.0000204
Sn123 ,0.00009057
Sn123m ,0.00003182
Sn124 ,0.00045161
Sn125 ,0.00057439
Sn125m ,0.00020181
Sn126 ,0.00161675
Sn127 ,0.00200402
Sn127m ,0.00070411
Sn128 ,0.0029322
Sn128m ,0.0029322
Sn129 ,0.00717753
Sn129m ,0.00252119
Sn130 ,0.00698891
Sn130m ,0.00698891
Sn131 ,0.00626
Sn131m ,0.00626
Sn132 ,0.00674809
Sn133 ,0.00162723
Sn134 ,0.00020811
Sn135 ,0.0000127008
Sn136 ,0.00000058
Sn137 ,0.0000000138996
Sn138 ,2.78E-10
Sn139 ,4.10492E-12
Sn140 ,4.40509E-13
Sb113 ,0
Sb115 ,0
Sb117 ,0
Sb118 ,0
Sb118m ,0
Sb119 ,7.05E-14
Sb120 ,3.61E-12
Sb120m ,6.15E-12
Sb121 ,8.47E-10
Sb122 ,0.0000000151
Sb122m ,0.0000000201
Sb123 ,0.000000997
Sb124 ,0.00000383333
Sb124m ,0.00000383333
Sb124n ,0.00000383333
Sb125 ,0.00000199
Sb126 ,0.00000552
Sb126m ,0.00000381
Sb126n ,0.00000381
Sb127 ,0.00005835
Sb128 ,0.00011968
Sb128m ,0.00016527
Sb129 ,0.00167989
Sb130 ,0.00190003
Sb130m ,0.00262377
Sb131 ,0.0175962
Sb132 ,0.0128975
Sb132m ,0.0114374
Sb133 ,0.0227138
Sb134 ,0.00445328
Sb134m ,0.00445328
Sb135 ,0.0023079
Sb136 ,0.00031423
Sb137 ,0.00003189
Sb138 ,0.00000181
Sb139 ,0.0000000904959
Sb140 ,0.00000000804661
Sb141 ,1.18239E-11
Sb142 ,5.25022E-13
Te115 ,0
Te117 ,0
Te118 ,0
Te119 ,0
Te120 ,0
Te121 ,1.405E-14
Te121m ,1.405E-14
Te122 ,5.99E-12
Te123 ,1.29E-10
Te123m ,4.86E-10
Te124 ,0.0000000339
Te125 ,9.88E-13
Te125m ,3.72E-12
Te126 ,1.27E-10
Te127 ,4.63E-10
Te127m ,0.00000000132
Te128 ,0.0000000373
Te129 ,0.000000178
Te129m ,0.000000506
Te130 ,0.0000096
Te131 ,0.00080782
Te131m ,0.00229918
Te132 ,0.0156597
Te133 ,0.00968809
Te133m ,0.027574
Te134 ,0.0540198
Te135 ,0.037461
Te136 ,0.0190234
Te137 ,0.00545834
Te138 ,0.00115439
Te139 ,0.00015897
Te140 ,0.000013432
Te141 ,0.000000386258
Te142 ,0.0000000206995
Te143 ,3.24543E-11
Te144 ,3.53358E-12
Te145 ,2.11706E-13
I121 ,0
I123 ,0
I125 ,0
I126 ,0
I127 ,0
I128 ,0
I129 ,8.69E-14
I130 ,3.38E-12
I130m ,1.25E-12
I131 ,0.00001995
I132 ,0.000153605
I132m ,0.000153605
I133 ,0.00146601
I133m ,0.00146601
I134 ,0.0061288
I134m ,0.00544234
I135 ,0.028496
I136 ,0.0170381
I136m ,0.0169681
I137 ,0.0335899
I138 ,0.0170986
I139 ,0.00825673
I140 ,0.00183527
I141 ,0.000360534
I142 ,0.00003237
I143 ,0.000000715479
I144 ,0.0000000645465
I145 ,0.00000000466722
I146 ,7.55829E-12
I147 ,9.49793E-13
Xe124 ,0
Xe125 ,0
Xe125m ,0
Xe126 ,0
Xe127 ,0
Xe127m ,0
Xe128 ,0
Xe129 ,0
Xe129m ,0
Xe130 ,0
Xe131 ,0.00000000249
Xe131m ,0.00000000708
Xe132 ,0.000000665
Xe133 ,0.00000525
Xe133m ,0.00001493
Xe134 ,0.00009816
Xe134m ,0.0002654
Xe135 ,0.00065482
Xe135m ,0.0018606
Xe136 ,0.0108174
Xe137 ,0.0257304
Xe138 ,0.0401351
Xe139 ,0.0437141
Xe140 ,0.0314767
Xe141 ,0.0156098
Xe142 ,0.00529957
Xe143 ,0.000494797
Xe143m ,0.000494797
Xe144 ,0.000107745
Xe145 ,0.00000645533
Xe146 ,0.000000297992
Xe147 ,0.0000000310274
Xe148 ,8.77E-11
Xe149 ,1.06443E-12
Xe150 ,0
Cs127 ,0
Cs129 ,0
Cs131 ,1.17E-13
Cs132 ,2.74E-11
Cs133 ,0.00000000401
Cs134 ,0.0000001245
Cs134m ,0.0000001245
Cs135 ,0.00000375
Cs135m ,0.00000375
Cs136 ,0.000075885
Cs136m ,0.000075885
Cs137 ,0.0008702
Cs138 ,0.00163198
Cs138m ,0.00163612
Cs139 ,0.0112995
Cs140 ,0.018086
Cs141 ,0.0282713
Cs142 ,0.0229845
Cs143 ,0.0154577
Cs144 ,0.00475126
Cs145 ,0.0011379
Cs146 ,0.00015177
Cs147 ,0.000028961
Cs148 ,0.000000571
Cs149 ,0.0000000234662
Cs150 ,3.38E-10
Cs151 ,1.73663E-12
Cs152 ,6.23939E-14
Ba129 ,0
Ba131 ,0
Ba132 ,0
Ba133 ,5.24E-14
Ba134 ,1.62E-11
Ba135 ,8.5E-10
Ba135m ,8.5E-10
Ba136 ,0.0000000442
Ba136m ,0.0000000442
Ba137 ,0.000000644
Ba137m ,0.00000183
Ba138 ,0.00003454
Ba139 ,0.00030997
Ba140 ,0.00171333
Ba141 ,0.00650527
Ba142 ,0.0173759
Ba143 ,0.0279831
Ba144 ,0.029729
Ba145 ,0.0179796
Ba146 ,0.0086759
Ba147 ,0.00194697
Ba148 ,0.00036401
Ba149 ,0.0000324565
Ba150 ,0.00000254
Ba151 ,0.0000000567315
Ba152 ,0.00000000245994
Ba153 ,9.43451E-12
Ba154 ,2.48E-13
Ba155 ,2.60864E-14
La133 ,0
La135 ,0
La137 ,1.88E-10
La138 ,0.00000000742
La139 ,0.000000258
La140 ,0.00000389
La141 ,0.00005622
La142 ,0.00040888
La143 ,0.00239825
La144 ,0.00691385
La145 ,0.0131287
La146 ,0.00738266
La146m ,0.00738266
La147 ,0.0115411
La148 ,0.00539281
La149 ,0.00178872
La150 ,0.00038021
La151 ,0.0000529533
La152 ,0.00000423
La153 ,0.000000207991
La154 ,0.00000000526
La155 ,5.75094E-10
La156 ,9.08009E-13
La157 ,2.46415E-14
La158 ,  
Ce135 ,0
Ce137 ,0
Ce138 ,1.48E-13
Ce139 ,3.84E-12
Ce139m ,1.09E-11
Ce140 ,8.81E-10
Ce141 ,0.0000000369
Ce142 ,0.0000011
Ce143 ,0.00001908
Ce144 ,0.00021022
Ce145 ,0.0011462
Ce146 ,0.0044481
Ce147 ,0.00845588
Ce148 ,0.0127423
Ce149 ,0.00998751
Ce150 ,0.00708289
Ce151 ,0.00257123
Ce152 ,0.0007577
Ce153 ,0.00010615
Ce154 ,0.00001054
Ce155 ,0.000000795425
Ce156 ,0.0000000357991
Ce157 ,8.04975E-10
Ce158 ,1.48E-11
Ce159 ,9.93345E-14
Ce160 ,0
Pr139 ,0
Pr140 ,0
Pr141 ,6.24E-13
Pr142 ,2.835E-11
Pr142m ,2.835E-11
Pr143 ,0.00000000426
Pr144 ,0.0000000137
Pr144m ,0.000000138
Pr145 ,0.00000336
Pr146 ,0.00003669
Pr147 ,0.00026832
Pr148 ,0.00051584
Pr148m ,0.00051584
Pr149 ,0.00271571
Pr150 ,0.00438745
Pr151 ,0.00515733
Pr152 ,0.00356007
Pr153 ,0.00175233
Pr154 ,0.00045123
Pr155 ,0.00012807
Pr156 ,0.0000161
Pr157 ,0.0000014
Pr158 ,0.0000000699
Pr159 ,0.0000000021899
Pr160 ,3.87E-11
Pr161 ,2.2713E-13
Pr162 ,4.84441E-15
Pr163 ,6.21394E-17
Nd140 ,0
Nd141 ,0
Nd142 ,0
Nd143 ,6.33E-14
Nd144 ,1.03E-11
Nd145 ,7.1E-10
Nd146 ,0.0000000322
Nd147 ,0.000000714
Nd148 ,0.00001089
Nd149 ,0.0000789
Nd150 ,0.00045139
Nd151 ,0.00131826
Nd152 ,0.00292249
Nd153 ,0.00334263
Nd154 ,0.00274647
Nd155 ,0.00186514
Nd156 ,0.00082063
Nd157 ,0.00018275
Nd158 ,0.00003284
Nd159 ,0.00000282
Nd160 ,0.000000193
Nd161 ,0.00000000741977
Nd162 ,1.90995E-10
Nd163 ,2.02994E-12
Nd164 ,2.23E-14
Nd165 ,2.13184E-16
Nd166 ,  
Pm141 ,0
Pm143 ,0
Pm144 ,0
Pm145 ,0
Pm146 ,5.25E-13
Pm147 ,5.09E-11
Pm148 ,6.32E-10
Pm148m ,0.00000000171
Pm149 ,0.0000000698
Pm150 ,0.00000112
Pm151 ,0.00001282
Pm152 ,0.0000247867
Pm152m ,0.0000247867
Pm152n ,0.0000247867
Pm153 ,0.00030211
Pm154 ,0.00029332
Pm154m ,0.00029332
Pm155 ,0.00126271
Pm156 ,0.00126119
Pm157 ,0.00088621
Pm158 ,0.00036804
Pm159 ,0.00010944
Pm160 ,0.00001948
Pm161 ,0.0000028
Pm162 ,0.000000193
Pm163 ,0.00000000799
Pm164 ,2.49E-10
Pm165 ,4.69979E-12
Pm166 ,1.31636E-14
Pm167 ,3.67326E-16
Pm168 ,3.98205E-18
Pm169 ,  
Sm143 ,0
Sm143m ,0
Sm144 ,0
Sm145 ,0
Sm146 ,0
Sm147 ,0
Sm148 ,4.66E-14
Sm149 ,4.26E-12
Sm150 ,2.8E-10
Sm151 ,0.00000000955
Sm152 ,0.000000219
Sm153 ,0.00000255
Sm154 ,0.00001842
Sm155 ,0.00010147
Sm156 ,0.00034205
Sm157 ,0.0005438
Sm158 ,0.00067642
Sm159 ,0.00044787
Sm160 ,0.00025513
Sm161 ,0.0000887
Sm162 ,0.00002092
Sm163 ,0.00000228
Sm164 ,0.000000268
Sm165 ,0.0000000141
Sm166 ,5.18987E-10
Sm167 ,1.19996E-11
Sm168 ,1.56996E-13
Sm169 ,5.44299E-16
Sm170 ,0
Sm171 ,3.20181E-19
Eu147 ,0
Eu149 ,0
Eu151 ,1.83E-13
Eu152 ,4.14667E-12
Eu152m ,4.14667E-12
Eu152n ,4.14667E-12
Eu153 ,6.06E-10
Eu154 ,0.0000000063
Eu154m ,0.0000000063
Eu155 ,0.000000272
Eu156 ,0.00000251
Eu157 ,0.00001415
Eu158 ,0.00004179
Eu159 ,0.00008936
Eu160 ,0.00011393
Eu161 ,0.00012154
Eu162 ,0.0000628
Eu163 ,0.00002225
Eu164 ,0.00000643
Eu165 ,0.00000121
Eu166 ,0.000000115
Eu167 ,0.0000000102
Eu168 ,3.71E-10
Eu169 ,1.19995E-11
Eu170 ,1.35E-13
Eu171 ,7.05863E-15
Eu172 ,4.46395E-18
Gd147 ,0
Gd149 ,0
Gd151 ,0
Gd152 ,0
Gd153 ,0
Gd154 ,8.23E-13
Gd155 ,5.22E-11
Gd156 ,0.00000000194
Gd157 ,0.0000000303
Gd158 ,0.000000327
Gd159 ,0.00000183
Gd160 ,0.00000817
Gd161 ,0.0000209
Gd162 ,0.00003344
Gd163 ,0.00002631
Gd164 ,0.00002341
Gd165 ,0.00000999
Gd166 ,0.00000307
Gd167 ,0.000000676
Gd168 ,0.0000000897
Gd169 ,0.00000000783
Gd170 ,3.25E-10
Gd171 ,9.76294E-12
Gd172 ,1.75996E-13
Tb151 ,0
Tb153 ,0
Tb155 ,0
Tb156 ,2.53E-14
Tb156m ,0
Tb157 ,1.73E-12
Tb158 ,4.66E-11
Tb158m ,4.6E-12
Tb159 ,0.00000000112
Tb160 ,0.0000000137
Tb161 ,0.00000013
Tb162 ,0.000000262
Tb162m ,0.000000262
Tb163 ,0.00000142
Tb164 ,0.00000297
Tb165 ,0.00000398
Tb166 ,0.00000264
Tb167 ,0.0000018
Tb168 ,0.000000551
Tb169 ,0.000000162
Tb170 ,0.0000000166
Tb171 ,0.00000000183
Tb172 ,8.95E-11
Dy155 ,0
Dy156 ,0
Dy157 ,0
Dy158 ,0
Dy159 ,4.64E-14
Dy160 ,2.25E-12
Dy161 ,6.06E-11
Dy162 ,9.13E-10
Dy163 ,0.00000000674
Dy164 ,0.000000052
Dy165 ,0.000000156
Dy165m ,0.0000000213
Dy166 ,0.000000387
Dy167 ,0.000000612
Dy168 ,0.000000582
Dy169 ,0.000000378
Dy170 ,0.000000118
Dy171 ,0.0000000305
Dy172 ,0.00000000512
Ho159 ,0
Ho159m ,0
Ho161 ,0
Ho161m ,0
Ho162 ,0
Ho162m ,2.2E-14
Ho163 ,7.73E-13
Ho163m ,1.05E-13
Ho164 ,5.15E-12
Ho164m ,1.39E-11
Ho165 ,2.5E-10
Ho166 ,3.86E-10
Ho166m ,0.00000000104
Ho167 ,0.00000000822
Ho168 ,0.0000000196
Ho169 ,0.0000000423
Ho170 ,0.0000000147
Ho170m ,0.0000000147
Ho171 ,0.0000000234
Ho172 ,0.00000000871
Er161 ,0
Er162 ,0
Er163 ,0
Er164 ,0
Er165 ,2.46E-14
Er166 ,5.36E-13
Er167 ,7.6E-12
Er167m ,1.04E-12
Er168 ,7.86E-11
Er169 ,4.53E-10
Er170 ,0.0000000011
Er171 ,0.00000000216
Er172 ,0.00000000262
Tm165 ,0
Tm166 ,0
Tm167 ,0
Tm168 ,0
Tm169 ,1.39E-13
Tm170 ,9.06E-13
Tm171 ,6.74E-12
Tm172 ,2.16E-11
Yb166 ,0
Yb167 ,0
Yb168 ,0
Yb169 ,0
Yb169m ,0
Yb170 ,0
Yb171 ,0
Yb172 ,1.9E-14
Lu169 ,0
Lu169m ,0
Lu171 ,0
Lu171m ,0
Lu172 ,0
Lu172m ,0
Hf171 ,0
Hf172 ,0
